"Key","Item Type","Publication Year","Author","Title","Publication Title","ISBN","ISSN","DOI","Url","Abstract Note","Date","Date Added","Date Modified","Access Date","Pages","Num Pages","Issue","Volume","Number Of Volumes","Journal Abbreviation","Short Title","Series","Series Number","Series Text","Series Title","Publisher","Place","Language","Rights","Type","Archive","Archive Location","Library Catalog","Call Number","Extra","Notes","File Attachments","Link Attachments","Manual Tags","Automatic Tags","Editor","Series Editor","Translator","Contributor","Attorney Agent","Book Author","Cast Member","Commenter","Composer","Cosponsor","Counsel","Interviewer","Producer","Recipient","Reviewed Author","Scriptwriter","Words By","Guest","Number","Edition","Running Time","Scale","Medium","Artwork Size","Filing Date","Application Number","Assignee","Issuing Authority","Country","Meeting Name","Conference Name","Court","References","Reporter","Legal Status","Priority Numbers","Programming Language","Version","System","Code","Code Number","Section","Session","Committee","History","Legislative Body"
"P7HSQNBM","journalArticle","2019","Osborn, Blake J.; Williams, David G.","Lodgepole pine tree-ring growth, Δ13C and the inverse texture effect across a soil chronosequence in glacial till","Plant and Soil","","0032-079X, 1573-5036","10.1007/s11104-019-04243-2","http://link.springer.com/10.1007/s11104-019-04243-2","","2019-10","2024-10-06 17:56:13","2024-10-06 17:56:13","2024-10-06 17:55:13","387-399","","1-2","443","","Plant Soil","","","","","","","","en","","","","","DOI.org (Crossref)","","","","C:\Users\rache\Zotero\storage\UBIPFKF6\Osborn and Williams - 2019 - Lodgepole pine tree-ring growth, Δ13C and the inve.pdf","","","","","","","","","","","","","","","","","","","","","","","","","","","","","","","","","","","","","","","","","","","","","","","","",""
"IBVRC6F4","journalArticle","2023","Gao, Xiaotian; Li, Frank Yonghong","The inverse texture effect of soil on vegetation in temperate grasslands of China: Benchmarking soil texture effect","Geoderma","","","","https://www.sciencedirect.com/science/article/pii/S001670612300318X","","2023","2024-10-06 17:56:13","2024-10-06 17:56:13","2024-10-06 17:55:16","116641","","","438","","","The inverse texture effect of soil on vegetation in temperate grasslands of China","","","","","","","","","","","","Google Scholar","","Publisher: Elsevier","","C:\Users\rache\Zotero\storage\TAZ3YTRI\S001670612300318X.html","","","","","","","","","","","","","","","","","","","","","","","","","","","","","","","","","","","","","","","","","","","","","","","","",""
"SLKY8CBI","journalArticle","2019","Renne, Rachel R.; Bradford, John B.; Burke, Ingrid C.; Lauenroth, William K.","Soil texture and precipitation seasonality influence plant community structure in North American temperate shrub steppe","Ecology","","0012-9658, 1939-9170","10.1002/ecy.2824","https://esajournals.onlinelibrary.wiley.com/doi/10.1002/ecy.2824","Abstract                            In drylands, the coexistence of grasses and woody plants has been attributed to soil‐water resource partitioning. Soil texture and precipitation seasonality can influence the amount and distribution of water in the soil, and their interaction may play an important role in determining the relative importance of grasses and woody plants. We investigated the influence of this interaction on plant functional types across a broad range of precipitation regimes and soil textures in western North America by analyzing plant‐cover data collected at 2,084 plots that included the widespread shrub big sagebrush (               Artemisia tridentata               Nutt.). We characterized how the significance of the inverse‐texture effect varies across soil conditions by quantifying relationships between precipitation and foliar cover on finer‐ vs. coarser‐textured soils across a range of potential texture divisions represented by sand content. We found evidence of the inverse‐texture effect for every plant functional type (except for cheatgrass) that we examined with at least one component of precipitation (annual, warm, or cold season), and provide the first evidence for this effect in locations with cold‐season‐dominated precipitation regimes. The texture and precipitation combinations that exhibited the inverse‐texture effect varied with plant functional type, presumably because of effects of soil texture on water availability at different soil depths with season. Furthermore, we found an inverse‐texture effect that was remarkably similar for shrub cover with cold‐season precipitation and grass cover with warm‐season precipitation. These results provide new insight into how the inverse‐texture effect interacts with precipitation seasonality to influence plant functional type composition in drylands, and further suggest that quantifying the soil‐texture division at which the inverse‐texture effect is relevant under a given set of environmental conditions may provide support for the effect across dryland plant communities.","2019-11","2024-10-06 17:56:13","2024-10-06 17:56:13","2024-10-06 17:55:16","e02824","","11","100","","Ecology","","","","","","","","en","","","","","DOI.org (Crossref)","","","","","","","","","","","","","","","","","","","","","","","","","","","","","","","","","","","","","","","","","","","","","","","","","","","","",""
"3EFSHVW3","journalArticle","1997","Epstein, H. E.; Lauenroth, W. K.; Burke, I. C.","EFFECTS OF TEMPERATURE AND SOIL TEXTURE ON ANPP IN THE U.S. GREAT PLAINS","Ecology","","0012-9658","10.1890/0012-9658(1997)078[2628:EOTAST]2.0.CO;2","http://doi.wiley.com/10.1890/0012-9658(1997)078[2628:EOTAST]2.0.CO;2","","1997-12","2024-10-06 17:56:13","2024-10-06 17:56:13","2024-10-06 17:55:19","2628-2631","","8","78","","Ecology","","","","","","","","en","http://doi.wiley.com/10.1002/tdm_license_1.1","","","","DOI.org (Crossref)","","","","C:\Users\rache\Zotero\storage\IA5MHYHN\Epstein et al. - 1997 - EFFECTS OF TEMPERATURE AND SOIL TEXTURE ON ANPP IN.pdf","","","","","","","","","","","","","","","","","","","","","","","","","","","","","","","","","","","","","","","","","","","","","","","","",""
"QMRPBZKQ","journalArticle","1998","Lane, Diana R.; Coffin, Debra P.; Lauenroth, William K.","Effects of soil texture and precipitation on above‐ground net primary productivity and vegetation structure across the Central Grassland region of the United States","Journal of Vegetation Science","","1100-9233, 1654-1103","10.2307/3237123","https://onlinelibrary.wiley.com/doi/10.2307/3237123","Abstract.               A potentially important organizing principle in arid and semi‐arid systems is the inverse‐texture hypothesis which predicts that plant communities on coarse‐textured soils should have higher above‐ground net primary productivity (ANPP) than communities on fine‐textured soils; the reverse is predicted to occur in humid regions. Our objectives were: (1) to test predictions from the inverse‐texture hypothesis across a regional precipitation gradient, and (2) to evaluate changes in community composition and basal cover on coarse‐ and fine‐textured soils across this gradient to determine how these structural parameters may affect ANPP. Sites were located along a precipitation gradient through the Central Grassland region of the United States: mean annual precipitation ranges from 311 mm/y to 711 mm/y, whereas mean annual temperature ranges from 9 °C to 11 °C.                          For both coarse‐ and fine‐textured sites in 1993 and 1994, August ‐ July precipitation in the year of the study explained greater than 92% of the variability in ANPP. Soil texture did not explain a significant proportion of the variability in ANPP. However, soil texture did affect the proportion of ANPP contributed by different functional types. Forbs and shrubs made up a larger proportion of total ANPP on coarse‐ compared to fine‐textured sites. Shrubs contributed more to ANPP at the drier end of the gradient. Basal cover of live vegetation was not significantly related to precipitation and was similar for both soil textures. Our results revealed that across a regional precipitation gradient, soil texture may play a larger role in determining community composition than in determining total ANPP.","1998-04","2024-10-06 17:56:13","2024-10-06 17:56:13","2024-10-06 17:55:22","239-250","","2","9","","J Vegetation Science","","","","","","","","en","http://onlinelibrary.wiley.com/termsAndConditions#vor","","","","DOI.org (Crossref)","","","","","","","","","","","","","","","","","","","","","","","","","","","","","","","","","","","","","","","","","","","","","","","","","","","","",""
"AWMC4M9U","journalArticle","2006","Fernandez, Daniel P.; Neff, Jason C.; Belnap, Jayne; Reynolds, Richard L.","Soil Respiration in the Cold Desert Environment of the Colorado Plateau (USA): Abiotic Regulators and Thresholds","Biogeochemistry","","0168-2563, 1573-515X","10.1007/s10533-005-4278-0","http://link.springer.com/10.1007/s10533-005-4278-0","","2006-05","2024-10-06 17:56:13","2024-10-06 17:56:13","2024-10-06 17:55:25","247-265","","3","78","","Biogeochemistry","Soil Respiration in the Cold Desert Environment of the Colorado Plateau (USA)","","","","","","","en","http://www.springer.com/tdm","","","","DOI.org (Crossref)","","","","C:\Users\rache\Zotero\storage\AZNIIZ2E\Fernandez et al. - 2006 - Soil Respiration in the Cold Desert Environment of.pdf","","","","","","","","","","","","","","","","","","","","","","","","","","","","","","","","","","","","","","","","","","","","","","","","",""
"8ZM2IUZD","bookSection","2008","Tsoar, H.","Land Use and its Effect on the Mobilization and Stabilization of the North-Western Negev Sand Dunes","Arid Dune Ecosystems","978-3-540-75497-8 978-3-540-75498-5","","","http://link.springer.com/10.1007/978-3-540-75498-5_6","","2008","2024-10-06 17:56:13","2024-10-06 17:56:13","2024-10-06 17:55:28","79-89","","","200","","","","","","","","Springer Berlin Heidelberg","Berlin, Heidelberg","","","","","","DOI.org (Crossref)","","Series Title: Ecological Studies DOI: 10.1007/978-3-540-75498-5_6","","C:\Users\rache\Zotero\storage\FUZ45JVK\Tsoar - 2008 - Land Use and its Effect on the Mobilization and St.pdf","","","","Breckle, Siegmar-W.; Yair, Aaron; Veste, Maik","Caldwell, M. M.; Heldmaier, G.; Jackson, R. B.; Lange, O. L.; Mooney, H. A.; Schulze, E. -D.; Sommer, U.","","","","","","","","","","","","","","","","","","","","","","","","","","","","","","","","","","","","","","","","","","","",""
"ISJGPZ8L","journalArticle","1989","Liang, Y. M.; Hazlett, D. L.; Lauenroth, W. K.","Biomass dynamics and water use efficiencies of five plant communities in the shortgrass steppe","Oecologia","","0029-8549, 1432-1939","10.1007/BF00380143","http://link.springer.com/10.1007/BF00380143","","1989-08","2024-10-06 17:56:13","2024-10-06 17:56:13","2024-10-06 17:55:31","148-153","","2","80","","Oecologia","","","","","","","","en","http://www.springer.com/tdm","","","","DOI.org (Crossref)","","","","C:\Users\rache\Zotero\storage\EXTLF9LR\Liang et al. - 1989 - Biomass dynamics and water use efficiencies of fiv.pdf","","","","","","","","","","","","","","","","","","","","","","","","","","","","","","","","","","","","","","","","","","","","","","","","",""
"58CK82N8","journalArticle","2015","Hoover, David L.; Duniway, Michael C.; Belnap, Jayne","Pulse-drought atop press-drought: unexpected plant responses and implications for dryland ecosystems","Oecologia","","0029-8549, 1432-1939","10.1007/s00442-015-3414-3","http://link.springer.com/10.1007/s00442-015-3414-3","","2015-12","2024-10-06 17:56:13","2024-10-06 17:56:13","2024-10-06 17:55:34","1211-1221","","4","179","","Oecologia","Pulse-drought atop press-drought","","","","","","","en","","","","","DOI.org (Crossref)","","","","C:\Users\rache\Zotero\storage\FY2IU3CN\Hoover et al. - 2015 - Pulse-drought atop press-drought unexpected plant.pdf","","","","","","","","","","","","","","","","","","","","","","","","","","","","","","","","","","","","","","","","","","","","","","","","",""
"3DL4SD5J","journalArticle","2015","Sala, Osvaldo E.; Gherardi, Laureano A.; Peters, Debra P. C.","Enhanced precipitation variability effects on water losses and ecosystem functioning: differential response of arid and mesic regions","Climatic Change","","0165-0009, 1573-1480","10.1007/s10584-015-1389-z","http://link.springer.com/10.1007/s10584-015-1389-z","","2015-07","2024-10-06 17:56:13","2024-10-06 17:56:13","2024-10-06 17:55:37","213-227","","2","131","","Climatic Change","Enhanced precipitation variability effects on water losses and ecosystem functioning","","","","","","","en","","","","","DOI.org (Crossref)","","","","C:\Users\rache\Zotero\storage\VDEC6PDU\Sala et al. - 2015 - Enhanced precipitation variability effects on wate.pdf","","","","","","","","","","","","","","","","","","","","","","","","","","","","","","","","","","","","","","","","","","","","","","","","",""
"XHMHPVIU","journalArticle","2004","Austin, Amy T.; Yahdjian, Laura; Stark, John M.; Belnap, Jayne; Porporato, Amilcare; Norton, Urszula; Ravetta, Damián A.; Schaeffer, Sean M.","Water pulses and biogeochemical cycles in arid and semiarid ecosystems","Oecologia","","0029-8549, 1432-1939","10.1007/s00442-004-1519-1","http://link.springer.com/10.1007/s00442-004-1519-1","","2004-10","2024-10-06 17:56:13","2024-10-06 17:56:13","2024-10-06 17:55:40","221-235","","2","141","","Oecologia","","","","","","","","en","http://www.springer.com/tdm","","","","DOI.org (Crossref)","","","","C:\Users\rache\Zotero\storage\S78WS9XH\Austin et al. - 2004 - Water pulses and biogeochemical cycles in arid and.pdf","","","","","","","","","","","","","","","","","","","","","","","","","","","","","","","","","","","","","","","","","","","","","","","","",""
"H9HN4U2M","journalArticle","2008","Lauenroth, William K.; Milchunas, Daniel G.; Sala, Osvaldo E.; Burke, Ingrid C.; Morgan, Jack A.","Net primary production in the shortgrass steppe","Ecology of the shortgrass steppe: a long term perspective. Oxford Univ. Press, NY","","","","https://www.researchgate.net/profile/Ingrid-Burke/publication/43279620_Net_Primary_Production_in_the_Shortgrass_Steppe/links/0c96053a9fee1c8089000000/Net-Primary-Production-in-the-Shortgrass-Steppe.pdf","","2008","2024-10-06 17:56:13","2024-10-06 17:56:13","2024-10-06 17:55:49","270–305","","","","","","","","","","","","","","","","","","Google Scholar","","","","C:\Users\rache\Zotero\storage\9FNAFALN\Lauenroth et al. - 2008 - Net primary production in the shortgrass steppe.pdf","","","","","","","","","","","","","","","","","","","","","","","","","","","","","","","","","","","","","","","","","","","","","","","","",""
"VYDTUCXP","journalArticle","2021","Kong, Kaman; Nandintsetseg, Banzragch; Shinoda, Masato","How plant production in the Mongolian grasslands is affected by wind-eroded coarse-textured topsoil","Journal of Arid Environments","","","","https://www.sciencedirect.com/science/article/pii/S0140196321000094","","2021","2024-10-06 17:56:13","2024-10-06 17:56:13","2024-10-06 17:55:52","104443","","","189","","","","","","","","","","","","","","","Google Scholar","","Publisher: Elsevier","","C:\Users\rache\Zotero\storage\GQB23ZV4\S0140196321000094.html","","","","","","","","","","","","","","","","","","","","","","","","","","","","","","","","","","","","","","","","","","","","","","","","",""
"DHZ6WDHK","journalArticle","2012","Looney, Christopher E.; Sullivan, Benjamin W.; Kolb, Thomas E.; Kane, Jeffrey M.; Hart, Stephen C.","Pinyon pine (Pinus edulis) mortality and response to water addition across a three million year substrate age gradient in northern Arizona, USA","Plant and Soil","","0032-079X, 1573-5036","10.1007/s11104-012-1150-6","http://link.springer.com/10.1007/s11104-012-1150-6","","2012-08","2024-10-06 17:56:13","2024-10-06 17:56:13","2024-10-06 17:55:52","89-102","","1-2","357","","Plant Soil","","","","","","","","en","http://www.springer.com/tdm","","","","DOI.org (Crossref)","","","","C:\Users\rache\Zotero\storage\963SZL2U\Looney et al. - 2012 - Pinyon pine (Pinus edulis) mortality and response .pdf","","","","","","","","","","","","","","","","","","","","","","","","","","","","","","","","","","","","","","","","","","","","","","","","",""
"6K5TKTPE","journalArticle","2020","Detsis, Vassilis; Efthimiou, Georgios; Theodoropoulou, Olga; Siorokou, Stavroula","Determination of the environmental factors that affect the growth and survival of Greek Fir seedlings","Land","","","","https://www.mdpi.com/2073-445X/9/4/100","","2020","2024-10-06 17:56:13","2024-10-06 17:56:13","2024-10-06 17:55:55","100","","4","9","","","","","","","","","","","","","","","Google Scholar","","Publisher: MDPI","","C:\Users\rache\Zotero\storage\LMH859QS\Detsis et al. - 2020 - Determination of the environmental factors that af.pdf","","","","","","","","","","","","","","","","","","","","","","","","","","","","","","","","","","","","","","","","","","","","","","","","",""
"GD7DDHEI","journalArticle","2022","Küçük, Çağlar; Koirala, Sujan; Carvalhais, Nuno; Miralles, Diego G.; Reichstein, Markus; Jung, Martin","Characterizing the Response of Vegetation Cover to Water Limitation in Africa Using Geostationary Satellites","Journal of Advances in Modeling Earth Systems","","1942-2466, 1942-2466","10.1029/2021MS002730","https://agupubs.onlinelibrary.wiley.com/doi/10.1029/2021MS002730","Abstract             Hydrological interactions between vegetation, soil, and topography are complex, and heterogeneous in semi‐arid landscapes. This along with data scarcity poses challenges for large‐scale modeling of vegetation‐water interactions. Here, we exploit metrics derived from daily Meteosat data over Africa at ca. 5 km spatial resolution for ecohydrological analysis. Their spatial patterns are based on Fractional Vegetation Cover (FVC) time series and emphasize limiting conditions of the seasonal wet to dry transition: the minimum and maximum FVC of temporal record, the FVC decay rate and the FVC integral over the decay period. We investigate the relevance of these metrics for large scale ecohydrological studies by assessing their co‐variation with soil moisture, and with topographic, soil, and vegetation factors. Consistent with our initial hypothesis, FVC minimum and maximum increase with soil moisture, while the FVC integral and decay rate peak at intermediate soil moisture. We find evidence for the relevance of topographic moisture variations in arid regions, which, counter‐intuitively, is detectable in the maximum but not in the minimum FVC. We find no clear evidence for wide‐spread occurrence of the “inverse texture effect” on FVC. The FVC integral over the decay period correlates with independent data sets of plant water storage capacity or rooting depth while correlations increase with aridity. In arid regions, the FVC decay rate decreases with canopy height and tree cover fraction as expected for ecosystems with a more conservative water‐use strategy. Thus, our observation‐based products have large potential for better understanding complex vegetation‐water interactions from regional to continental scales.           ,              Plain Language Summary             Local‐scale processes controlling vegetation dynamics under water limitation are highly uncertain at large scales, despite their importance on global carbon and water cycles. This is particularly pronounced in Africa due to the scarcity of ground measurements despite the importance of African ecosystems due to their contribution to global cycles and their services to population. In order to overcome this problem, we developed a set of metrics based on the fractional vegetation cover observed from the European geostationary satellite. The metrics, derived from the daily fractional vegetation cover data help diagnose ecohydrological processes thanks to their high spatiotemporal resolution. Initial analyses show consistent continental gradients in the metrics together with strong local variations and corroboration with different data sets from independent sources, in agreement with the literature.           ,              Key Points                                                                We derive ecohydrological metrics from seasonal decays in geostationary satellite data of vegetation cover over Africa at 5 km resolution                                                     The metrics covary with soil moisture, contain information on water sources apart from precipitation and vegetation access by deep rooting                                                     Land surface models can benefit from these metrics by tailored evaluation, calibration, and parameterization of ecohydrological processes","2022-03","2024-10-06 17:56:13","2024-10-06 17:56:13","2024-10-06 17:55:55","e2021MS002730","","3","14","","J Adv Model Earth Syst","","","","","","","","en","","","","","DOI.org (Crossref)","","","","C:\Users\rache\Zotero\storage\R4BISG9S\Küçük et al. - 2022 - Characterizing the Response of Vegetation Cover to.pdf","","","","","","","","","","","","","","","","","","","","","","","","","","","","","","","","","","","","","","","","","","","","","","","","",""
"RL6UT253","preprint","2021","Küçük, Çağlar; Koirala, Sujan; Carvalhais, Nuno; Miralles, Diego G.; Reichstein, Markus; Jung, Martin","Characterising the response of vegetation cover to water limitation in Africa using geostationary satellites","","","","10.1002/essoar.10504964.2","https://essopenarchive.org/doi/full/10.1002/essoar.10504964.2","","2021-08-19","2024-10-06 17:56:13","2024-10-06 17:56:13","2024-10-06 17:55:58","","","","","","","","","","","","","","en","","","","","Hydrology","","","","","","","","","","","","","","","","","","","","","","","","","","","","","","","","","","","","","","","","","","","","","","","","","","","","",""
"PV6CV8HJ","journalArticle","2013","Hall, Sharon J.; Trujillo, Jolene; Nakase, Dana; Strawhacker, Colleen; Kruse-Peeples, Melissa; Schaafsma, Hoski; Briggs, John","Legacies of Prehistoric Agricultural Practices Within Plant and Soil Properties Across an Arid Ecosystem","Ecosystems","","1432-9840, 1435-0629","10.1007/s10021-013-9681-0","http://link.springer.com/10.1007/s10021-013-9681-0","","2013-11","2024-10-06 17:56:13","2024-10-06 17:56:13","2024-10-06 17:56:01","1273-1293","","7","16","","Ecosystems","","","","","","","","en","http://www.springer.com/tdm","","","","DOI.org (Crossref)","","","","C:\Users\rache\Zotero\storage\TPMBD7JQ\Hall et al. - 2013 - Legacies of Prehistoric Agricultural Practices Wit.pdf","","","","","","","","","","","","","","","","","","","","","","","","","","","","","","","","","","","","","","","","","","","","","","","","",""
"WI89AC2X","journalArticle","2013","Siegal, Zehava; Tsoar, Haim; Karnieli, Arnon","Effects of prolonged drought on the vegetation cover of sand dunes in the NW Negev Desert: field survey, remote sensing and conceptual modeling","Aeolian Research","","","","https://www.sciencedirect.com/science/article/pii/S1875963713000177","","2013","2024-10-06 17:56:13","2024-10-06 17:56:13","2024-10-06 17:56:10","161–173","","","9","","","Effects of prolonged drought on the vegetation cover of sand dunes in the NW Negev Desert","","","","","","","","","","","","Google Scholar","","Publisher: Elsevier","","C:\Users\rache\Zotero\storage\7WYBZKU7\S1875963713000177.html","","","","","","","","","","","","","","","","","","","","","","","","","","","","","","","","","","","","","","","","","","","","","","","","",""
"A2N569X2","journalArticle","2009","Yang, Y. H.; Fang, J. Y.; Pan, Y. D.; Ji, C. J.","Aboveground biomass in Tibetan grasslands","Journal of Arid Environments","","","","https://www.sciencedirect.com/science/article/pii/S0140196308002814","","2009","2024-10-06 17:56:13","2024-10-06 17:56:13","2024-10-06 17:56:13","91–95","","1","73","","","","","","","","","","","","","","","Google Scholar","","Publisher: Elsevier","","C:\Users\rache\Zotero\storage\G4ALK7KI\S0140196308002814.html","","","","","","","","","","","","","","","","","","","","","","","","","","","","","","","","","","","","","","","","","","","","","","","","",""
"MX7DI657","journalArticle","2008","Steppe, Shortgrass","Net primary production (NPP), the amount of carbon or energy fixed by green plants in excess of their respiratory needs, is the funda-mental quantity upon which all heterotrophs and the ecosystem processes they are associated with depend. Understanding NPP is therefore a prerequisite to under-standing ecosystem dynamics. Our objectives for this chapter are to describe the current state of our knowledge about the temporal and spatial patterns of NPP in the shortgrass steppe, to evaluate the important variables that control NPP, and to discuss the future of NPP in the shortgrass steppe given current hypotheses","Ecology of the Shortgrass Steppe: A Long-Term Perspective","","","","https://books.google.com/books?hl=en&lr=&id=g4YRDAAAQBAJ&oi=fnd&pg=PA270&dq=%22inverse+texture%22+OR+%22inverse-texture%22&ots=IouXLkOQSC&sig=NAfrPF2eXtDv6V2lDPidoL84APA","","2008","2024-10-06 18:09:51","2024-10-06 18:09:51","2024-10-06 18:09:00","270","","","","","","","","","","","","","","","","","","Google Scholar","","Publisher: Oxford University Press","","","","","","","","","","","","","","","","","","","","","","","","","","","","","","","","","","","","","","","","","","","","","","","","","","",""
"Z32TPSG7","journalArticle","2018","Zhou, Zhenghu; Wang, Chuankuan; Luo, Yiqi","Response of soil microbial communities to altered precipitation: A global synthesis","Global Ecology and Biogeography","","1466-822X, 1466-8238","10.1111/geb.12761","https://onlinelibrary.wiley.com/doi/10.1111/geb.12761","Abstract                            Aim               Climate change intensifies the hydrological cycle and consequently alters precipitation regimes. Accurately assessing future carbon (C) budgets depends on understanding the influence of altered precipitation on both aboveground C cycling and belowground processes. Our goal was to explore generalities and mechanisms of responses of soil microbial communities to altered precipitation and implications for C cycling in terrestrial ecosystems.                                         Location               Global.                                         Time period               2001–2017.                                         Major taxa studied               Soil microbes.                                         Methods               We used the meta‐analytical technique to synthesize data of 41 increased (IPPT) and 53 decreased precipitation (DPPT) studies from 65 publications worldwide. The data covered broad variations in climate, percentage of precipitation change, experimental duration and soil properties.                                         Results               The fungi to bacteria ratio did not show a water‐tolerant shift, but the community compositions within the bacteria did. Microbial biomass showed a higher response to moderate IPPT than moderate DPPT, whereas it was more sensitive to extreme DPPT than extreme IPPT, suggesting that the responses of microbial biomass to altered precipitation are double asymmetric. However, such asymmetric responses of microbial biomass varied with climate humidity and soil texture: microbial biomass was more sensitive to IPPT at xeric sites than at mesic sites, whereas it was more responsive to DPPT in humid areas; microbial biomass in coarse‐textured soils was more sensitive to altered precipitation than that in fine‐textured soils. In addition, microbial response was positively correlated with the responses of aboveground/belowground plant biomass, soil respiration and organic C content.                                         Main conclusions               Our meta‐analysis provides the first evidence that the asymmetric response of microbial biomass to altered precipitation varies with climate humidity and soil texture. Given the coordinated responses in the plant–soil–microorganism C continuum, our synthesis extends the double asymmetric model and provides a framework for understanding and modelling responses of ecosystem C cycling to global precipitation change.","2018-09","2024-10-06 18:09:51","2024-10-06 18:09:51","2024-10-06 18:09:00","1121-1136","","9","27","","Global Ecol Biogeogr","Response of soil microbial communities to altered precipitation","","","","","","","en","","","","","DOI.org (Crossref)","","","","","","","","","","","","","","","","","","","","","","","","","","","","","","","","","","","","","","","","","","","","","","","","","","","","",""
"I8G6K3KT","thesis","2019","Wagner, Svenja","Effects of Water Holding Capacity and Precipitation on Above Ground Net Primary Production","","","","","https://search.proquest.com/openview/bb146691972387977a106af8236d49d1/1?pq-origsite=gscholar&cbl=18750&diss=y","","2019","2024-10-06 18:09:51","2024-10-06 18:09:51","2024-10-06 18:09:03","","","","","","","","","","","","Arizona State University","","","","Master's Thesis","","","Google Scholar","","","","C:\Users\rache\Zotero\storage\E5VH23TV\intermediateredirectforezproxy.html","","","","","","","","","","","","","","","","","","","","","","","","","","","","","","","","","","","","","","","","","","","","","","","","",""
"4U35J3WZ","journalArticle","2015","Bork, Edward W.; Irving, Barry D.","Seasonal availability of cool-and warm-season herbage in the northern mixed prairie","Rangelands","","","","https://www.sciencedirect.com/science/article/pii/S0190052815000802","","2015","2024-10-06 18:09:51","2024-10-06 18:09:51","2024-10-06 18:09:09","178–185","","5","37","","","","","","","","","","","","","","","Google Scholar","","Publisher: Elsevier","","C:\Users\rache\Zotero\storage\V7WN4527\Bork and Irving - 2015 - Seasonal availability of cool-and warm-season herb.pdf","","","","","","","","","","","","","","","","","","","","","","","","","","","","","","","","","","","","","","","","","","","","","","","","",""
"TMCP5SP8","journalArticle","2023","Villa, Pedro Manuel; Meira-Neto, João Augusto Alves; Diniz, Écio Souza; Ali, Arshad; Neri, Andreza Viana; Martins, Sebastião Venâncio; Campos, Prímula Viana; Pinto-Junior, Herval Vieira; da Costa, Jamerson Souza; Coelho, Alex Josélio Pires","Soil factors rather than stand age drive tree phylogenetic diversity along Amazon Forest succession","Ecological Engineering","","","","https://www.sciencedirect.com/science/article/pii/S0925857423000241","","2023","2024-10-06 18:09:51","2024-10-06 18:09:51","2024-10-06 18:09:12","106915","","","189","","","","","","","","","","","","","","","Google Scholar","","Publisher: Elsevier","","C:\Users\rache\Zotero\storage\4KBULTY4\S0925857423000241.html","","","","","","","","","","","","","","","","","","","","","","","","","","","","","","","","","","","","","","","","","","","","","","","","",""
"F8KKJ5Q8","journalArticle","2007","Smart, Alexander J.; Dunn, Barry H.; Johnson, Patricia S.; Xu, Lan; Gates, Roger N.","Using weather data to explain herbage yield on three Great Plains plant communities","Rangeland Ecology & Management","","","","https://www.sciencedirect.com/science/article/pii/S1550742407500187","","2007","2024-10-06 18:09:51","2024-10-06 18:09:51","2024-10-06 18:09:15","146–153","","2","60","","","","","","","","","","","","","","","Google Scholar","","Publisher: Elsevier","","C:\Users\rache\Zotero\storage\BE8JJIK3\Smart et al. - 2007 - Using weather data to explain herbage yield on thr.pdf","","","","","","","","","","","","","","","","","","","","","","","","","","","","","","","","","","","","","","","","","","","","","","","","",""
"TXEZ55L3","bookSection","2019","Epstein, H. E.; Lauenroth, W. K.; Paruelo, J. M.; Piñeiro, G.; Burke, I. C.; Barrett, J. E.","Interactions of Water and Nitrogen on Primary Productivity Across Spatial and Temporal Scales in Grassland and Shrubland Ecosystems","Dryland Ecohydrology","978-3-030-23268-9 978-3-030-23269-6","","","http://link.springer.com/10.1007/978-3-030-23269-6_16","","2019","2024-10-06 18:09:51","2024-10-06 18:09:51","2024-10-06 18:09:15","417-437","","","","","","","","","","","Springer International Publishing","Cham","en","","","","","DOI.org (Crossref)","","DOI: 10.1007/978-3-030-23269-6_16","","C:\Users\rache\Zotero\storage\PTGYCJCU\Epstein et al. - 2019 - Interactions of Water and Nitrogen on Primary Prod.pdf","","","","D'Odorico, Paolo; Porporato, Amilcare; Wilkinson Runyan, Christiane","","","","","","","","","","","","","","","","","","","","","","","","","","","","","","","","","","","","","","","","","","","","",""
"N2YZKSM4","journalArticle","1999","Lauenroth, William K.; Burke, Ingrid C.; Gutmann, Myron P.","The structure and function of ecosystems in the central North American grassland region","Great Plains Research","","","","https://www.jstor.org/stable/23778224","","1999","2024-10-06 18:09:51","2024-10-06 18:09:51","2024-10-06 18:09:18","223–259","","","","","","","","","","","","","","","","","","Google Scholar","","Publisher: JSTOR","","C:\Users\rache\Zotero\storage\ANALDQVL\Lauenroth et al. - 1999 - The structure and function of ecosystems in the ce.pdf","","","","","","","","","","","","","","","","","","","","","","","","","","","","","","","","","","","","","","","","","","","","","","","","",""
"VGKXP7QT","journalArticle","2013","Siegal, Z.; Tsoar, H.; Karnieli, A.","Aeolian Research","","","","","https://www.academia.edu/download/45565247/Effects_of_prolonged_drought_on_the_vege20160512-2578-fwarkk.pdf","","2013","2024-10-06 18:09:51","2024-10-06 18:09:51","2024-10-06 18:09:24","","","","","","","","","","","","","","","","","","","Google Scholar","","","","C:\Users\rache\Zotero\storage\BKFJX82B\Siegal et al. - 2013 - Aeolian Research.pdf","","","","","","","","","","","","","","","","","","","","","","","","","","","","","","","","","","","","","","","","","","","","","","","","",""
"HRI82VVQ","journalArticle","2010","Kochendorfer, J. P.; Ramírez, J. A.","Modeling the monthly mean soil-water balance with a statistical-dynamical ecohydrology model as coupled to a two-component canopy model","Hydrology and Earth System Sciences","","","","https://hess.copernicus.org/articles/14/2099/2010/","","2010","2024-10-06 18:09:51","2024-10-06 18:09:51","2024-10-06 18:09:27","2099–2120","","10","14","","","","","","","","","","","","","","","Google Scholar","","Publisher: Copernicus GmbH","","C:\Users\rache\Zotero\storage\ME85WQJK\Kochendorfer and Ramírez - 2010 - Modeling the monthly mean soil-water balance with .pdf","","","","","","","","","","","","","","","","","","","","","","","","","","","","","","","","","","","","","","","","","","","","","","","","",""
"RFLU43Q3","journalArticle","2010","Grigg, Alasdair M.; Lambers, Hans; Veneklaas, Erik J.","Changes in water relations for Acacia ancistrocarpa on natural and mine-rehabilitation sites in response to an experimental wetting pulse in the Great Sandy Desert","Plant and Soil","","0032-079X, 1573-5036","10.1007/s11104-009-9957-5","http://link.springer.com/10.1007/s11104-009-9957-5","","2010-01","2024-10-06 18:09:51","2024-10-06 18:09:51","2024-10-06 18:09:27","75-96","","1-2","326","","Plant Soil","","","","","","","","en","http://www.springer.com/tdm","","","","DOI.org (Crossref)","","","","C:\Users\rache\Zotero\storage\IGDD4HBC\Grigg et al. - 2010 - Changes in water relations for Acacia ancistrocarp.pdf","","","","","","","","","","","","","","","","","","","","","","","","","","","","","","","","","","","","","","","","","","","","","","","","",""
"W48AN6VR","journalArticle","2023","Mensah, Sylvanus; Noulèkoun, Florent; Dimobe, Kangbéni; Seifert, Thomas; Glèlè Kakaï, Romain","Climate and soil effects on tree species diversity and aboveground carbon patterns in semi-arid tree savannas","Scientific Reports","","","","https://www.nature.com/articles/s41598-023-38225-3","","2023","2024-10-06 18:09:51","2024-10-06 18:09:51","2024-10-06 18:09:30","11509","","1","13","","","","","","","","","","","","","","","Google Scholar","","Publisher: Nature Publishing Group UK London","","C:\Users\rache\Zotero\storage\LMKJ2RZS\Mensah et al. - 2023 - Climate and soil effects on tree species diversity.pdf","","","","","","","","","","","","","","","","","","","","","","","","","","","","","","","","","","","","","","","","","","","","","","","","",""
"7T86RNQ9","journalArticle","2007","Bucini, Gabriela; Hanan, Niall P.","A continental‐scale analysis of tree cover in African savannas","Global Ecology and Biogeography","","1466-822X, 1466-8238","10.1111/j.1466-8238.2007.00325.x","https://onlinelibrary.wiley.com/doi/10.1111/j.1466-8238.2007.00325.x","ABSTRACT                            Aim                We present a continental‐scale analysis that explores the processes controlling woody community structure in tropical savannas. We analyse how biotic and abiotic factors interact to promote and modify tree cover, examine alternative ecological hypotheses and quantify disturbance effects using satellite estimates of tree cover.                                         Location                African savannas.                                         Methods                Tree cover is represented as a resource‐driven potential cover related to rainfall and soil characteristics perturbed by natural and human factors such as fire, cattle grazing, human population and cultivation. Within this framework our approach combines semi‐empirical modelling and information theory to identify the best models.                                         Results                Woody community structure across African savannas is best represented by a sigmoidal response of tree cover to mean annual precipitation (MAP), with a dependency on soil texture, which is modified by the separate effects of fire, domestic livestock, human population density and cultivation intensity. This model explains               c               . 66% of the variance in tree cover and appears consistent across the savanna regions of Africa.                                         Main conclusions                The analysis provides a new understanding of the importance and interaction of environmental and disturbance factors that create the broad spatial patterns of tree cover observed in African savannas. Woody cover increases with rainfall, but is modified by disturbances. These ‘perturbation’ effects depend on MAP regimes: in arid savannas (MAP < 400 mm) they are generally small (< 1% decrease in cover), while in semi‐arid and mesic savannas (400–1600 mm), perturbations result in an average 2% (400 mm) to 23% (1600 mm) decrease in cover; fire frequency and human population have more influence than cattle, and cultivation appears, on average, to lead to small increases in woody cover. Wet savannas (1600–2200 mm) are controlled by perturbations that inhibit canopy closure and reduce tree cover by, on average, 24–34%. Full understanding of the processes determining savanna structure requires consideration of resource limitation and disturbance dynamics.","2007-09","2024-10-06 18:09:51","2024-10-06 18:09:51","2024-10-06 18:09:31","593-605","","5","16","","Global Ecology and Biogeography","","","","","","","","en","http://onlinelibrary.wiley.com/termsAndConditions#vor","","","","DOI.org (Crossref)","","","","","","","","","","","","","","","","","","","","","","","","","","","","","","","","","","","","","","","","","","","","","","","","","","","","",""
"B6VUP85D","journalArticle","2021","Zang, Yong‐Xin; Ma, Jian‐Ying; Zhou, Xiao‐Bing; Tao, Ye; Yin, Ben‐Feng; Zhang, Yuan‐Ming","Extreme precipitation increases the productivity of a desert ephemeral plant community in Central Asia, but there is no slope position effect","Journal of Vegetation Science","","1100-9233, 1654-1103","10.1111/jvs.13077","https://onlinelibrary.wiley.com/doi/10.1111/jvs.13077","Abstract                            Questions               Anthropogenic climate change has become a critical environmental problem and is profoundly affecting various ecosystems, especially desert ecosystems. However, very few studies have explored the effects of extreme precipitation on the community structure and ecosystem functions in drylands. Moreover, whether local microtopography will interact with extreme precipitation on plant growth by changing water retention and other processes is still unclear.                                         Location               The Gurbantunggut Desert in Central Asia.                                         Methods               We conducted a two‐year field experiment to assess the effect of extreme precipitation (+65% of ambient growing‐season precipitation amounts) on the composition and productivity of a desert ephemeral plant community growing in sand dunes of the Gurbantunggut Desert in Central Asia. We further determined how much slope position modulates this response.                                         Results               We found that the cover, density, height, species richness, and biomass of ephemeral plants increased with an increase in precipitation, and the strongest direct effect of biomass was a positive effect on density of ephemeral plants. Additionally, no significant differences in the sensitivity of biomass to the increased precipitation were found between slope positions.                                         Conclusions               The results indicate that extreme precipitation primarily increased the above‐ground net primary production by increasing the density, rather than the height and species richness, of the ephemeral community; no interactive effects were observed between sand dune slope positions and the sensitivity of biomass to the extreme precipitation treatment.","2021-09","2024-10-06 18:09:51","2024-10-06 18:09:51","2024-10-06 18:09:33","e13077","","5","32","","J Vegetation Science","","","","","","","","en","","","","","DOI.org (Crossref)","","","","","","","","Collins, Beverly","","","","","","","","","","","","","","","","","","","","","","","","","","","","","","","","","","","","","","","","","","","","",""
"B25VSGDA","journalArticle","1989","Gosz, James R.; Sharpe, Peter JH","Broad-scale concepts for interactions of climate, topography, and biota at biome transitions","Landscape Ecology","","","","https://citeseerx.ist.psu.edu/document?repid=rep1&type=pdf&doi=bedccd184c34c8a8701c2d22645fd186746ecce2","","1989","2024-10-06 18:09:51","2024-10-06 18:09:51","2024-10-06 18:09:42","229–243","","3-4","3","","","","","","","","","","","","","","","Google Scholar","","Publisher: Citeseer","","C:\Users\rache\Zotero\storage\7AS2PHKN\Gosz and Sharpe - 1989 - Broad-scale concepts for interactions of climate, .pdf","","","","","","","","","","","","","","","","","","","","","","","","","","","","","","","","","","","","","","","","","","","","","","","","",""
"JIRDZL3Y","journalArticle","2024","Terry, Tyson J.; Adler, Peter B.","Precipitation seasonality and soil texture interact to shape dryland recovery from severe disturbance","Journal of Ecology","","0022-0477, 1365-2745","10.1111/1365-2745.14306","https://besjournals.onlinelibrary.wiley.com/doi/10.1111/1365-2745.14306","Abstract                                                                Disturbances drive large changes in plant composition and ecosystem functioning in drylands, but current understanding of how recovery following disturbance depends on the environment is limited due to challenges in analysing effects of disparate disturbances across abiotic gradients.                                                     We combined remote sensing and field observations across 5600+ km of natural gas pipeline corridors and adjacent undisturbed vegetation to investigate how recovery from a uniform, severe disturbance varied with factors that influence water availability in drylands.                                                     We found that recovery of net primary production (NPP) often remains incomplete, with only 42% of our sites projected to fully recover within 100 years. NPP recovery was quicker and more complete in regions that receive most of their annual precipitation at low temperatures and have fine‐textured soil; recovery of total shrub cover (median timing of 81 years) was faster on fine‐textured soils in locations that receive most of their annual precipitation at high temperatures. Locations with quick recovery of shrub cover were linked with a shift in dominant shrub species and incomplete NPP recovery.                                                                          Synthesis                     . Recovery of NPP and shrub cover in drylands were driven by different environmental factors. For both NPP and shrub cover, locations with high pre‐disturbance values required more time to recover to adjacent undisturbed levels than locations with low pre‐disturbance values. Quick recovery of shrub cover or productivity was generally linked with a shift in dominant plant species or functional group.                                                                           ,              Resumen                                                                Las perturbaciones provocan grandes cambios en la composición de plantas y en el funcionamiento de los ecosistemas de las zonas áridas, pero la comprensión actual de cómo la recuperación tras una perturbación depende del clima es limitada debido a las dificultades de analizar los efectos de perturbaciones dispares a través de gradientes abióticos.                                                     Combinamos las observaciones de satélite y campo a lo largo de más de 5600 km de corredores de gasoductos naturales y vegetación adyacente no perturbada para investigar cómo la recuperación tras una perturbación uniforme y severa variaba con los factores que influyen en la disponibilidad de agua en las tierras secas.                                                     Encontramos que la recuperación de la producción primaria neta (PPN) a menudo es incompleta, con un 42% de nuestros sitios proyectados para recuperarse completamente dentro de 100 años. La recuperación de la PPN fue más rápida y completa en regiones donde la mayoría de la precipitación calle en tiempos de baja temperatura, la recuperación de la cubierta arbustiva total (mediana de 81 años) fue más rápida en suelos de textura fina. Las localidades con una rápida recuperación de la cubierta arbustiva estuvieron relacionadas con un cambio en las especies arbustivas dominantes y una recuperación incompleta de la NPP.                                                     La recuperación de la PPN y de la cubierta arbustiva en las zonas áridas se debió a diferentes factores ambientales. Tanto para la PPN como para la cobertura arbustiva, los lugares con altos valores previos a la perturbación necesitaron más tiempo para recuperarse a niveles no perturbados que los lugares con bajos valores previo a la perturbación. La rápida recuperación de la cubierta arbustiva o de la productividad fue generalmente relacionada con un cambio en la especie vegetal dominante o en el grupo functional de las plantas.","2024-06","2024-10-06 18:09:51","2024-10-06 18:09:51","2024-10-06 18:09:42","1356-1368","","6","112","","Journal of Ecology","","","","","","","","en","","","","","DOI.org (Crossref)","","","","C:\Users\rache\Zotero\storage\5FL9KJ3K\Terry and Adler - 2024 - Precipitation seasonality and soil texture interac.pdf","","","","","","","","","","","","","","","","","","","","","","","","","","","","","","","","","","","","","","","","","","","","","","","","",""
"BLGX3FZN","journalArticle","2011","Werner, Corey M.; Mason, Joseph A.; Hanson, Paul R.","Non-linear connections between dune activity and climate in the High Plains, Kansas and Oklahoma, USA","Quaternary Research","","","","https://www.cambridge.org/core/journals/quaternary-research/article/nonlinear-connections-between-dune-activity-and-climate-in-the-high-plains-kansas-and-oklahoma-usa/246B5C73B2CE38934E5EA871DF1CFF4F","","2011","2024-10-06 18:09:51","2024-10-06 18:09:51","2024-10-06 18:09:45","267–277","","1","75","","","","","","","","","","","","","","","Google Scholar","","Publisher: Cambridge University Press","","C:\Users\rache\Zotero\storage\CADV9J9G\Werner et al. - 2011 - Non-linear connections between dune activity and c.pdf","","","","","","","","","","","","","","","","","","","","","","","","","","","","","","","","","","","","","","","","","","","","","","","","",""
"VIVP3AJV","journalArticle","2019","Barnard, David M.; Germino, Matthew J.; Arkle, Robert S.; Bradford, John B.; Duniway, Michael C.; Pilliod, David S.; Pyke, David A.; Shriver, Robert K.; Welty, Justin L.","Soil characteristics are associated with gradients of big sagebrush canopy structure after disturbance","Ecosphere","","2150-8925, 2150-8925","10.1002/ecs2.2780","https://esajournals.onlinelibrary.wiley.com/doi/10.1002/ecs2.2780","Abstract                            Reestablishing shrub canopy cover after disturbance in semi‐arid ecosystems, such as sagebrush steppe, is essential to provide wildlife habitat and restore ecosystem functioning. While several studies have explored the effects of landscape and climate factors on the success or failure of sagebrush seeding, the influence of soil properties on gradients of shrub canopy structure in successfully seeded areas remains largely unexplored. In this study, we evaluated associations between soil properties and gradients in sagebrush canopy structure in stands that had successfully reestablished after fire and subsequent seeding treatments. Using a dataset collected across the Great Basin,               USA               , of sagebrush stands that had burned and reestablished between 1986 and 2013, we tested soil depth and texture, soil surface classification, biological soil crusts plus mean historical precipitation, solar heatload, and fire history as modeling variables to explore gradients in sagebrush canopy structure growth in terms of cover, height, and density. Deeper soils were associated with greater sagebrush canopy structure development in terms of plant density and percent cover, coarser textured soils were associated with greater sagebrush cover and density, and more clayey soils were typically associated with greater height. Biological crust presence was also positively associated with enhanced sagebrush canopy growth, but adding more demographically or morphologically explicit descriptions of biocrust communities did not improve explanatory power. Increasing heatload had a negative effect on sagebrush canopy structure growth, and increased mean annual precipitation was only associated with greater sagebrush height. Given that conservation and restoration of the sagebrush steppe ecosystems has become a priority for land managers, the associations we identify between gradients in post‐fire sagebrush canopy structure growth and field‐identifiable soil characteristics may improve planning of land treatments for sagebrush restoration and the understanding of semi‐arid ecosystem functioning and post‐disturbance dynamics.","2019-06","2024-10-06 18:09:51","2024-10-06 18:09:51","2024-10-06 18:09:48","e02780","","6","10","","Ecosphere","","","","","","","","en","","","","","DOI.org (Crossref)","","","","","","","","","","","","","","","","","","","","","","","","","","","","","","","","","","","","","","","","","","","","","","","","","","","","",""
"NIYKSDUB","journalArticle","2022","Jiang, Lubing; Wu, Lu; Liu, Hongyan; He, Wenqi; Shi, Liang; Xu, Chongyang; Xiang, Changlin","Coarsened soil reduces drought resistance of fibrous-rooted species on degraded steppe","Ecological Indicators","","","","https://www.sciencedirect.com/science/article/pii/S1470160X22011177","","2022","2024-10-06 18:09:51","2024-10-06 18:09:51","2024-10-06 18:09:51","109644","","","145","","","","","","","","","","","","","","","Google Scholar","","Publisher: Elsevier","","C:\Users\rache\Zotero\storage\ES895IDM\S1470160X22011177.html","","","","","","","","","","","","","","","","","","","","","","","","","","","","","","","","","","","","","","","","","","","","","","","","",""
"RTHZL37Z","journalArticle","2021","Jiang, Lubing; Liu, Hongyan; Peng, Zhaoyu; Dai, Jingyu; Zhao, Fengjun; Chen, Zhiting","Root system plays an important role in responses of plant to drought in the steppe of China","Land Degradation & Development","","1085-3278, 1099-145X","10.1002/ldr.3930","https://onlinelibrary.wiley.com/doi/10.1002/ldr.3930","Abstract                            In the temperate grasslands of northern China, there exists a large range of soil texture. However, previous studies have mainly focused on the effect of climate water deficit on plant traits and have paid little attention to the effect of soil water deficit because grasses tend to use rainfall water directly. We measured eight drought‐related plant traits of 12 widely distributed perennial species in the temperate grassland in northern China and examined drought‐related plant traits under different aridity index ([ET               0               − P]/ET               0               ) and soil sand/clay ratio. The 12 species were categorized into three functional groups: fibrous‐rooted C               4               species, fibrous‐rooted C               3               species, and tap‐rooted C               3               species. Our results showed that increasing climate drought had influence on all selected functional groups, and the influence on aboveground biomass and height was especially large on fibrous‐rooted C               3               species. Coarse soil led to increased root length of fibrous‐rooted C               3               and tap‐rooted C               3               species. Our results imply that root system can be important to plant responses under drought, and soil texture can have influence on plant, though most of the traits show resistance to coarser soil.","2021-08-15","2024-10-06 18:09:51","2024-10-06 18:09:51","2024-10-06 18:09:51","3498-3506","","13","32","","Land Degrad Dev","","","","","","","","en","","","","","DOI.org (Crossref)","","","","","","","","","","","","","","","","","","","","","","","","","","","","","","","","","","","","","","","","","","","","","","","","","","","","",""
"GIJMMUR6","journalArticle","2004","Huxman, Travis E.; Cable, Jessica M.; Ignace, Danielle D.; Eilts, J. Alex; English, Nathan B.; Weltzin, Jake; Williams, David G.","Response of net ecosystem gas exchange to a simulated precipitation pulse in a semi-arid grassland: the role of native versus non-native grasses and soil texture","Oecologia","","0029-8549, 1432-1939","10.1007/s00442-003-1389-y","http://link.springer.com/10.1007/s00442-003-1389-y","","2004-10","2024-10-06 18:12:26","2024-10-06 18:12:26","2024-10-06 18:11:27","295-305","","2","141","","Oecologia","Response of net ecosystem gas exchange to a simulated precipitation pulse in a semi-arid grassland","","","","","","","en","http://www.springer.com/tdm","","","","DOI.org (Crossref)","","","","C:\Users\rache\Zotero\storage\9YJBAZ95\Huxman et al. - 2004 - Response of net ecosystem gas exchange to a simula.pdf","","","","","","","","","","","","","","","","","","","","","","","","","","","","","","","","","","","","","","","","","","","","","","","","",""
"D42WVBSB","journalArticle","2022","Zang, Yong-Xin; Ma, Jian-Ying; Zhou, Xiao-Bing; Tao, Ye; Yin, Ben-Feng; Shayaguli, Jigeer; Zhang, Yuan-Ming; 1State Key Laboratory of Desert and Oasis Ecology, Key Laboratory of Ecological Safety and Sustainable Development in Arid Lands, Xinjiang Institute of Ecology and Geography, Chinese Academy of Sciences, Ürümqi 830011, China; 2Key Laboratory of Geographical Processes and Ecological Security in Changbai Mountains, Ministry of Education, School of Geographical Sciences, Northeast Normal University, Changchun 130024, China; 3Xinjiang Key Laboratory of Biological Resources and Genetic Engineering, College of Life Science and Technology, Xinjiang University, Ürümqi 830046, China","Effects of extreme drought and extreme precipitation on aboveground productivity of ephemeral plants across different slope positions along sand dunes","Chinese Journal of Plant Ecology","","1005-264X","10.17521/cjpe.2021.0473","https://www.plant-ecology.com/EN/10.17521/cjpe.2021.0473","","2022","2024-10-06 18:12:26","2024-10-06 18:12:26","2024-10-06 18:11:29","1537-1550","","12","46","","","","","","","","","","en","","","","","DOI.org (Crossref)","","","","C:\Users\rache\Zotero\storage\ID94UA7E\Zang et al. - 2022 - Effects of extreme drought and extreme precipitati.pdf","","","","","","","","","","","","","","","","","","","","","","","","","","","","","","","","","","","","","","","","","","","","","","","","",""
"X39TE4UH","bookSection","1992","Gosz, James R.; Parmenter, Robert R.; Marshall, Diane","Ecological Indicators in a Desert/Grassland Transition","Ecological Indicators","978-1-4613-7108-3 978-1-4615-4659-7","","","http://link.springer.com/10.1007/978-1-4615-4659-7_42","","1992","2024-10-06 18:12:26","2024-10-06 18:12:26","2024-10-06 18:11:32","739-763","","","","","","","","","","","Springer US","Boston, MA","en","","","","","DOI.org (Crossref)","","DOI: 10.1007/978-1-4615-4659-7_42","","","","","","McKenzie, Daniel H.; Hyatt, D. Eric; McDonald, V. Janet","","","","","","","","","","","","","","","","","","","","","","","","","","","","","","","","","","","","","","","","","","","","",""
"IIPPNQE5","journalArticle","2018","Sanaei, Anvar; Chahouki, Mohammad Ali Zare; Ali, Arshad; Jafari, Mohammad; Azarnivand, Hossein","Abiotic and biotic drivers of aboveground biomass in semi-steppe rangelands","Science of the Total Environment","","","","https://www.sciencedirect.com/science/article/pii/S0048969717326980","","2018","2024-10-06 18:12:26","2024-10-06 18:12:26","2024-10-06 18:11:41","895–905","","","615","","","","","","","","","","","","","","","Google Scholar","","Publisher: Elsevier","","C:\Users\rache\Zotero\storage\8Z2JMQSW\S0048969717326980.html","","","","","","","","","","","","","","","","","","","","","","","","","","","","","","","","","","","","","","","","","","","","","","","","",""
"WDC5JPGI","journalArticle","2008","Koechy, Martin","Effects of simulated daily precipitation patterns on annual plant populations depend on life stage and climatic region","BMC Ecology","","1472-6785","10.1186/1472-6785-8-4","http://bmcecol.biomedcentral.com/articles/10.1186/1472-6785-8-4","","2008","2024-10-06 18:12:26","2024-10-06 18:12:26","2024-10-06 18:11:41","4","","1","8","","BMC Ecol","","","","","","","","en","","","","","DOI.org (Crossref)","","","","C:\Users\rache\Zotero\storage\Q32N4PBE\Koechy - 2008 - Effects of simulated daily precipitation patterns .pdf","","","","","","","","","","","","","","","","","","","","","","","","","","","","","","","","","","","","","","","","","","","","","","","","",""
"U4ERTIQK","journalArticle","2020","Zang, Yong-Xin; Min, Xiao-Jun; de Dios, Víctor Resco; Ma, Jian-Ying; Sun, Wei","Extreme drought affects the productivity, but not the composition, of a desert plant community in Central Asia differentially across microtopographies","Science of the Total Environment","","","","https://www.sciencedirect.com/science/article/pii/S0048969720307610","","2020","2024-10-06 18:12:26","2024-10-06 18:12:26","2024-10-06 18:11:44","137251","","","717","","","","","","","","","","","","","","","Google Scholar","","Publisher: Elsevier","","C:\Users\rache\Zotero\storage\SHHHPLQM\S0048969720307610.html","","","","","","","","","","","","","","","","","","","","","","","","","","","","","","","","","","","","","","","","","","","","","","","","",""
"GVS6PCPN","journalArticle","2019","Thoma, David P.; Munson, Seth M.; Witwicki, Dana L.","Landscape pivot points and responses to water balance in national parks of the southwest US","Journal of Applied Ecology","","0021-8901, 1365-2664","10.1111/1365-2664.13250","https://besjournals.onlinelibrary.wiley.com/doi/10.1111/1365-2664.13250","Abstract                                                                A recent drying trend that is expected to continue in the southwestern US underscores the need for site‐specific and near real‐time understanding of vegetation vulnerability so that land management actions can be implemented at the right time and place.                                                                          We related the annual integrated normalized difference vegetation index (                     iNDVI                     ), a proxy for vegetation production, to water balance across landscapes of the Colorado Plateau. We determined how changes in production per unit of water (vegetation responses) and the water balance amounts at which production shifted from above to below average values (pivot points), varied across dominant vegetation and soil types.                                                                                             Precipitation (                     PRCP                     ), actual evapotranspiration (                     AET                     ), water deficit (                     D                     ), and soil moisture (                     SM                     ) explained 13%–82% of variation in vegetation production. Along an increasing water availability gradient, vegetation responses to                     PRCP                     and                     AET                     increased, responses to                     SM                     decreased, and responses to                     D                     became more negative. We found trade‐offs between vegetation responses and pivot points within and across all vegetation types that were mediated by soil properties.                                                                                             Synthesis and applications                     . The water needed by native vegetation to maintain production depends on plant traits. The water available to vegetation depends on climate and soil properties that change along environmental gradients. Tracking this biologically relevant water availability in relation to water need provides an indicator of vegetation growth or stress that can help guide the time and place for management actions.                                                                           ,              The water needed by native vegetation to maintain production depends on plant traits. The water available to vegetation depends on climate and soil properties that change along environmental gradients. Tracking this biologically relevant water availability in relation to water need provides an indicator of vegetation growth or stress that can help guide the time and place for management actions.","2019-01","2024-10-06 18:12:26","2024-10-06 18:12:26","2024-10-06 18:11:47","157-167","","1","56","","Journal of Applied Ecology","","","","","","","","en","","","","","DOI.org (Crossref)","","","","","","","","Macinnis‐Ng, Cate","","","","","","","","","","","","","","","","","","","","","","","","","","","","","","","","","","","","","","","","","","","","",""
"FJHHUG99","journalArticle","","Spielmann, Katherine A.; Hall, Sharon J.; Kruse-Peeples, Melissa R.; Nakase, Dana K.; Trujillo, Jolene E.","Soil Texture and Agricultural Resilience in the Prehistoric Southwest","VIEWING THE FUTURE IN THE PAST","","","","https://www.researchgate.net/profile/David-Goldstein-5/publication/309726633_How_Archaeology_and_the_Historical_Sciences_Can_Save_the_World_Thomas_Foster_II_David_J_Goldstein_and_Lisa_M_Paciullii/links/581f4c0f08ae12715af8eb2c/How-Archaeology-and-the-Historical-Sciences-Can-Save-the-World-Thomas-Foster-II-David-J-Goldstein-and-Lisa-M-Paciullii.pdf#page=114","","","2024-10-06 18:12:26","2024-10-06 18:12:26","2024-10-06 18:11:50","106","","","","","","","","","","","","","","","","","","Google Scholar","","","","C:\Users\rache\Zotero\storage\NEHTED3Z\Spielmann et al. - Soil Texture and Agricultural Resilience in the Pr.pdf","","","","","","","","","","","","","","","","","","","","","","","","","","","","","","","","","","","","","","","","","","","","","","","","",""
"2RF67KFW","journalArticle","2024","Suliman, Mahmoud; Scaini, Anna; Manzoni, Stefano; Vico, Giulia","Soil properties modulate actual evapotranspiration and precipitation impacts on crop yields in the USA","Science of the Total Environment","","","","https://www.sciencedirect.com/science/article/pii/S0048969724053221","","2024","2024-10-06 18:12:26","2024-10-06 18:12:26","2024-10-06 18:11:56","175172","","","949","","","","","","","","","","","","","","","Google Scholar","","Publisher: Elsevier","","","","","","","","","","","","","","","","","","","","","","","","","","","","","","","","","","","","","","","","","","","","","","","","","","",""
"7A3NLHBY","journalArticle","2022","臧永新; 尹本丰; 张署军; 张元明","荒漠短命植物地上和地下生产力对极端干旱和降水的响应.","Yingyong Shengtai Xuebao","","","","https://search.ebscohost.com/login.aspx?direct=true&profile=ehost&scope=site&authtype=crawler&jrnl=10019332&AN=161167751&h=eaIjoLDSh0gBioHnM2y8NjLzntoLRGtLZNQ5FAuKozXmG4XWPox6VSL9j44%2FrZM%2BPhAkXRABc1YY%2FnaeNjG6lg%3D%3D&crl=c","","2022","2024-10-06 18:12:26","2024-10-06 18:12:26","2024-10-06 18:11:59","","","12","33","","","","","","","","","","","","","","","Google Scholar","","","","C:\Users\rache\Zotero\storage\IVN5T7JC\wa4py6yj8t.scholar.serialssolutions.com.html","","","","","","","","","","","","","","","","","","","","","","","","","","","","","","","","","","","","","","","","","","","","","","","","",""
"MSTDGXTX","journalArticle","1994","Coffin, Debra P.; Lauenroth, William K.","Successional dynamics of a semiarid grassland: effects of soil texture and disturbance size","Vegetatio","","0042-3106","10.1007/BF00038715","https://link.springer.com/10.1007/BF00038715","","1994-01","2024-10-06 18:12:26","2024-10-06 18:12:26","2024-10-06 18:11:59","67-82","","1","110","","Vegetatio","Successional dynamics of a semiarid grassland","","","","","","","en","https://www.springer.com/tdm","","","","DOI.org (Crossref)","","","","C:\Users\rache\Zotero\storage\97ABYL2G\Coffin and Lauenroth - 1994 - Successional dynamics of a semiarid grassland eff.pdf","","","","","","","","","","","","","","","","","","","","","","","","","","","","","","","","","","","","","","","","","","","","","","","","",""
"YG5HE5PY","journalArticle","2001","Sala, Osvaldo E.","Productivity of temperate grasslands","Terrestrial global productivity","","","","https://books.google.com/books?hl=en&lr=&id=AhGl0iA74kwC&oi=fnd&pg=PA285&dq=%22inverse+texture%22+OR+%22inverse-texture%22&ots=fQ5FQLmbTp&sig=DB-3ieiZ9g20EMa8go1fmLbl2Yg","","2001","2024-10-06 18:12:26","2024-10-06 18:12:26","2024-10-06 18:12:02","285–300","","","","","","","","","","","","","","","","","","Google Scholar","","Publisher: Academic Press San Diego","","","","","","","","","","","","","","","","","","","","","","","","","","","","","","","","","","","","","","","","","","","","","","","","","","",""
"MYSQTN3X","journalArticle","2017","Augustine, David J.; Derner, Justin D.; Milchunas, Daniel; Blumenthal, Dana; Porensky, Lauren M.","Grazing moderates increases in C <sub>3</sub> grass abundance over seven decades across a soil texture gradient in shortgrass steppe","Journal of Vegetation Science","","1100-9233, 1654-1103","10.1111/jvs.12508","https://onlinelibrary.wiley.com/doi/10.1111/jvs.12508","Abstract                            Questions               How does long‐term exclusion of cattle grazing influence plant community composition in a semi‐arid grassland? Can spatial variation in the effects of cattle grazing exclusion be explained by variation in soil texture?                                         Location                                Shortgrass steppe, northeast Colorado,                 USA                 , in the North American Great Plains.                                                        Method               We used 16 long‐term (72 yr) cattle exclosures to examine the effects of grazers on plant communities and evaluate whether grazer effects interact with soil texture.                                         Results                                Although shortgrass steppe communities are relatively unaffected by grazing in the short‐term (one to two decades), exclusion of cattle grazing for seven decades caused a compositional shift from dominance by a C                 4                 shortgrass (                 Bouteloua gracilis                 ) to co‐dominance by a C                 3                 midgrass (                 Pascopyrum smithii                 ) and                 B. gracilis                 . The strength of this shift was highly variable across sites. Soil texture was correlated with the abundance of certain plant species, but did not explain variation in the magnitude of grazer effects. Grazed communities contained perennial and annual growth forms with a diversity of strategies to co‐exist with grazers and                 B. gracilis                 . Ungrazed communities included increased abundance of annual, ruderal forbs and three woody plant species. Grazing effects occurred against a backdrop of changing plant communities: during the past seven decades, C                 3                 perennial graminoids and sub‐shrubs have increased in relative abundance in both grazed and ungrazed communities.                                                        Conclusions                                Our long‐term experiment shows that community responses to grazing in this semi‐arid grassland occur very slowly, but are predictable, with C                 4                 shortgrasses eventually giving way to taller C                 3                 grasses and ruderal forbs. Spatial variation in grazing effects across sites (and lack of a relationship with soil texture) may reflect the importance of fine‐scale heterogeneity in C                 3                 grass abundance, and the slow rate at which taller C                 3                 grasses can coalesce into mono‐dominant patches that outcompete C                 4                 shortgrasses. Increased abundance of C                 3                 species over the past seven decades, both in the presence and absence of grazing, may be related to recovery from the severe drought and dust storms of the 1930s as well as enhanced growth of C                 3                 plants under increasing atmospheric [                 CO                 2                 ].","2017-05","2024-10-06 18:12:26","2024-10-06 18:12:26","2024-10-06 18:12:02","562-572","","3","28","","J Vegetation Science","","","","","","","","en","http://onlinelibrary.wiley.com/termsAndConditions#am","","","","DOI.org (Crossref)","","","","","","","","Schmidtlein, Sebastian","","","","","","","","","","","","","","","","","","","","","","","","","","","","","","","","","","","","","","","","","","","","",""
"RK64ZYJS","journalArticle","2006","Bradford, John B.; Lauenroth, William K.; Burke, Ingrid C.; Paruelo, Jose M.","The Influence of Climate, Soils, Weather, and Land Use on Primary Production and Biomass Seasonality in the US Great Plains","Ecosystems","","1432-9840, 1435-0629","10.1007/s10021-004-0164-1","http://link.springer.com/10.1007/s10021-004-0164-1","","2006-09","2024-10-06 18:12:26","2024-10-06 18:12:26","2024-10-06 18:12:05","934-950","","6","9","","Ecosystems","","","","","","","","en","http://www.springer.com/tdm","","","","DOI.org (Crossref)","","","","C:\Users\rache\Zotero\storage\W9G9PSSU\Bradford et al. - 2006 - The Influence of Climate, Soils, Weather, and Land.pdf","","","","","","","","","","","","","","","","","","","","","","","","","","","","","","","","","","","","","","","","","","","","","","","","",""
"5W8JIHZV","journalArticle","1997","Dodd, M. B.; Lauenroth, W. K.","[No title found]","Plant Ecology","","13850237","10.1023/A:1009759421640","http://link.springer.com/10.1023/A:1009759421640","","1997","2024-10-06 18:12:26","2024-10-06 18:12:26","2024-10-06 18:12:08","13-28","","1","133","","","","","","","","","","","","","","","DOI.org (Crossref)","","","","C:\Users\rache\Zotero\storage\IEKGXNCV\Dodd and Lauenroth - 1997 - [No title found].pdf","","","","","","","","","","","","","","","","","","","","","","","","","","","","","","","","","","","","","","","","","","","","","","","","",""
"DDXYTXWC","journalArticle","2024","Brown, Renée F.; Collins, Scott L.","Revisiting the bucket model: Long‐term effects of rainfall variability and nitrogen enrichment on net primary production in a desert grassland","Journal of Ecology","","0022-0477, 1365-2745","10.1111/1365-2745.14258","https://besjournals.onlinelibrary.wiley.com/doi/10.1111/1365-2745.14258","Abstract                                                                The predicted intensification of the North American Monsoon is expected to alter growing season rainfall patterns in the southwestern United States. These patterns, which have historically been characterized by frequent small rain events, are anticipated to shift towards a more extreme precipitation regime consisting of fewer, but larger rain events. Furthermore, human activities are contributing to increased atmospheric nitrogen deposition throughout this dryland region.                                                     Alterations in rainfall size and frequency, along with changes in nitrogen availability, are likely to have significant consequences for above‐ground net primary production (ANPP) and plant community dynamics in drylands. The conceptual bucket model predicts that a shift towards fewer, but larger rain events could promote greater rates of ANPP in these regions by maintaining soil moisture availability above drought stress thresholds for longer periods during the growing season. However, only a few short‐term studies have tested this hypothesis, and none have explored the interaction between altered rainfall patterns and nitrogen enrichment.                                                     To address this knowledge gap, we conducted a 14‐year rainfall addition and nitrogen fertilization experiment in a northern Chihuahuan Desert grassland to explore the long‐term impacts of changes in monsoon rainfall size and frequency, along with chronic nitrogen enrichment, on ANPP (measured as peak biomass) and plant community dynamics.                                                     Contrary to bucket model predictions, small frequent rain events promoted comparable rates of ANPP to large infrequent rain events in the absence of nitrogen enrichment. It was only when nitrogen limitation was alleviated that large infrequent rain events resulted in the greatest ANPP. Furthermore, we found that nitrogen enrichment had the greatest impact on plant community composition under the small frequent rainfall regime.                                                                          Synthesis                     . Our long‐term field experiment highlights limitations of the bucket model by demonstrating that water and nitrogen availability sequentially limit dryland ecological processes. Specifically, our findings suggest that while water availability is the primary limiting factor for above‐ground net primary production in these ecosystems, nitrogen limitation becomes increasingly important when water is not limiting. Moreover, our findings reveal that small frequent rain events play an important but underappreciated role in driving dryland ecosystem dynamics.","2024-03","2024-10-06 18:12:26","2024-10-06 18:12:26","2024-10-06 18:12:11","629-641","","3","112","","Journal of Ecology","Revisiting the bucket model","","","","","","","en","","","","","DOI.org (Crossref)","","","","C:\Users\rache\Zotero\storage\HYBK7VJJ\Brown and Collins - 2024 - Revisiting the bucket model Long‐term effects of .pdf","","","","","","","","","","","","","","","","","","","","","","","","","","","","","","","","","","","","","","","","","","","","","","","","",""
"GPGBQAX2","journalArticle","2012","Ruppert, Jan C.; Holm, Alexander; Miehe, Sabine; Muldavin, Esteban; Snyman, Hennie A.; Wesche, Karsten; Linstädter, Anja","Meta‐analysis of <span style=""font-variant:small-caps;"">ANPP</span> and rain‐use efficiency confirms indicative value for degradation and supports non‐linear response along precipitation gradients in drylands","Journal of Vegetation Science","","1100-9233, 1654-1103","10.1111/j.1654-1103.2012.01420.x","https://onlinelibrary.wiley.com/doi/10.1111/j.1654-1103.2012.01420.x","Abstract                            Questions                                In drylands                 above‐ground net primary production                 (                 ANPP                 ) and                 rain‐use efficiency                 (                 RUE                 ) are common ecological indicators for assessing ecosystem state, including degradation and supply of key ecosystem services. However, both indicators have been criticized as ‘lumped’ parameters, since they aggregate complex information. Their value as ecological parameters in decision‐making and their use in ecological modelling therefore have been challenged and their explanatory power remains unclear. Furthermore, there is no consensus about the response of                 ANPP                 and                 RUE                 along precipitation gradients.                                                        Methods                                Taking advantage of several long‐term studies in (semi‐)arid environments where                 ANPP                 and                 RUE                 were recorded, we compiled a data set of 923 yr. We used meta‐analysis to disentangle the effects of different ecological layers (climate, soil and land use) on                 ANPP                 and                 RUE                 . Linear piece‐wise quantile regression (                 LPQR                 ) was used to analyse the response of maximum and median                 ANPP                 and                 RUE                 as functions of precipitation. We assumed that looking at maximum response (instead of ‘average’ response) stratified for land‐use intensity was an ecologically more plausible way to understand                 ANPP                 constrained by precipitation and land use.                                                        Results                                We separated the impact of different environmental factors into distinct, quantitative effect sizes with the aid of meta‐analyses.                 ANPP                 was affected by recent and previous precipitation, land use, soil and biome.                 LPQR                 revealed that both parameters displayed several sequential linear intersects, which together formed a unimodal trend, peaking around precipitation of 200 mm yr                 −1                 . Unimodal response was more pronounced for maximum values (                 ANPP                 max                 ,                 RUE                 max                 ) than for median values. Peak                 ANPP                 max                 and                 RUE                 max,                 as well as post‐peak decline (>200 mm yr                 −1                 ) were affected by land use: higher land‐use intensity decreased intercepts and increases post‐peak decline.                                                        Conclusions                                Our results have important consequences for the use of                 RUE                 as an ecosystem indicator and a tool in ecosystem monitoring and decision‐making. Most importantly, grasslands, shrublands and savannas significantly differ in their primary production, with a biome‐specific importance of precipitation, land use and previous year's precipitation. We thus propose to establish biome‐specific reference values of maximum and average                 RUE                 . Our study also contributes to reconcile contradictory findings for                 ANPP                 and                 RUE                 response along precipitation gradients of varying length.","2012-12","2024-10-06 18:12:26","2024-10-06 18:12:26","2024-10-06 18:12:14","1035-1050","","6","23","","J Vegetation Science","Meta‐analysis of <span style=""font-variant","","","","","","","en","http://onlinelibrary.wiley.com/termsAndConditions#vor","","","","DOI.org (Crossref)","","","","","","","","Ward, David","","","","","","","","","","","","","","","","","","","","","","","","","","","","","","","","","","","","","","","","","","","","",""
"GD3SNQWB","journalArticle","2016","Gamoun, Mouldi","Rain Use Efficiency, Primary Production and Rainfall Relationships in Desert Rangelands of Tunisia","Land Degradation & Development","","1085-3278, 1099-145X","10.1002/ldr.2418","https://onlinelibrary.wiley.com/doi/10.1002/ldr.2418","Abstract                            Desert rangelands are characterised by low and highly variable rainfall regime, low forage production and high heterogeneity in the distribution of natural resources. This study was carried out in the desert rangelands of Tunisia to evaluate the response of different rangelands to annual rainfall in terms of aboveground net primary production (ANPP) and rain use efficiency over a 10‐year period (2003–2012). In general, ANPP values were relatively low (123 kg DM ha               −1                y               −1               ) but would tend to increase with increasing annual rainfall for all rangeland types. The highest value of ANPP was observed from               Stipagrostis pungens               and               Hammada shmittiana               communities (sandy‐soil) during the wet year 2011. In contrast, rain use efficiency tends to decline with the highest annual rainfall and varies among rangeland types and with an average of 1·9 kg DM ha               −1                mm               −1                y               −1               . Rain use efficiency tended to be higher during dry years and lower during wet years and tended to be higher on               S. pungens               and               H. shmittiana               (sandy‐soils) and lower on               Helianthemum kahiricum               (loamy soils). Therefore, understanding how rainfall affects productivity in rangelands is critical for predicting the impact of land degradation on the functioning of these ecosystems. It can be used to explain production decline associated with desertification as well as to assess rangeland conditions. Copyright © 2015 John Wiley & Sons, Ltd.","2016-04","2024-10-06 18:12:26","2024-10-06 18:12:26","2024-10-06 18:12:17","738-747","","3","27","","Land Degrad Dev","","","","","","","","en","http://onlinelibrary.wiley.com/termsAndConditions#vor","","","","DOI.org (Crossref)","","","","","","","","","","","","","","","","","","","","","","","","","","","","","","","","","","","","","","","","","","","","","","","","","","","","",""
"2Z2UPASL","journalArticle","2021","Gagnon, Alyson; Ploughe, Laura W; Harris, Michelle P; Gardner, Wendy C; Pypker, Thomas; Fraser, Lauchlan H","Grassland reclamation of a copper mine tailings facility: Long‐term effects of biosolids on plant community responses","Applied Vegetation Science","","1402-2001, 1654-109X","10.1111/avsc.12612","https://onlinelibrary.wiley.com/doi/10.1111/avsc.12612","Abstract                            Aim               We explore long‐term plant community responses 17 years after a one‐time application of biosolids (0, 50, 100, 150, 200, 250 dry Mg/ha) to determine: (a) whether the land application of biosolids on mine tailings, seeded with an agronomic grass‐legume mixture, affects long‐term plant community responses; (b) how application rates and soil texture influenced plant community responses and community structure; and (c) whether native plant species have colonized and contributed to the reclaimed plant community.                                         Location               Two tailings deposits (sand and silt loam) generated by a copper–molybdenum (Cu–Mo) mine in southern British Columbia, Canada.                                         Methods               Plant communities were sampled by visual evaluation of cover percentage to the lowest taxonomic level possible. Vegetation surveys were completed on two mine tailings deposits within the storage facility that have different soil textures (sand and silt loam).                                         Results               Results showed that the interaction of biosolids applications and soil texture impacted multiple community plant responses, including increasing plant cover at both sites, and increasing richness, evenness and diversity at the sandy site. Biosolids application enhanced the performance of spontaneously established species (volunteer species) and non‐native/naturalized grasses.                                         Conclusion               Our study demonstrated that biosolids application facilitates ecological succession by enhancing the establishment of non‐native volunteer species over the long term, which increases vegetative cover on both deposits and promotes plant communities’ diversity on sites with sandy soil texture.","2021-10","2024-10-06 18:12:26","2024-10-06 18:12:26","2024-10-06 18:12:23","e12612","","4","24","","Applied Vegetation Science","Grassland reclamation of a copper mine tailings facility","","","","","","","en","","","","","DOI.org (Crossref)","","","","","","","","Hölzel, Norbert","","","","","","","","","","","","","","","","","","","","","","","","","","","","","","","","","","","","","","","","","","","","",""
"4LCVTEIS","thesis","2020","Aney, Gjertrud E.","Landscape-Scale Modeling of Drought-and Insect-Related Tree Mortality in Northern New Mexico","","","","","https://search.proquest.com/openview/c12b7dea20cfedc33f4f674255e61ce8/1?pq-origsite=gscholar&cbl=18750&diss=y","","2020","2024-10-06 18:12:26","2024-10-06 18:12:26","2024-10-06 18:12:26","","","","","","","","","","","","New Mexico State University","","","","Master's Thesis","","","Google Scholar","","","","C:\Users\rache\Zotero\storage\9SV39R2Q\intermediateredirectforezproxy.html","","","","","","","","","","","","","","","","","","","","","","","","","","","","","","","","","","","","","","","","","","","","","","","","",""
"RTWBV488","journalArticle","2023","Lichter-Marck, Isaac H.; Baldwin, Bruce G.","Edaphic specialization onto bare, rocky outcrops as a factor in the evolution of desert angiosperms","Proceedings of the National Academy of Sciences","","0027-8424, 1091-6490","10.1073/pnas.2214729120","https://pnas.org/doi/10.1073/pnas.2214729120","Understanding the processes that enable organisms to shift into more arid environments as they emerge is critical for gauging resilience to climate change, yet these forces remain poorly known. In a comprehensive clade-based study, we investigate recent shifts into North American deserts in the rock daisies (tribe Perityleae), a diverse tribe of desert sunflowers (Compositae). We sample rock daisies across two separate contact zones between tropical deciduous forest and desert biomes in western North America and infer a time-calibrated phylogeny based on target capture sequence data. We infer biome shifts using Bayesian inference with paleobiome-informed models and find evidence for seven independent shifts into desert habitats since the onset of aridification in the late Miocene. The earliest shift occurred out of tropical deciduous forests and led to an extensive radiation throughout North American deserts that accounts for the majority of extant desert rock daisies. Estimates of life history and micro-habitat in the rock daisies reveal a correlation between a suffrutescent perennial life history and edaphic endemism onto rocky outcrops, an ecological specialization that evolved prior to establishment and diversification in deserts. That the insular radiation of desert rock daisies stemmed from ancestors preadapted for dry conditions as edaphic endemics in otherwise densely vegetated tropical deciduous forests in northwest Mexico underscores the crucial role of exaptation and dispersal for shifts into arid environments.","2023-02-07","2024-10-06 18:14:57","2024-10-06 18:14:57","2024-10-06 18:13:55","e2214729120","","6","120","","Proc. Natl. Acad. Sci. U.S.A.","","","","","","","","en","","","","","DOI.org (Crossref)","","","","C:\Users\rache\Zotero\storage\QR9MQJPY\Lichter-Marck and Baldwin - 2023 - Edaphic specialization onto bare, rocky outcrops a.pdf","","","","","","","","","","","","","","","","","","","","","","","","","","","","","","","","","","","","","","","","","","","","","","","","",""
"LUFBSCLL","journalArticle","","臧永新; 马剑英; 周晓兵; 陶冶; 尹本丰","极端干旱和降水对沙垄不同坡向坡位短命植物地上生产力的影响","植物生态学报","","","","https://www.plant-ecology.com/CN/Y2022/V46/I12/1537","","","2024-10-06 18:14:57","2024-10-06 18:14:57","2024-10-06 18:14:03","1537","","12","46","","","","","","","","","","","","","","","Google Scholar","","","","C:\Users\rache\Zotero\storage\2W5WS94D\臧永新 et al. - 极端干旱和降水对沙垄不同坡向坡位短命植物地上生产力的影响.pdf","","","","","","","","","","","","","","","","","","","","","","","","","","","","","","","","","","","","","","","","","","","","","","","","",""
"34GWZWPM","journalArticle","2008","Weng, Ensheng; Luo, Yiqi","Soil hydrological properties regulate grassland ecosystem responses to multifactor global change: A modeling analysis","Journal of Geophysical Research: Biogeosciences","","0148-0227","10.1029/2007JG000539","https://agupubs.onlinelibrary.wiley.com/doi/10.1029/2007JG000539","We conducted a modeling study to evaluate how soil hydrological properties regulate water and carbon dynamics of grassland ecosystems in response to multifactor global change. We first calibrated a process‐based terrestrial ecosystem (TECO) model against data from two experiments with warming and clipping or doubled precipitation in Great Plains. The calibrated model was used to simulate responses of soil moisture, evaporation, transpiration, runoff, net primary production (NPP), ecosystem respiration (R               h               ), and net ecosystem production (NEP) to changes in precipitation amounts and intensity, increased temperature, and elevated atmospheric [CO               2               ] along a soil texture gradient (sand, sandy loam, loam, silt loam, and clay loam). Soil available water capacity (AWC), which is the difference between field capacity and wilting point, was used as the index to represent soil hydrological properties of the five soil texture types. Simulation results showed that soil AWC altered partitioning of precipitation among runoff, evaporation, and transpiration, and consequently regulated ecosystem responses to global environmental changes. The fractions of precipitation that were used for evaporation and transpiration increased with soil AWC but decreased for runoff. High AWC could greatly buffer water stress during long drought periods, particularly after a large rainfall event. NPP, R               h               , and NEP usually increased with AWC under ambient and 50% increased precipitation scenarios. With the halved precipitation amount, NPP, R               h               , and NEP only increased from 7% to 7.5% of AWC followed by declines. Warming and CO               2               effects on soil moisture, evapotranspiration, and runoff were magnified by soil AWC. Regulatory patterns of AWC on responses of NPP, R               h               , and NEP to warming were complex. In general, CO               2               effects on NPP, R               h               , and NEP increased with soil AWC. Our results indicate that variations in soil texture may be one of the major causes underlying variable responses of ecosystems to global changes observed from different experiments.","2008-09","2024-10-06 18:14:57","2024-10-06 18:14:57","2024-10-06 18:14:03","2007JG000539","","G3","113","","J. Geophys. Res.","Soil hydrological properties regulate grassland ecosystem responses to multifactor global change","","","","","","","en","http://onlinelibrary.wiley.com/termsAndConditions#vor","","","","DOI.org (Crossref)","","","","","","","","","","","","","","","","","","","","","","","","","","","","","","","","","","","","","","","","","","","","","","","","","","","","",""
"976EADGJ","journalArticle","2019","Sanaei, Anvar; Li, Mingshi; Ali, Arshad","Topography, grazing, and soil textures control over rangelands' vegetation quantity and quality","Science of the total environment","","","","https://www.sciencedirect.com/science/article/pii/S0048969719341300","","2019","2024-10-06 18:14:57","2024-10-06 18:14:57","2024-10-06 18:14:06","134153","","","697","","","","","","","","","","","","","","","Google Scholar","","Publisher: Elsevier","","C:\Users\rache\Zotero\storage\47NVEEMS\S0048969719341300.html","","","","","","","","","","","","","","","","","","","","","","","","","","","","","","","","","","","","","","","","","","","","","","","","",""
"63N997VF","journalArticle","1997","Burke, Ingrid C.; Lauenroth, William K.; Parton, William J.","REGIONAL AND TEMPORAL VARIATION IN NET PRIMARY PRODUCTION AND NITROGEN MINERALIZATION IN GRASSLANDS","Ecology","","0012-9658","10.1890/0012-9658(1997)078[1330:RATVIN]2.0.CO;2","http://doi.wiley.com/10.1890/0012-9658(1997)078[1330:RATVIN]2.0.CO;2","","1997-07","2024-10-06 18:14:57","2024-10-06 18:14:57","2024-10-06 18:14:06","1330-1340","","5","78","","Ecology","","","","","","","","en","http://doi.wiley.com/10.1002/tdm_license_1.1","","","","DOI.org (Crossref)","","","","C:\Users\rache\Zotero\storage\STYZQQE4\Burke et al. - 1997 - REGIONAL AND TEMPORAL VARIATION IN NET PRIMARY PRO.pdf","","","","","","","","","","","","","","","","","","","","","","","","","","","","","","","","","","","","","","","","","","","","","","","","",""
"L4KSNLPD","journalArticle","2022","Veblen, Kari E.; Nehring, Kyle C.; Duniway, Michael C.; Knight, Anna; Monaco, Thomas A.; Schupp, Eugene W.; Boettinger, Janis L.; Villalba, Juan J.; Fick, Stephen; Brungard, Colby; Thacker, Eric","Soil depth and precipitation moderate soil textural effects on seedling survival of a foundation shrub species","Restoration Ecology","","1061-2971, 1526-100X","10.1111/rec.13700","https://onlinelibrary.wiley.com/doi/10.1111/rec.13700","In drylands, there is a need for controlled experiments over multiple planting years to examine how woody seedlings respond to soil texture and the potentially interactive effects of soil depth and precipitation. Understanding how multiple environmental factors interactively influence plant establishment is critical to restoration ecology and in this case to broadscale restoration efforts in western U.S. drylands dominated by big sagebrush (               Artemisia tridentata               ). We planted sagebrush seedlings across a range of soil textures and depths in the southern portion of the species' range, on the Colorado Plateau, USA. We evaluated survival of repeated plantings of caged and uncaged seedlings over 2 years across 20 plots in wet versus average precipitation years at one site, and examined broader patterns of sagebrush seedling survival during an average precipitation year in 56 plots across four sites. First‐year survival was >9× higher under wet than average precipitation. Under favorable (wet) conditions, early sagebrush seedling survival was highest on coarser soils, especially those that also had a shallower restrictive layer (e.g. 50–100 cm). Under average precipitation, soil texture and depth effects on survival of newly planted seedlings were much weaker, but older (>1 year) seedlings benefitted from growing on coarser‐textured soils. It may be possible to increase survival by sheltering seedlings with small mesh cages, which likely improve moisture availability. Our results provide new insights into environmental factors that limit woody seedling survival in drylands and illustrate that planting in wet years and incorporating detailed soil setting information could increase survival of sagebrush seedlings in restoration projects.","2022-08","2024-10-06 18:14:57","2024-10-06 18:14:57","2024-10-06 18:14:09","e13700","","6","30","","Restoration Ecology","","","","","","","","en","","","","","DOI.org (Crossref)","","","","","","","","","","","","","","","","","","","","","","","","","","","","","","","","","","","","","","","","","","","","","","","","","","","","",""
"8T9EMW57","journalArticle","2020","Duncan, Corrine; Good, Megan K.; Sluiter, Ian; Cook, Simon; Schultz, Nick L.","Soil reconstruction after mining fails to restore soil function in an Australian arid woodland","Restoration Ecology","","1061-2971, 1526-100X","10.1111/rec.13166","https://onlinelibrary.wiley.com/doi/10.1111/rec.13166","The biogeochemical properties of soils drive ecosystem function and vegetation dynamics, and hence soil restoration after mining should aim to reinstate the soil properties and hydrological dynamics of remnant ecosystems. The aim of this study is to assess soil structure in two vegetation types in an arid ecosystem, and to understand how these soil properties compare to a reconstructed soil profile after mining. In an arid ecosystem in southeast Australia, soil samples were collected at five depths (to 105 cm) from remnant woodland and shrubland sites, and sites either disturbed or totally reconstructed after mining. We assessed soil physico‐chemical properties and microbial activity. Soils in the remnant arid ecosystem had coarse‐textured topsoils that overlay clay horizons, which allows water to infiltrate and avoid evaporation, but also slows drainage to deeper horizons. Conversely, reconstructed soils had high sand content at subsoil horizons and high bulk density and compaction at surface layers (0–20 cm). Reconstructed soils had topsoils with higher pH and electrical conductivity. The reconstructed soils did not show increased microbial activity with time since restoration. Overall, the reconstructed soil horizons were not organized in a way that allowed rainfall infiltration and water storage, as is imperative to arid‐zone ecosystem function. Future restoration efforts in arid ecosystems should focus on increasing sand content of soils near the surface, to reduce evaporative water loss and improve soil quality and plant health.","2020-06","2024-10-06 18:14:57","2024-10-06 18:14:57","2024-10-06 18:14:15","","","S1","28","","Restoration Ecology","","","","","","","","en","","","","","DOI.org (Crossref)","","","","C:\Users\rache\Zotero\storage\3YMWJP7A\Duncan et al. - 2020 - Soil reconstruction after mining fails to restore .pdf","","","","","","","","","","","","","","","","","","","","","","","","","","","","","","","","","","","","","","","","","","","","","","","","",""
"IVYKHFFU","journalArticle","2024","Feldman, Andrew F.; Feng, Xue; Felton, Andrew J.; Konings, Alexandra G.; Knapp, Alan K.; Biederman, Joel A.; Poulter, Benjamin","Plant responses to changing rainfall frequency and intensity","Nature Reviews Earth & Environment","","","","https://www.nature.com/articles/s43017-024-00534-0","","2024","2024-10-06 18:14:57","2024-10-06 18:14:57","2024-10-06 18:14:18","1–19","","","","","","","","","","","","","","","","","","Google Scholar","","Publisher: Nature Publishing Group UK London","","C:\Users\rache\Zotero\storage\QJ3A6HBB\Feldman et al. - 2024 - Plant responses to changing rainfall frequency and.pdf","","","","","","","","","","","","","","","","","","","","","","","","","","","","","","","","","","","","","","","","","","","","","","","","",""
"8YPQYDD7","journalArticle","2014","Thomey, Michell L.; Collins, Scott L.; Friggens, Michael T.; Brown, Renee F.; Pockman, William T.","Effects of monsoon precipitation variability on the physiological response of two dominant C4 grasses across a semiarid ecotone","Oecologia","","0029-8549, 1432-1939","10.1007/s00442-014-3052-1","http://link.springer.com/10.1007/s00442-014-3052-1","","2014-11","2024-10-06 18:14:57","2024-10-06 18:14:57","2024-10-06 18:14:18","751-762","","3","176","","Oecologia","","","","","","","","en","","","","","DOI.org (Crossref)","","","","C:\Users\rache\Zotero\storage\VMW3YUJY\Thomey et al. - 2014 - Effects of monsoon precipitation variability on th.pdf","","","","","","","","","","","","","","","","","","","","","","","","","","","","","","","","","","","","","","","","","","","","","","","","",""
"QA7AHGDW","bookSection","1991","Gosz, James R.","Fundamental Ecological Characteristics of Landscape Boundaries","Ecotones","978-1-4615-9688-2 978-1-4615-9686-8","","","http://link.springer.com/10.1007/978-1-4615-9686-8_2","","1991","2024-10-06 18:14:57","2024-10-06 18:14:57","2024-10-06 18:14:21","8-30","","","","","","","","","","","Springer US","Boston, MA","en","","","","","DOI.org (Crossref)","","DOI: 10.1007/978-1-4615-9686-8_2","","","","","","Holland, Marjorie M.; Risser, Paul G.; Naiman, Robert J.","","","","","","","","","","","","","","","","","","","","","","","","","","","","","","","","","","","","","","","","","","","","",""
"L79G8KBR","journalArticle","2016","Tietjen, Britta","Same rainfall amount different vegetation—how environmental conditions and their interactions influence savanna dynamics","Ecological Modelling","","","","https://www.sciencedirect.com/science/article/pii/S0304380015002628","","2016","2024-10-06 18:14:57","2024-10-06 18:14:57","2024-10-06 18:14:30","13–22","","","326","","","","","","","","","","","","","","","Google Scholar","","Publisher: Elsevier","","C:\Users\rache\Zotero\storage\2KR5NQYB\S0304380015002628.html","","","","","","","","","","","","","","","","","","","","","","","","","","","","","","","","","","","","","","","","","","","","","","","","",""
"YRVJWUY9","bookSection","1992","Gosz, James R.","Ecological Functions in a Biome Transition Zone: Translating Local Responses to Broad-Scale Dynamics","Landscape Boundaries","978-1-4612-7677-7 978-1-4612-2804-2","","","http://link.springer.com/10.1007/978-1-4612-2804-2_3","","1992","2024-10-06 18:14:57","2024-10-06 18:14:57","2024-10-06 18:14:30","55-75","","","92","","","Ecological Functions in a Biome Transition Zone","","","","","Springer New York","New York, NY","","","","","","DOI.org (Crossref)","","Series Title: Ecological Studies DOI: 10.1007/978-1-4612-2804-2_3","","","","","","Hansen, Andrew J.; Di Castri, Francesco","Billings, W. D.; Golley, F.; Lange, O. L.; Olson, J. S.; Remmert, H.","","","","","","","","","","","","","","","","","","","","","","","","","","","","","","","","","","","","","","","","","","","",""
"PG86VQK7","journalArticle","1990","Coughenour, Michael B.; Coppock, David L.; Ellis, James E.","Herbaceous forage variability in an arid pastoral region of Kenya: importance of topographic and rainfall gradients","Journal of Arid Environments","","","","https://www.sciencedirect.com/science/article/pii/S0140196318308139","","1990","2024-10-06 18:14:57","2024-10-06 18:14:57","2024-10-06 18:14:33","147–159","","2","19","","","Herbaceous forage variability in an arid pastoral region of Kenya","","","","","","","","","","","","Google Scholar","","Publisher: Elsevier","","C:\Users\rache\Zotero\storage\8YIJ7WGS\S0140196318308139.html","","","","","","","","","","","","","","","","","","","","","","","","","","","","","","","","","","","","","","","","","","","","","","","","",""
"I93DGERQ","journalArticle","2004","Kröel‐Dulay, György; Ódor, Péter; Peters, Debra P. C.; Hochstrasser, Tamara","Distribution of plant species at a biome transition zone in New Mexico","Journal of Vegetation Science","","1100-9233, 1654-1103","10.1111/j.1654-1103.2004.tb02292.x","https://onlinelibrary.wiley.com/doi/10.1111/j.1654-1103.2004.tb02292.x","Abstract:                            Question:               Is there a difference in plant species and life form composition between two major patch types at a biome transition zone? Are subordinate species associated with different patch types at the shortgrass steppe — Chihuahuan desert grassland transition zone? Is this association related to differences in soil texture between patch types and the geographic range of associated species?                                         Location:               central New Mexico, USA.                                         Methods:               Patches dominated by either               Bouteloua gracilis               , the dominant species in the shortgrass steppe, or               Bouteloua eriopoda               , dominant species in the Chihuahuan desert grasslands, were sampled for the occurrence of subordinate species and soil texture within a 1500‐ha transitional mosaic of patches.                                         Results:               Of the 52 subordinate species analysed, 16 species were associated with               B. gracilis               ‐dominated patches and 12 species with               B. eriopoda               ‐dominated patches. Patches dominated by               B. gracilis               were richer in annual grasses and forbs, whereas patches dominated by               B. eriopoda               contained more perennials forbs and shrubs. Soils of               B. gracilis               ‐dominated patches had higher clay and lower rock contents compared with soils of               B. eriopoda               ‐dominated patches. Differences in species characteristics of the dominant species as well as differences in soil texture between patch types contribute to patch‐scale variation in composition. The association of species to patch types was not related to their geographic range and occurrence in the adjacent biomes.                                         Conclusions:               Patch types at this biome transition zone have characteristic life‐form and species composition, but species are associated to patch types due to local constraints, independently from their affinity to the adjacent biomes.","2004-08","2024-10-06 18:14:57","2024-10-06 18:14:57","2024-10-06 18:14:33","531-538","","4","15","","J Vegetation Science","","","","","","","","en","http://onlinelibrary.wiley.com/termsAndConditions#vor","","","","DOI.org (Crossref)","","","","","","","","","","","","","","","","","","","","","","","","","","","","","","","","","","","","","","","","","","","","","","","","","","","","",""
"QNWSEVRJ","thesis","2022","Smith, Tanner Corless","Biophysical Factors Control Invasive Grass Hot Spots in the Mojave Desert","","","","","https://search.proquest.com/openview/3866de2e9c314a8c3fa714c9b4798901/1?pq-origsite=gscholar&cbl=18750&diss=y","","2022","2024-10-06 18:14:57","2024-10-06 18:14:57","2024-10-06 18:14:42","","","","","","","","","","","","Brigham Young University","","","","Master's Thesis","","","Google Scholar","","","","C:\Users\rache\Zotero\storage\6IJFAJHQ\intermediateredirectforezproxy.html","","","","","","","","","","","","","","","","","","","","","","","","","","","","","","","","","","","","","","","","","","","","","","","","",""
"KC8MZWGL","journalArticle","2024","Goebl, April M.; Kane, Nolan C.; Doak, Daniel F.; Rieseberg, Loren H.; Ostevik, Kate L.","Adaptation to distinct habitats is maintained by contrasting selection at different life stages in sunflower ecotypes","Molecular Ecology","","0962-1083, 1365-294X","10.1111/mec.16785","https://onlinelibrary.wiley.com/doi/10.1111/mec.16785","Abstract                            Conspecific populations living in adjacent but contrasting microenvironments represent excellent systems for studying natural selection. These systems are valuable because gene flow is expected to force genetic homogeneity except at loci experiencing divergent selection. A history of reciprocal transplant and common garden studies in such systems, and a growing number of genomic studies, have contributed to understanding how selection operates in natural populations. While selection can vary across different fitness components and life stages, few studies have investigated how this ultimately affects allele frequencies and the maintenance of divergence between populations. Here, we study two sunflower ecotypes in distinct, adjacent habitats by combining demographic models with genome‐wide sequence data to estimate fitness and allele frequency change at multiple life stages. This framework allows us to estimate that only local ecotypes are likely to experience positive population growth (               λ                > 1) and that the maintenance of divergent adaptation appears to be mediated via habitat‐ and life stage‐specific selection. We identify genetic variation, significantly driven by loci in chromosomal inversions, associated with different life history strategies in neighbouring ecotypes that optimize different fitness components and may contribute to the maintenance of distinct ecotypes.                        ,                             see also the Perspective by               Maddie E. James and Daniel Ortiz‐Barrientos","2024-02","2024-10-06 18:14:57","2024-10-06 18:14:57","2024-10-06 18:14:42","e16785","","4","33","","Molecular Ecology","","","","","","","","en","","","","","DOI.org (Crossref)","","","","","","","","","","","","","","","","","","","","","","","","","","","","","","","","","","","","","","","","","","","","","","","","","","","","",""
"ZQ4KYVJ8","journalArticle","","Detling, T.; Doehring, D.; DeCoursey, W.; Hanson, O.; Hautaluoma, D.; Hoffer, B.; Wiens, J. A.; Woodmansee, R. G.","Long-Term Ecological Research Program: Shortgrass steppe","","","","","https://mountainscholar.org/bitstream/10217/80433/1/SGS_LTER_1990Proposal.pdf","","","2024-10-06 18:14:57","2024-10-06 18:14:57","2024-10-06 18:14:45","","","","","","","Long-Term Ecological Research Program","","","","","","","","","","","","Google Scholar","","","","C:\Users\rache\Zotero\storage\EEP66NJ9\Detling et al. - Long-Term Ecological Research Program Shortgrass .pdf","","","","","","","","","","","","","","","","","","","","","","","","","","","","","","","","","","","","","","","","","","","","","","","","",""
"JWLCPR2W","journalArticle","2021","Hou, Enqing; Litvak, Marcy E.; Rudgers, Jennifer A.; Jiang, Lifen; Collins, Scott L.; Pockman, William T.; Hui, Dafeng; Niu, Shuli; Luo, Yiqi","Divergent responses of primary production to increasing precipitation variability in global drylands","Global Change Biology","","1354-1013, 1365-2486","10.1111/gcb.15801","https://onlinelibrary.wiley.com/doi/10.1111/gcb.15801","Abstract                            Interannual variability in precipitation has increased globally as climate warming intensifies. The increased variability impacts both terrestrial plant production and carbon (C) sequestration. However, mechanisms driving these changes are largely unknown. Here, we examined mechanisms underlying the response of aboveground net primary production (ANPP) to interannual precipitation variability in global drylands with mean annual precipitation (MAP) <500 mm year               −1               , using a combined approach of data synthesis and process‐based modeling. We found a hump‐shaped response of ANPP to precipitation variability along the MAP gradient. The response was positive when MAP < ~300 mm year               −1               and negative when MAP was higher than this threshold, with a positive peak at 140 mm year               −1               . Transpiration and subsoil water content mirrored the response of ANPP to precipitation variability; evaporation responded negatively and water loss through runoff and drainage responded positively to precipitation variability. Mean annual temperature, soil type, and plant physiological traits all altered the magnitude but not the pattern of the response of ANPP to precipitation variability along the MAP gradient. By extrapolating to global drylands (<500 mm year               −1                MAP), we estimated that ANPP would increase by 15.2 ± 6.0 Tg C year               −1               in arid and hyper‐arid lands and decrease by 2.1 ± 0.5 Tg C year               −1               in dry sub‐humid lands under future changes in interannual precipitation variability. Thus, increases in precipitation variability will enhance primary production in many drylands in the future.","2021-10","2024-10-06 18:14:57","2024-10-06 18:14:57","2024-10-06 18:14:48","5225-5237","","20","27","","Global Change Biology","","","","","","","","en","","","","","DOI.org (Crossref)","","","","","","","","","","","","","","","","","","","","","","","","","","","","","","","","","","","","","","","","","","","","","","","","","","","","",""
"4G3HKMK5","journalArticle","2016","Moxham, Claire; Dorrough, Josh; Bramwell, Mick; Farmilo, Brad J.","Fire exclusion and soil texture interact to influence temperate grassland flora in south-eastern Australia","Australian Journal of Botany","","","","https://www.publish.csiro.au/BT/BT16056","","2016","2024-10-06 18:14:57","2024-10-06 18:14:57","2024-10-06 18:14:51","417–426","","5","64","","","","","","","","","","","","","","","Google Scholar","","Publisher: CSIRO Publishing","","C:\Users\rache\Zotero\storage\L7RDWUGB\wa4py6yj8t.scholar.serialssolutions.com.html","","","","","","","","","","","","","","","","","","","","","","","","","","","","","","","","","","","","","","","","","","","","","","","","",""
"65JK33BB","journalArticle","2012","Cabello, J.; Alcaraz-Segura, D.; Ferrero, R.; Castro, A. J.; Liras, E.","The role of vegetation and lithology in the spatial and inter-annual response of EVI to climate in drylands of Southeastern Spain","Journal of Arid Environments","","","","https://www.sciencedirect.com/science/article/pii/S0140196311003910","","2012","2024-10-06 18:14:57","2024-10-06 18:14:57","2024-10-06 18:14:57","76–83","","","79","","","","","","","","","","","","","","","Google Scholar","","Publisher: Elsevier","","C:\Users\rache\Zotero\storage\FAUG7E54\S0140196311003910.html","","","","","","","","","","","","","","","","","","","","","","","","","","","","","","","","","","","","","","","","","","","","","","","","",""
"Y7TIUJXI","journalArticle","2021","Peters, Debra PC; Savoy, Heather M.; Stillman, Susan; Huang, Haitao; Hudson, Amy R.; Sala, Osvaldo E.; Vivoni, Enrique R.","Plant species richness in multiyear wet and dry periods in the Chihuahuan Desert","Climate","","","","https://www.mdpi.com/2225-1154/9/8/130","","2021","2024-10-06 18:17:24","2024-10-06 18:17:24","2024-10-06 18:16:27","130","","8","9","","","","","","","","","","","","","","","Google Scholar","","Publisher: MDPI","","C:\Users\rache\Zotero\storage\V7F6K8IX\Peters et al. - 2021 - Plant species richness in multiyear wet and dry pe.pdf","","","","","","","","","","","","","","","","","","","","","","","","","","","","","","","","","","","","","","","","","","","","","","","","",""
"3PVJTYLA","thesis","2021","KONG, Kaman","Processes linking wind erosion and ecosystem dynamics in a dust source hotspot in East Asia (東アジアのダスト発生ホットスポットにおいて風食と生態系動態を結び付けるプロセス)","","","","","","","2021","2024-10-06 18:17:24","2024-10-06 18:17:24","","","","","","","","","","","","","School of Environmental Studies, Nagoya University","","","","PhD Thesis","","","Google Scholar","","","","","","","","","","","","","","","","","","","","","","","","","","","","","","","","","","","","","","","","","","","","","","","","","","","","",""
"KG77C3IY","journalArticle","1993","Seagle, StevenW.; McNaughton, S.J.","Simulated effects of precipitation and nitrogen on Serengeti grassland productivity","Biogeochemistry","","0168-2563, 1573-515X","10.1007/BF00000645","http://link.springer.com/10.1007/BF00000645","","1993","2024-10-06 18:17:24","2024-10-06 18:17:24","2024-10-06 18:16:30","","","3","22","","Biogeochemistry","","","","","","","","en","http://www.springer.com/tdm","","","","DOI.org (Crossref)","","","","C:\Users\rache\Zotero\storage\V7BER2F2\Seagle and McNaughton - 1993 - Simulated effects of precipitation and nitrogen on.pdf","","","","","","","","","","","","","","","","","","","","","","","","","","","","","","","","","","","","","","","","","","","","","","","","",""
"UBESB5J4","journalArticle","2020","Goebl, April M.; Kane, Nolan C.; Doak, Daniel F.; Rieseberg, Loren H.; Ostevik, Kate L.","Contrasting selection at multiple life stages maintains divergent adaptation between sunflower ecotypes","bioRxiv","","","","https://www.biorxiv.org/content/10.1101/2020.08.08.242503.abstract","","2020","2024-10-06 18:17:24","2024-10-06 18:17:24","2024-10-06 18:16:33","2020–08","","","","","","","","","","","","","","","","","","Google Scholar","","Publisher: Cold Spring Harbor Laboratory","","C:\Users\rache\Zotero\storage\8CZWUGZF\Goebl et al. - 2020 - Contrasting selection at multiple life stages main.pdf","","","","","","","","","","","","","","","","","","","","","","","","","","","","","","","","","","","","","","","","","","","","","","","","",""
"YZ8B3WUV","journalArticle","2019","Díaz, Ismael; Achkar, Marcel; Crisci, Carolina; Mazzeo, Nestor","Natural and land-use drivers of primary production in a highly vulnerable region of livestock production (Sierras del Este–Uruguay)","","","","","https://kobra.uni-kassel.de/handle/123456789/11079","","2019","2024-10-06 18:17:24","2024-10-06 18:17:24","2024-10-06 18:16:39","","","","","","","","","","","","","","","","","","","Google Scholar","","","","C:\Users\rache\Zotero\storage\MW7NRW9U\Díaz et al. - 2019 - Natural and land-use drivers of primary production.pdf","","","","","","","","","","","","","","","","","","","","","","","","","","","","","","","","","","","","","","","","","","","","","","","","",""
"3HWHK6C3","journalArticle","2007","Strohbach, Ben J.; Petersen, Andreas","Vegetation of the central Kavango woodlands in Namibia: An example from the Mile 46 Livestock Development Centre","South African Journal of Botany","","","","https://www.sciencedirect.com/science/article/pii/S025462990700213X","","2007","2024-10-06 18:17:24","2024-10-06 18:17:24","2024-10-06 18:16:42","391–401","","3","73","","","Vegetation of the central Kavango woodlands in Namibia","","","","","","","","","","","","Google Scholar","","Publisher: Elsevier","","C:\Users\rache\Zotero\storage\5SUIPS9Q\S025462990700213X.html","","","","","","","","","","","","","","","","","","","","","","","","","","","","","","","","","","","","","","","","","","","","","","","","",""
"SZ9FYR6L","journalArticle","2018","Díaza, Ismael; Achkara, Marcel; Criscib, Carolina; Mazzeoc, Néstor","Natural and land-use drivers of primary production in a highly vulnerable region of livestock production (Sierras del Este–Uruguay)","","","","","https://www.researchgate.net/profile/Ismael-Diaz/publication/331287488_Natural_and_land-use_drivers_of_primary_production_in_a_highly_vulnerable_region_of_livestock_production_Sierras_del_Este-Uruguay/links/5c706b71299bf1268d1e07d2/Natural-and-land-use-drivers-of-primary-production-in-a-highly-vulnerable-region-of-livestock-production-Sierras-del-Este-Uruguay.pdf","","2018","2024-10-06 18:17:24","2024-10-06 18:17:24","2024-10-06 18:16:45","","","","","","","","","","","","","","","","","","","Google Scholar","","","","C:\Users\rache\Zotero\storage\XM9N3GMI\Díaza et al. - 2018 - Natural and land-use drivers of primary production.pdf","","","","","","","","","","","","","","","","","","","","","","","","","","","","","","","","","","","","","","","","","","","","","","","","",""
"RTYMAGEN","journalArticle","2009","Armstrong, R. D.; Fitzpatrick, J.; Rab, M. A.; Abuzar, M.; Fisher, P. D.; O’Leary, G. J.","Advances in precision agriculture in south-eastern Australia. III. Interactions between soil properties and water use help explain spatial variability of crop production in the Victorian Mallee","Crop and Pasture Science","","","","https://www.publish.csiro.au/cp/CP08349","","2009","2024-10-06 18:17:24","2024-10-06 18:17:24","2024-10-06 18:16:48","870–884","","9","60","","","","","","","","","","","","","","","Google Scholar","","Publisher: CSIRO Publishing","","","","","","","","","","","","","","","","","","","","","","","","","","","","","","","","","","","","","","","","","","","","","","","","","","",""
"M6CSRQHT","journalArticle","2022","Ali, Arshad; Mattsson, Eskil; Nissanka, Sarath Premalal","Big-sized trees and species-functional diversity pathways mediate divergent impacts of environmental factors on individual biomass variability in Sri Lankan tropical forests","Journal of Environmental Management","","","","https://www.sciencedirect.com/science/article/pii/S0301479722007502","","2022","2024-10-06 18:17:24","2024-10-06 18:17:24","2024-10-06 18:16:51","115177","","","315","","","","","","","","","","","","","","","Google Scholar","","Publisher: Elsevier","","C:\Users\rache\Zotero\storage\EEM54KRZ\S0301479722007502.html","","","","","","","","","","","","","","","","","","","","","","","","","","","","","","","","","","","","","","","","","","","","","","","","",""
"FL3MQHJJ","journalArticle","2012","Sivandran, Gajan; Bras, Rafael L.","Identifying the optimal spatially and temporally invariant root distribution for a semiarid environment","Water Resources Research","","0043-1397, 1944-7973","10.1029/2012WR012055","https://agupubs.onlinelibrary.wiley.com/doi/10.1029/2012WR012055","In semiarid regions, the rooting strategies employed by vegetation can be critical to its survival. Arid regions are characterized by high variability in the arrival of rainfall, and species found in these areas have adapted mechanisms to ensure the capture of this scarce resource. Vegetation roots have strong control over this partitioning, and assuming a static root profile, predetermine the manner in which this partitioning is undertaken.A coupled, dynamic vegetation and hydrologic model, tRIBS + VEGGIE, was used to explore the role of vertical root distribution on hydrologic fluxes. Point‐scale simulations were carried out using two spatially and temporally invariant rooting schemes: uniform: a one‐parameter model and logistic: a two‐parameter model. The simulations were forced with a stochastic climate generator calibrated to weather stations and rain gauges in the semiarid Walnut Gulch Experimental Watershed (WGEW) in Arizona. A series of simulations were undertaken exploring the parameter space of both rooting schemes and the optimal root distribution for the simulation, which was defined as the root distribution with the maximum mean transpiration over a 100‐yr period, and this was identified. This optimal root profile was determined for five generic soil textures and two plant‐functional types (PFTs) to illustrate the role of soil texture on the partitioning of moisture at the land surface. The simulation results illustrate the strong control soil texture has on the partitioning of rainfall and consequently the depth of the optimal rooting profile. High‐conductivity soils resulted in the deepest optimal rooting profile with land surface moisture fluxes dominated by transpiration. As we move toward the lower conductivity end of the soil spectrum, a shallowing of the optimal rooting profile is observed and evaporation gradually becomes the dominate flux from the land surface. This study offers a methodology through which local plant, soil, and climate can be accounted for in the parameterization of rooting profiles in semiarid regions.           ,              Key Points                                                                Soil texture is a strong control on root distribution                                                     Stochastic rainfall results in a distribution of optimal profiles                                                     Vegetation is a strong control on the water balance fluxes","2012-12","2024-10-06 18:17:24","2024-10-06 18:17:24","2024-10-06 18:16:51","2012WR012055","","12","48","","Water Resources Research","","","","","","","","en","http://onlinelibrary.wiley.com/termsAndConditions#vor","","","","DOI.org (Crossref)","","","","","","","","","","","","","","","","","","","","","","","","","","","","","","","","","","","","","","","","","","","","","","","","","","","","",""
"YPMWIDCJ","journalArticle","2020","Villa, Pedro Manuel; Ali, Arshad; Martins, Sebastiao Venancio; de Oliveira Neto, Silvio Nolasco; Rodrigues, Alice Cristina; Teshome, Mindaye; Carvalho, Fabricio Alvim; Heringer, Gustavo; Gastauer, Markus","Stand structural attributes and functional trait composition overrule the effects of functional divergence on aboveground biomass during Amazon forest succession","Forest Ecology and Management","","","","https://www.sciencedirect.com/science/article/pii/S0378112720312500","","2020","2024-10-06 18:17:24","2024-10-06 18:17:24","2024-10-06 18:16:54","118481","","","477","","","","","","","","","","","","","","","Google Scholar","","Publisher: Elsevier","","C:\Users\rache\Zotero\storage\ZQAWUBDF\S0378112720312500.html","","","","","","","","","","","","","","","","","","","","","","","","","","","","","","","","","","","","","","","","","","","","","","","","",""
"745Q475P","journalArticle","2023","Farrell, Hannah L.; Munson, Seth M.; Butterfield, Bradley J.; Duniway, Michael C.; Faist, Akasha M.; Gornish, Elise S.; Havrilla, Caroline A.; Larios, Loralee; Reed, Sasha C.; Rowe, Helen I.; Laushman, Katherine M.; McCormick, Molly L.","Soil surface treatments and precipitation timing determine seedling development across southwestern <span style=""font-variant:small-caps;"">US</span> restoration sites","Ecological Applications","","1051-0761, 1939-5582","10.1002/eap.2834","https://esajournals.onlinelibrary.wiley.com/doi/10.1002/eap.2834","Abstract             Restoration in dryland ecosystems often has poor success due to low and variable water availability, degraded soil conditions, and slow plant community recovery rates. Restoration treatments can mitigate these constraints but, because treatments and subsequent monitoring are typically limited in space and time, our understanding of their applicability across broader environmental gradients remains limited. To address this limitation, we implemented and monitored a standardized set of seeding and soil surface treatments (pits, mulch, and ConMod artificial nurse plants) designed to enhance soil moisture and seedling establishment across RestoreNet, a growing network of 21 diverse dryland restoration sites in the southwestern USA over 3 years. Generally, we found that the timing of precipitation relative to seeding and the use of soil surface treatments were more important in determining seeded species emergence, survival, and growth than site‐specific characteristics. Using soil surface treatments in tandem with seeding promoted up to 3× greater seedling emergence densities compared with seeding alone. The positive effect of soil surface treatments became more prominent with increased cumulative precipitation since seeding. The seed mix type with species currently found within or near a site and adapted to the historical climate promoted greater seedling emergence densities compared with the seed mix type with species from warmer, drier conditions expected to perform well under climate change. Seed mix and soil surface treatments had a diminishing effect as plants developed beyond the first season of establishment. However, we found strong effects of the initial period seeded and of the precipitation leading up to each monitoring date on seedling survival over time, especially for annual and perennial forbs. The presence of exotic species exerted a negative influence on seedling survival and growth, but not initial emergence. Our findings suggest that seeded species recruitment across drylands can generally be promoted, regardless of location, by (1) incorporation of soil surface treatments, (2) employment of near‐term seasonal climate forecasts, (3) suppression of exotic species, and (4) seeding at multiple times. Taken together, these results point to a multifaceted approach to ameliorate harsh environmental conditions for improved seeding success in drylands, both now and under expected aridification.","2023-06","2024-10-06 18:17:24","2024-10-06 18:17:24","2024-10-06 18:16:57","e2834","","4","33","","Ecological Applications","Soil surface treatments and precipitation timing determine seedling development across southwestern <span style=""font-variant","","","","","","","en","","","","","DOI.org (Crossref)","","","","","","","","","","","","","","","","","","","","","","","","","","","","","","","","","","","","","","","","","","","","","","","","","","","","",""
"9B9Q6IYM","document","2012","Dev, Laura; Klein, Julia; Brown, Cynthia; Blumenthal, Dana; Hobbs, N. Thompson","Timing is Important: Seasonality of Precipitation Influences Ecosystem Properties and Response to Grazing","","","","","https://www.academia.edu/download/92395229/354437895.pdf","","2012","2024-10-06 18:17:24","2024-10-06 18:17:24","2024-10-06 18:17:00","","","","","","","Timing is Important","","","","","Master’s degree thesis, Colorado State University, Fort Collins, CO","","","","","","","Google Scholar","","","","C:\Users\rache\Zotero\storage\PVKYJMP5\Dev et al. - 2012 - Timing is Important Seasonality of Precipitation .pdf","","","","","","","","","","","","","","","","","","","","","","","","","","","","","","","","","","","","","","","","","","","","","","","","",""
"UEY5C4HK","journalArticle","2018","Pornaro, Cristina; Vincenzi, Valentina; Furin, Stefano; Fazzini, Massimiliano; Minarelli, Luca; Macolino, Stefano","Seasonal changes in dry matter yield from Karst pastures as influenced by morphoclimatic features","Plos one","","","","https://journals.plos.org/plosone/article?id=10.1371/journal.pone.0204092","","2018","2024-10-06 18:17:24","2024-10-06 18:17:24","2024-10-06 18:17:06","e0204092","","9","13","","","","","","","","","","","","","","","Google Scholar","","Publisher: Public Library of Science San Francisco, CA USA","","C:\Users\rache\Zotero\storage\M553QQEQ\Pornaro et al. - 2018 - Seasonal changes in dry matter yield from Karst pa.pdf","","","","","","","","","","","","","","","","","","","","","","","","","","","","","","","","","","","","","","","","","","","","","","","","",""
"8NVGVG3T","journalArticle","2000","Nouvellon, Yann; Rambal, Serge; Seen, D. Lo; Moran, M. Susan; Lhomme, Jean-Paul; Bégué, Agnès; Chehbouni, A. Ghani; Kerr, Yann","Modelling of daily fluxes of water and carbon from shortgrass steppes","Agricultural and Forest Meteorology","","","","https://www.sciencedirect.com/science/article/pii/S0168192399001409","","2000","2024-10-06 18:17:24","2024-10-06 18:17:24","2024-10-06 18:17:09","137–153","","2-3","100","","","","","","","","","","","","","","","Google Scholar","","Publisher: Elsevier","","C:\Users\rache\Zotero\storage\KFNQ9HUF\S0168192399001409.html","","","","","","","","","","","","","","","","","","","","","","","","","","","","","","","","","","","","","","","","","","","","","","","","",""
"JURQ68QP","journalArticle","2004","Suau, Roberto Lázaro","Implications of precipitation on vegetation of water-limited lands","","","","","https://www.researchgate.net/profile/Roberto-Lazaro/publication/291025031_Implications_of_precipitation_on_vegetation_of_water-limited_lands/links/5890739c92851c9794c676a0/Implications-of-precipitation-on-vegetation-of-water-limited-lands.pdf","","2004","2024-10-06 18:17:24","2024-10-06 18:17:24","2024-10-06 18:17:12","","","","","","","","","","","","","","","","","","","Google Scholar","","","","C:\Users\rache\Zotero\storage\8UGTMAC4\Suau - 2004 - Implications of precipitation on vegetation of wat.pdf","","","","","","","","","","","","","","","","","","","","","","","","","","","","","","","","","","","","","","","","","","","","","","","","",""
"YNKUQRW5","journalArticle","2010","Kochendorfer, J. P.; Ramirez, J. A.","Ecohydrologic controls on vegetation density and evapotranspiration partitioning across the climatic gradients of the central United States","Hydrology and Earth System Sciences","","","","https://hess.copernicus.org/articles/14/2121/2010/","","2010","2024-10-06 18:17:24","2024-10-06 18:17:24","2024-10-06 18:17:15","2121–2139","","10","14","","","","","","","","","","","","","","","Google Scholar","","Publisher: Copernicus GmbH","","C:\Users\rache\Zotero\storage\NUR4PAU7\Kochendorfer and Ramirez - 2010 - Ecohydrologic controls on vegetation density and e.pdf","","","","","","","","","","","","","","","","","","","","","","","","","","","","","","","","","","","","","","","","","","","","","","","","",""
"2F7X4KVR","journalArticle","2020","Ali, Arshad; Sanaei, Anvar; Li, Mingshi; Nalivan, Omid Asadi; Ahmadaali, Khaled; Pour, Mohsen Javanmiri; Valipour, Ahmad; Karami, Jalil; Aminpour, Mohammad; Kaboli, Hasan","Impacts of climatic and edaphic factors on the diversity, structure and biomass of species-poor and structurally-complex forests","Science of the total environment","","","","https://www.sciencedirect.com/science/article/pii/S0048969719357146","","2020","2024-10-06 18:17:24","2024-10-06 18:17:24","2024-10-06 18:17:18","135719","","","706","","","","","","","","","","","","","","","Google Scholar","","Publisher: Elsevier","","C:\Users\rache\Zotero\storage\US7ZGI6E\S0048969719357146.html","","","","","","","","","","","","","","","","","","","","","","","","","","","","","","","","","","","","","","","","","","","","","","","","",""
"LCTMFKA7","journalArticle","2019","Ali, Arshad; Lin, Si-Liang; He, Jie-Kun; Kong, Fan-Mao; Yu, Jie-Hua; Jiang, Hai-Sheng","Climatic water availability is the main limiting factor of biotic attributes across large-scale elevational gradients in tropical forests","Science of the Total Environment","","","","https://www.sciencedirect.com/science/article/pii/S0048969718329796","","2019","2024-10-06 18:17:24","2024-10-06 18:17:24","2024-10-06 18:17:21","1211–1221","","","647","","","","","","","","","","","","","","","Google Scholar","","Publisher: Elsevier","","C:\Users\rache\Zotero\storage\2EZGDX9W\S0048969718329796.html","","","","","","","","","","","","","","","","","","","","","","","","","","","","","","","","","","","","","","","","","","","","","","","","",""
"VLF73FNZ","book","2011","Weng, Ensheng","Understanding ecosystem carbon dynamics by modeling approaches","","","","","https://search.proquest.com/openview/4ac8363d0f0a369c9c3b8d9fde6adf60/1?pq-origsite=gscholar&cbl=18750","","2011","2024-10-06 18:17:24","2024-10-06 18:17:24","2024-10-06 18:17:24","","","","","","","","","","","","The University of Oklahoma","","","","","","","Google Scholar","","","","","","","","","","","","","","","","","","","","","","","","","","","","","","","","","","","","","","","","","","","","","","","","","","","","",""
"K282I73M","journalArticle","2023","Ali, Arshad","Biodiversity–ecosystem functioning research: Brief history, major trends and perspectives","Biological Conservation","","0006-3207","10.1016/j.biocon.2023.110210","https://www.sciencedirect.com/science/article/pii/S0006320723003117","Since Grime's 1973 study on the competitive exclusion of herbaceous plants, ecologists have intensively debated the Biodiversity–Ecosystem Functioning (BEF) relationships for more than 50 years (1973 – the present). Following brief history, I synthesize the major BEF trends, i.e., (1) the shift from quick-growing to long-lasting systems or from grasslands to forests; (2) the shift from species richness to multiple facets of biodiversity; (3) the shift from single ecosystem functions to multifunctionality and stability; (4) the scaling up of BEF relationships across spatiotemporal scales and environmental gradients; (5) the shift from traditional bivariate to advanced multiple multivariate statistical modelling; and (6) approximating BEF-dependent biodiversity conservation and ecosystem services. Although the question of how species diversity affects biomass productivity remains unresolved, functional trait identity (i.e., the mass ratio effect) is often considered more important than species and trait diversity (i.e., the niche complementarity effect) under the selection effect. Yet, little attention has been paid to exploring how different trophic levels affect BEF outcomes within and across ecosystems under global change which can have important implications for biodiversity conservation that underpins human well-being through ecosystem services. Thus, I summarize the key ecological theories and debated questions, and outline future research directions that can guide us on what is known, unknown known, and unknown in the current global BEF literature. Despite 50 years of debates, several unexplored geographical regions and concepts of ambiguity in BEF research and implications for biodiversity conservation remain to be explored through experiments, natural observations, and remote sensing approaches.","2023-09-01","2024-10-06 18:20:15","2024-10-06 18:20:15","2024-10-06 18:20:15","110210","","","285","","Biological Conservation","Biodiversity–ecosystem functioning research","","","","","","","","","","","","ScienceDirect","","","","C:\Users\rache\Zotero\storage\SUEL7H6S\S0006320723003117.html","","","Biological diversity; Ecological theories; Productivity; Space and time; Statistical modelling; Trophic levels","","","","","","","","","","","","","","","","","","","","","","","","","","","","","","","","","","","","","","","","","","","","","",""
"DUDLYYLD","thesis","2013","Ruoss, Sacha B.","Restoration Ecology of Rare Shallow-Soil Endemic Flora from a Semi-Arid Biodiversity Hotspot","","","","","","","2013","2024-10-06 18:22:02","2024-10-06 18:23:05","","","","","","","","","","","","","University of Western Australia","","","","PhD Thesis","","","","","","","C:\Users\rache\Zotero\storage\933IBJ8C\Ruoss_Sacha_B_2013.pdf","","","","","","","","","","","","","","","","","","","","","","","","","","","","","","","","","","","","","","","","","","","","","","","","",""
"5U2UJISM","journalArticle","","Grigg, Alasdair M","An ecophysiological approach to determine problems associated with mine-site rehabilitation: a case study in the Great Sandy Desert, north-western Australia","","","","","","","","2024-10-06 18:23:39","2024-10-06 18:23:39","","","","","","","","","","","","","","","en","","","","","Zotero","","","","C:\Users\rache\Zotero\storage\YLF5WPSZ\Grigg - An ecophysiological approach to determine problems.pdf","","","","","","","","","","","","","","","","","","","","","","","","","","","","","","","","","","","","","","","","","","","","","","","","",""
"L2XXVMTB","thesis","","McCallum, Kimberly C.","Regeneration in a changing climate: Modeling and experimental investigations of Pinus edulis recruitment","","","","","https://www.proquest.com/docview/916919861/abstract/B44C1176B1204853PQ/1","Understanding how tree distributions are constrained is a major conservation goal as changes in the environment threaten forests and ecosystems across the globe. Forest regeneration and seedling recruitment are key processes dictating species' responses to changing environments, as migration and adaptation are contingent upon these processes. In this study, I use Pinus edulis as a model species and explore environmental constraints on seedling recruitment using observational and experimental approaches. I examine P. edulis seedling recruitment at two spatial scales to evaluate the relevance of different environmental factors at different spatial scales. At the scale of the species range, I explore how climate factors constrain seedling recruitment by comparing patterns in occurrence between adult and juvenile trees. By developing a habitat suitability model based on seedling tree occurrence-climate relationships, I propose a simple but novel method for forecasting future distributions at the scale of the species range. At a smaller, local scale, I employ field observations and experimental manipulations to explore how soil heterogeneity in consort with climate influences regeneration in different ways, affecting seed germination, growth and root development. I discuss implications for long-term environmental tolerance in pinyon pines using these modeling and empirical approaches.","","2024-10-06 18:23:51","2024-10-06 18:23:51","2024-10-06 18:23:51","","81","","","","","Regeneration in a changing climate","","","","","Northern Arizona University","United States -- Arizona","English","Database copyright ProQuest LLC; ProQuest does not claim copyright in the individual underlying works.","M.S.","","","ProQuest","","ISBN: 9781267114976","","C:\Users\rache\Zotero\storage\7AXI7753\McCallum - Regeneration in a changing climate Modeling and e.pdf","","","Climate change; Ecology; Biological sciences; Soil texture; Conservation; Conservation biology; Pinus edulis; Regeneration niche; Species distribution modeling","","","","","","","","","","","","","","","","","","","","","","","","","","","","","","","","","","","","","","","","","","","","","",""
"SFBPM5LA","journalArticle","2017","Maynard, Jonathan J.; Levi, Matthew R.","Hyper-temporal remote sensing for digital soil mapping: Characterizing soil-vegetation response to climatic variability","Geoderma","","0016-7061","10.1016/j.geoderma.2016.09.024","https://www.sciencedirect.com/science/article/pii/S0016706116304906","Indices derived from remotely-sensed imagery are commonly used to predict soil properties with digital soil mapping (DSM) techniques. The use of images from single dates or a small number of dates is most common for DSM; however, selection of the appropriate images is complicated by temporal variability in land surface spectral properties. We argue that hyper-temporal remote sensing (RS) (i.e., hundreds of images) can provide novel insights into soil spatial variability by quantifying the temporal response of land surface spectral properties. This temporal response provides a spectral ‘fingerprint’ of the soil-vegetation relationship which is directly related to a range of soil properties. To evaluate the hyper-temporal RS approach, this study first reviewed and synthesized, within the context of temporal variability, previous research that has used RS imagery for DSM. Results from this analysis support the notion that temporal variability in RS spectra, as driven by soil and climate feedbacks, is an important predictor of soil variability. To explicitly evaluate this idea and to demonstrate the utility of the hyper-temporal approach, we present a case study in a semiarid landscape of southeastern Arizona, USA. In this case study surface soil texture and coarse fragment classes were predicted using a 28year time series of Landsat TM derived normalized difference vegetation index (NDVI) and modeled using support vector machine (SVM) classification, and results evaluated relative to more traditional RS approaches (e.g., mono-, bi-, and multi-temporal). Results from the case study show that SVM classification using hyper-temporal RS imagery was more effective in modeling both soil texture and coarse fragment classes relative to mono-, bi-, or multi-temporal RS, with classification accuracies of 67% and 62%, respectively. Short-term transitions between wet and dry periods (i.e., <6months) were the dominant drivers of vegetation spectral variability and corresponded to the general timing of significant RS scenes within in our SVM models, confirming the importance of spectral variability in predicting soil texture and coarse fragment classes. Results from the case study demonstrate the efficacy of the hyper-temporal RS approach in predicting soil properties and highlights how hyper-temporal RS can improve current methods of soil mapping efforts through its ability to characterize subtle changes in RS spectra relating to variation in soil properties.","2017-01-01","2024-10-06 18:24:20","2024-10-06 18:24:20","2024-10-06 18:24:20","94-109","","","285","","Geoderma","Hyper-temporal remote sensing for digital soil mapping","","","","","","","","","","","","ScienceDirect","","","","C:\Users\rache\Zotero\storage\RAV545IX\S0016706116304906.html","","","Remote sensing; Machine learning; Climatic variability; Digital soil mapping; Hyper-temporal; Landsat","","","","","","","","","","","","","","","","","","","","","","","","","","","","","","","","","","","","","","","","","","","","","",""
"ILMD5BFA","journalArticle","2019","Sanaei, Anvar; Ali, Arshad","What is the role of perennial plants in semi-steppe rangelands? Direct and indirect effects of perennial on annual plant species","Ecological Indicators","","1470-160X","10.1016/j.ecolind.2018.11.012","https://www.sciencedirect.com/science/article/pii/S1470160X18308744","Biodiversity–productivity relationships have widely been studied in natural herbaceous communities but remain debated. Here, we hypothesized that species richness of perennial plants would increase species richness of annual plants but aboveground biomass of perennial plants would restrict the species richness and aboveground biomass of annual plants across plant functional types (i.e. shrubs, forbs and graminoids) in natural rangelands. We quantified the species richness of annual and perennial plants across plant functional types, and then measured aboveground biomass destructively in 735 quadrats of semi-steppe rangelands. We used linear path analysis model to test for the multivariate effects of perennial on annual plant species using species richness and aboveground biomass datasets, in addition to the influences of grazing disturbances and soil textural properties. Our results showed the species richness of perennial plants (forbs and graminoids) generally promoted the species richness of annual plants (forbs and graminoids). However, the aboveground biomass of perennial species (shrubs, forbs and graminoids) imposed negative or negligible (i.e. nonsignificant negative) influences on the species richness and aboveground biomass of annual species (forbs and graminoids). Hence, perennial species have probably restricted the aboveground biomass of annual plant species due to the resource acquisition, but protected annual plants from grazing and other anthropogenic disturbances. This study suggests that the relationship between species richness and aboveground biomass is positive in general, regardless of the confounding effects of perennial on annual species across plant functional types. This study highlights that simply by integrative modelling of perennial and annual plant species across plant functional types for the associations between species richness and aboveground biomass, better insights can be gained into ecological mechanisms playing a role in the biodiversity conservation of natural rangelands and other natural ecosystems in general.","2019-03-01","2024-10-06 18:24:56","2024-10-06 18:24:56","2024-10-06 18:24:56","389-396","","","98","","Ecological Indicators","What is the role of perennial plants in semi-steppe rangelands?","","","","","","","","","","","","ScienceDirect","","","","C:\Users\rache\Zotero\storage\F2MCZNSC\S1470160X18308744.html","","","Competition; Facilitation; Biomass; Disturbance intensity; Niche differentiation; Plant life spans; Species richness","","","","","","","","","","","","","","","","","","","","","","","","","","","","","","","","","","","","","","","","","","","","","",""
"YBZMFZXN","journalArticle","2019","Mahgoub, Alaa M. M. A.","Comparative view for the impact of five eco factors on species distribution and weed community structure in Isthmus of Suez and adjoining farmland east Nile delta, Egypt","Heliyon","","2405-8440","10.1016/j.heliyon.2019.e02161","https://www.cell.com/heliyon/abstract/S2405-8440(19)35821-9","","2019-08-01","2024-10-06 18:26:14","2024-10-06 18:26:14","2024-10-06 18:26:14","","","8","5","","Heliyon","","","","","","","","English","","","","","www.cell.com","","Publisher: Elsevier PMID: 31517076","","C:\Users\rache\Zotero\storage\N5EAT7LB\Mahgoub - 2019 - Comparative view for the impact of five eco factor.pdf; ","http://www.ncbi.nlm.nih.gov/pubmed/31517076","","Diversity; Ecology; Plant biology; Environmental science; Agroecology; Biostatistics; Egypt; Weed flora","","","","","","","","","","","","","","","","","","","","","","","","","","","","","","","","","","","","","","","","","","","","","",""
"22BFCGTA","thesis","2008","Herpel, Nicole","The Scale-Dependent Variability of Topsoil Properties Reflecting Ecosystem Patchiness in Drylands of Southern Africa","","","","","https://ediss.sub.uni-hamburg.de/handle/ediss/2264","A part of the ecosystem, soils control the composition and abundance of plants and animals and vice versa. Thus biodiversity and pedodiversity are directly linked and also reflect geologic, topographic, climatic and anthropogenic influences. In drylands, small scale patchiness of soil properties and vegetation affects the distribution of water and nutrients and therefore ecosystem functions. However, despite this obvious significance, processes linking pattern and scale are not yet completely understood in these environments. Therefore, this work aims at investigating the variability of topsoil properties, their scale-dependent patterns, their drivers and underlying processes with the focus on the micro- (dm2 - 1 m2) and the mesoscale (1 m2 - 1000 m2). The work was conducted within the scope of the BIOTA Southern Africa project and ties in with the work of Petersen (2008), who analysed soils on a habitat and landscape scale on the same sites. Field work was conducted on or in direct vicinity to three standardised BIOTA observatories of which the ""Soebatsfontein"" observatory was located in the Succulent Karoo of South Africa and ""Gellap"" and ""Nabaos"" in the Namibian Nama Karoo. The study sites were comparable in terms of geologic and geomorphologic diversity and the annual amount of precipitation; yet they differed in rain regime (Succulent Karoo: winter rain, Nama Karoo: summer rain), vegetation and landscape dynamics. The two sites in the Nama Karoo were furthermore differentiated by contrasting landuse practices (Nabaos: communal open access farming, Gellap: commercial land management with fenced camps and grazing control). A special feature of Soebatsfontein is the occurrence of fossil termite mounds, so-called ""heuweltjies"", in the landscape that exhibit a noteworthy structuring effect. For the assessment of topsoil variability, the landscapes were subdivided into nested scales in a hierarchical system with • D1: representing the landscape scale and its degradation state (Succulent Karoo, severely and weakly degraded Nama Karoo) • D2: structuring the landscape into habitat units (e.g. Mountain Top, Slopes) • D3: subdividing habitats into mesoscale units (e.g. Matrix soils, heuweltjie centres, heuweltjie margins, different deposits of sedimentation) • D4: representing the microscale patches (e.g. open soil, plant canopy, biological soil crusts). Seven small scale study sites covering the most abundant D3-units were established in Soebatsfontein, ranging in size between 20 and 150 m2. High precision surveys were conducted on each of these sites that generated the basic data for the creation of digital elevation models (DEM). These provided information about the areal range of D3 and D4-units, the distribution of perennial plant species and test- and sampling points. The same approach was applied for Gellap and Nabaos. Here, two small scale study areas were established and surveyed on each site, ranging in size between 1,050 and 5,600 m2.  Samples of the 0-10 cm topsoil were taken separately with regard to three layers 0-1, 1-5 and 5-10 cm on five locations within each D4-unit. With this procedure, a statistical analysis was assured. The samples were analysed in the laboratory according to a set of standardised parameters that comprised pH, EC, Corg, Nt, Cinorg, total element contents, watersoluble ions, texture (in composite samples) and plant available nutrients (Kdl, Pdl). Furthermore, field tests were conducted on selected D4-units on all observatories (determination of topsoil water contents after rain events, single ring infiltration rates). The data set derived from 498 soil samples in Soebatsfontein and 363 soil samples in Gellap and Nabaos was analysed with regard to the detection of patterns on the D3- and D4-scale, the influence of microtopography and the composition of total variability in the data set in terms of differentiation into units of the scales D1 to D4, differentiation into the three topsoil layers and residual variability, the latter representing the unexplained variability occurring within the scale-units. An additional subchapter dealt with the field test measuring of small-scale hydrology effects. The main results derived for Soebatsfontein comprised the following findings: • Total variability was most strongly explained by differentiation of the data into D4- and D3-units, whereas the differentiation into D2-units explained only a small percentage of variability. • On the D3-scale, differentiation of slopes into heuweltjies and matrix had strong influence on topsoil variability in terms of pH, Cat, Mnt, Znt, Pt and plant available nutrients. The expected influence of rock fringe units on rocky outcrop areas in terms of additional nutrient supply was only partly confirmed. • On the D4-scale, comparisons of biological encrusted (BSC) and non-crusted open soil resulted in higher pH-values, lower C/N-ratios, higher silt contents within the first centimetre and corresponding increased values of particular total element contents (e.g. Mnt) on BSC-sites. Expected increased values of Nt, Corg and nutrients as described in literature were not found. • Plant canopy sites showed the fertility island-effect: topsoil below plant crowns relative to adjacent open soil was enriched in organic matter, had increased pH-values and higher contents of coarse fractions when comparing the texture. Partly,the soil was also enriched in nutrients. • Smallscale-topography showed effects on the mesoscale and in some examples explained the variability between D4-units. Correlations between microtopography and selected soil properties within D4-units were not found and could therefore not be used to explain additional percentages of variability below the D4 and Layer-hierarchical level. The main results derived for Gellap and Nabaos can be summarised as follows: • D3-units were far less determinant with regard to variability compared to Soebatsfontein due to a strong homogenising effect of landscape dynamics • D4-patchiness was far less pronounced compared to Soebatsfontein: apart from one crusted and one grassy patch, differentiation on D4-scale was limited to the alteration of open soil and much less abundant shrub patches. • The comparison of the D4-units open soil and shrub canopy resulted in strong differentiation in terms of increased Nt-, Corg, C/N- and EC-values as well as increased infiltration rates below shrubs. • In terms of microtopography, the size of phytogenic mounds showed strong positive correlations with the parameters pH, EC, Kdl and St. Between phytogenic mounds and the parameters Corg, Nt and C/N-ratios lower r-values were obtained. • Total variability was not affected by D2 in terms of pHH2O and EC2.5, but was more strongly determined by D2 with regard to those parameters that indicated parent material. • Differences in the two grazing systems were found with regard to higher pH-values in Nabaos which were attributed to geologic effects; lower nutrient contents in Nabaos indicated by lower NO3-, Corg-, Nt- and EC-values; and stronger pronounciation of shrub - open soil differentiation which was referred to either a stronger need of plants for facilitation, or the stronger destruction of Corg in open soil patches due to the degradation-induced lack of grasses and other structuring elements. • Hydrology experiments could exemplify the infiltration-controlled interaction of run-off and run-on on the small scale and the corresponding patchiness of soil water contents after a rain-event. From the findings on topsoil patchiness in the two case studies, processes on the D4-scale were deduced that are regarded as potential drivers of differentiation in dryland ecosystems in general. The main processes were combined to the process complexes small scale distribution of water, distribution of water-soluble ions, humus and nutrient accumulation and organic matter decomposition, establishment of BSC, bioturbation and trampling, wind erosion and wind accumulation. On the next hierarchical level, D3, which was also a focus of this work, differentiations were mainly driven by water- and material translocations and by biological activity. The Succulent Karoo and the Nama Karoo were found to vary strongly in terms of small-scale patterning despite the above-mentioned comparable preconditions. The causes for this phenomenon were linked to large scale impacts such as climate, geology and landuse. In the conclusion, the implications for further research and future challenges for the management of drylands are outlined.","2008","2024-10-06 18:26:46","2024-10-06 18:26:46","2024-10-06 18:26:46","","","","","","","","","","","","Staats- und Universitätsbibliothek Hamburg Carl von Ossietzky","","en","http://purl.org/coar/access_right/c_abf2","doctoralThesis","","","ediss.sub.uni-hamburg.de","","Accepted: 2020-10-19T12:22:36Z Journal Abbreviation: Die skalenabhängige Variabilität von Oberboden-Eigenschaften als Indikator kleinräumiger Musterbildungen in Trockengebieten des südlichen Afrikas","","C:\Users\rache\Zotero\storage\QCCUNMPD\2264.html","","","","","","","","","","","","","","","","","","","","","","","","","","","","","","","","","","","","","","","","","","","","","","","","",""
"TELXLMZV","journalArticle","2015","Xu, Xiaoming; Li, Dejun; Luo, Yiqi","Modeled ecosystem responses to intra-annual redistribution and levels of precipitation in a prairie grassland","Ecological Modelling","","0304-3800","10.1016/j.ecolmodel.2014.11.010","https://www.sciencedirect.com/science/article/pii/S0304380014005687","Global models projected that, precipitation in Great Plains of the United States will decrease in summer and increase in spring and winter. However, few studies had carefully examined ecosystem responses to this intra-annual redistribution of precipitation. Here we used a process-based model, Terrestrial ECOsystem (TECO) Model, to evaluate responses of ecosystem carbon processes (including net primary production (NPP), heterotrophic respiration (Rh), and net ecosystem production (NEP)) and hydrological cycles (including evapotranspiration, and runoff) to precipitation redistribution at three levels (−50%, ambient, and +50% precipitation) in five soil textures (sand, sandy loam, loam, silt loam, and clay loam). Redistribution was designed by subtracting 40% summer precipitation and adding to spring and fall. Results showed that precipitation redistribution decreased NPP, Rh, and NEP at all three precipitation levels. Responses of NPP, Rh, and NEP differed in five soil textures. Redistribution slightly increased runoff and decreased evapotranspiration. Runoff was higher in coarse textured soils and lower in fine textured soils. Responses of evapotranspiration were contrary to runoff. Precipitation levels and redistribution had little effect on mean annual soil water content (SWC), especially in coarse textured soils. Our results indicated that, besides amount and timing of precipitation, the intra-annual redistribution could also affect ecosystem carbon and water processes. Moreover, the extent to which the ecosystem responses to redistribution of precipitation is largely controlled by soil texture.","2015-02-10","2024-10-06 18:27:24","2024-10-06 18:27:24","2024-10-06 18:27:24","33-41","","","297","","Ecological Modelling","","","","","","","","","","","","","ScienceDirect","","","","C:\Users\rache\Zotero\storage\9SM56BEX\S0304380014005687.html","","","Precipitation; Carbon processes; Hydrological cycles; Intra-annual redistribution; Prairie grassland","","","","","","","","","","","","","","","","","","","","","","","","","","","","","","","","","","","","","","","","","","","","","",""
"VXQXNIUF","webpage","","","Revision of a state‐and‐transition model to include descriptions of state functional attributes - Tipton - 2018 - Ecosphere - Wiley Online Library","","","","","https://esajournals.onlinelibrary.wiley.com/doi/full/10.1002/ecs2.2201","","","2024-10-06 18:27:40","2024-10-06 18:27:40","2024-10-06 18:27:40","","","","","","","","","","","","","","","","","","","","","","","C:\Users\rache\Zotero\storage\3IFCIKZ6\ecs2.html","","","","","","","","","","","","","","","","","","","","","","","","","","","","","","","","","","","","","","","","","","","","","","","","",""
"RVDTQ8AA","journalArticle","","Collins, Fort","For the Degree of Master of Science","","","","","","","","2024-10-06 18:28:06","2024-10-06 18:28:06","","","","","","","","","","","","","","","en","","","","","Zotero","","","","C:\Users\rache\Zotero\storage\KJR7JW5W\Collins - For the Degree of Master of Science.pdf","","","","","","","","","","","","","","","","","","","","","","","","","","","","","","","","","","","","","","","","","","","","","","","","",""
"HFH4H76T","webpage","","","Desert dogma revisited: Physiological and growth responses of Larrea tridentata (Creosotebush) to annual, seasonal, and pulse precipitation - ProQuest","","","","","https://www.proquest.com/docview/305351316?pq-origsite=gscholar&fromopenview=true&sourcetype=Dissertations%20&%20Theses","","","2024-10-06 18:28:14","2024-10-06 18:28:14","2024-10-06 18:28:14","","","","","","","","","","","","","","","","","","","","","","","C:\Users\rache\Zotero\storage\3FLM2E5Y\305351316.html","","","","","","","","","","","","","","","","","","","","","","","","","","","","","","","","","","","","","","","","","","","","","","","","",""
"HFW7Q4C2","thesis","","Winter, Stephen L.","The interaction of fire and grazing in Oklahoma Artemisia filifolia shrubland","","","","","https://www.proquest.com/docview/855634233/abstract/D866171BE3454DEBPQ/1","Scope and method of study. We conducted research in Artemisia filifolia shrublands located in Woodward County, Oklahoma to determine the effect of restoring the fire-grazing interaction on vegetation structure. Data were collected for three years (2006, 2007 and 2008) in replicated pastures grazed by cattle (Bos taurus) where the fire-grazing interaction had been restored (treatment pastures) and in pastures that were grazed but remained unburned (control pastures). Findings and conclusions. Vegetation structure in Artemisia filifolia shrublands of our study site was readily altered by the fire-grazing interaction but also demonstrated substantial resilience to these effects. Most measurements of vegetation structure returned to levels characteristic of unburned sites within one to four years after being burned. The fire-grazing interaction changed the total amount of heterogeneity characterizing this system, the scale at which heterogeneity in this system was expressed and the amount of heterogeneity expressed through time. Landscapes at our study site were characterized by an inherent amount of heterogeneity in vegetation structure due to variability in topoedaphic sites while the fire-grazing interaction superimposed an additional layer of heterogeneity.","","2024-10-06 18:28:28","2024-10-06 18:28:28","2024-10-06 18:28:28","","117","","","","","","","","","","Oklahoma State University","United States -- Oklahoma","English","Database copyright ProQuest LLC; ProQuest does not claim copyright in the individual underlying works.","Ph.D.","","","ProQuest","","ISBN: 9781124487342","","","","","Disturbance; Botany; Sagebrush; Ecology; Heterogeneity; Biological sciences; Health and environmental sciences; Artemisia filifolia; Fire and grazing interaction; Great plains; Natural resource management; Patch-burn; Plant biology; Pyric herbivory","","","","","","","","","","","","","","","","","","","","","","","","","","","","","","","","","","","","","","","","","","","","","",""
"P6JMWB6R","thesis","2006","Kurc, Shirley Anne","Dynamics and controls of ecosystem scale water, carbon, and energy cycling at semiarid grassland and shrubland","","","","","https://www.proquest.com/docview/305352702/abstract/9D48EDACB4784C8APQ/1","Woody plants are invasive to native grasslands in arid and semiarid areas worldwide. Substantial changes in the water, carbon, and energy cycles are expected to accompany these woody invasions. At the Sevilleta National Wildlife Refuge in central New Mexico, the native grassland site is only about 2 km from the shrubland site. Because these sites are close together, differences in precipitation, incoming solar radiation, and other hydroclimatological factors are minimized. This allows for direct comparison of temporal variations in water, carbon, and energy, and the factors that control these variations between shrubland and grassland. Multi-year observations of ecosystem scale flux measurements are made using either the Bowen ratio method or the eddy covariance method, each accompanied by measurements of precipitation, soil moisture and radiation. The research presented here falls into three parts. First, we measured temporal fluctuations of evapotranspiration (ET) and identified key sources of the observed variability as a means to understand the coupled water and energy cycles in both semiarid grassland and shrubland. We show that timescales involved with the dynamics of ET are short, on the order of three days, largely because ET is strongly correlated with surface soil moisture. Second, having identified soil moisture distribution as the key link between hydrologic and ecologic processes in semiarid grassland and shrubland, we used ecosystem scale flux measurements to demonstrate how soil moisture influences respiration and assimilation. We show that timescales associated with assimilation are on the order of months and that assimilation is correlated with deep soil moisture. Additionally we show that timescales related to respiration just after rainstorms are short, which suggests a surface soil moisture control. Third, using our newly acquired knowledge of the relationships between soil moisture and the water and carbon cycles, we improved a well known simple hydro-ecological model based on vertically averaged root zone soil moisture by dividing the root zone into two layers: a shallow surface zone and a deep zone. Although the root zone model generates a reasonable assimilation time series, ET and respiration are better modeled with the addition of a separate surface soil moisture reservoir.","2006","2024-10-06 18:28:54","2024-10-06 18:28:54","2024-10-06 18:28:54","","169","","","","","","","","","","University of Colorado at Boulder","United States -- Colorado","English","Database copyright ProQuest LLC; ProQuest does not claim copyright in the individual underlying works.","Ph.D.","","","ProQuest","","ISBN: 9780542684609","","C:\Users\rache\Zotero\storage\5QH9ZCUG\Kurc - 2006 - Dynamics and controls of ecosystem scale water, ca.pdf","","","Shrubland; Grasslands; Grassland; Carbon cycle; Ecosystems; Woody plants; Semiarid; Biogeochemistry; Earth sciences; Health and environmental sciences; Evapotranspiration; Bowen ratio; Ecological models; Energy; Environmental science; Invasive plants; Moisture control; Rainstorms; Respiration; Root zone; Shrublands; Soil moisture; Soil surfaces; Solar radiation; Water; Wildlife; Wildlife refuges","","","","","","","","","","","","","","","","","","","","","","","","","","","","","","","","","","","","","","","","","","","","","",""