"Key","Item Type","Publication Year","Author","Title","Publication Title","ISBN","ISSN","DOI","Url","Abstract Note","Date","Date Added","Date Modified","Access Date","Pages","Num Pages","Issue","Volume","Number Of Volumes","Journal Abbreviation","Short Title","Series","Series Number","Series Text","Series Title","Publisher","Place","Language","Rights","Type","Archive","Archive Location","Library Catalog","Call Number","Extra","Notes","File Attachments","Link Attachments","Manual Tags","Automatic Tags","Editor","Series Editor","Translator","Contributor","Attorney Agent","Book Author","Cast Member","Commenter","Composer","Cosponsor","Counsel","Interviewer","Producer","Recipient","Reviewed Author","Scriptwriter","Words By","Guest","Number","Edition","Running Time","Scale","Medium","Artwork Size","Filing Date","Application Number","Assignee","Issuing Authority","Country","Meeting Name","Conference Name","Court","References","Reporter","Legal Status","Priority Numbers","Programming Language","Version","System","Code","Code Number","Section","Session","Committee","History","Legislative Body"
"XYASEUQF","journalArticle","2023","Gao, Xiaotian; Li, Frank Yonghong","The inverse texture effect of soil on vegetation in temperate grasslands of China: Benchmarking soil texture effect","Geoderma","","","","https://www.sciencedirect.com/science/article/pii/S001670612300318X","","2023","2024-10-05 01:18:23","2024-10-05 01:18:23","2024-10-05 01:17:27","116641","","","438","","","The inverse texture effect of soil on vegetation in temperate grasslands of China","","","","","","","","","","","","Google Scholar","","Publisher: Elsevier","","C:\Users\rache\Zotero\storage\ACW4K3GT\S001670612300318X.html","","","","","","","","","","","","","","","","","","","","","","","","","","","","","","","","","","","","","","","","","","","","","","","","",""
"YIF5XZNS","journalArticle","2019","Renne, Rachel R.; Bradford, John B.; Burke, Ingrid C.; Lauenroth, William K.","Soil texture and precipitation seasonality influence plant community structure in North American temperate shrub steppe","Ecology","","0012-9658, 1939-9170","10.1002/ecy.2824","https://esajournals.onlinelibrary.wiley.com/doi/10.1002/ecy.2824","Abstract                            In drylands, the coexistence of grasses and woody plants has been attributed to soil‐water resource partitioning. Soil texture and precipitation seasonality can influence the amount and distribution of water in the soil, and their interaction may play an important role in determining the relative importance of grasses and woody plants. We investigated the influence of this interaction on plant functional types across a broad range of precipitation regimes and soil textures in western North America by analyzing plant‐cover data collected at 2,084 plots that included the widespread shrub big sagebrush (               Artemisia tridentata               Nutt.). We characterized how the significance of the inverse‐texture effect varies across soil conditions by quantifying relationships between precipitation and foliar cover on finer‐ vs. coarser‐textured soils across a range of potential texture divisions represented by sand content. We found evidence of the inverse‐texture effect for every plant functional type (except for cheatgrass) that we examined with at least one component of precipitation (annual, warm, or cold season), and provide the first evidence for this effect in locations with cold‐season‐dominated precipitation regimes. The texture and precipitation combinations that exhibited the inverse‐texture effect varied with plant functional type, presumably because of effects of soil texture on water availability at different soil depths with season. Furthermore, we found an inverse‐texture effect that was remarkably similar for shrub cover with cold‐season precipitation and grass cover with warm‐season precipitation. These results provide new insight into how the inverse‐texture effect interacts with precipitation seasonality to influence plant functional type composition in drylands, and further suggest that quantifying the soil‐texture division at which the inverse‐texture effect is relevant under a given set of environmental conditions may provide support for the effect across dryland plant communities.","2019-11","2024-10-05 01:18:23","2024-10-05 01:18:23","2024-10-05 01:17:27","e02824","","11","100","","Ecology","","","","","","","","en","","","","","DOI.org (Crossref)","","","","","","","","","","","","","","","","","","","","","","","","","","","","","","","","","","","","","","","","","","","","","","","","","","","","",""
"R8387YN3","journalArticle","2019","Osborn, Blake J.; Williams, David G.","Lodgepole pine tree-ring growth, Δ 13 C and the inverse texture effect across a soil chronosequence in glacial till","Plant and Soil","","","","https://idp.springer.com/authorize/casa?redirect_uri=https://link.springer.com/article/10.1007/s11104-019-04243-2&casa_token=wp5D1vAoawUAAAAA:1gaSaHJ_zx1kQdzH3ct88MSZn4lnZsA_lZICBdsv_SxgXuTY6VYQ9VHHznYmEPhKNd5Cr6Lv6v0jYLBBcA","","2019","2024-10-05 01:18:23","2024-10-05 01:18:23","2024-10-05 01:17:29","387–399","","","443","","","","","","","","","","","","","","","Google Scholar","","Publisher: Springer","","C:\Users\rache\Zotero\storage\U8WPWQVP\s11104-019-04243-2.html","","","","","","","","","","","","","","","","","","","","","","","","","","","","","","","","","","","","","","","","","","","","","","","","",""
"9KQWX7KL","journalArticle","2015","Fensham, Roderick J.; Butler, Don W.; Foley, Jenny","How does clay constrain woody biomass in drylands?","Global Ecology and Biogeography","","1466-822X, 1466-8238","10.1111/geb.12319","https://onlinelibrary.wiley.com/doi/10.1111/geb.12319","Abstract                            Aim               To investigate the role of clay in limiting the development of woody biomass in drylands.                                         Location                                A                 ustralia.                                                        Methods                                Spatial data representing woody biomass, soil clay content and climate for the                 A                 ustralian continent were interpreted to explore the relationship between a moisture index and woody biomass on clay and non‐clay substrates. Moisture and soil water potential were investigated through time for clay and sand plains. Sub‐soil clay and other soil characteristics were compared between areas with and without high tree mortality after drought.                                                        Results                                The substantially lower woody biomass on clay soils than non‐clay soils in the drylands of the                 A                 ustralian continent verifies the inverse texture effect. A clay floodplain consistently held more water than an adjacent sandplain, but soil moisture in the clay was effectively inaccessible to plants for much longer periods because of more negative values of water potential in the clay soil. Small increases in sub‐soil clay were associated with high tree mortality.                                                        Main conclusions               Our findings suggest that the ‘inverse texture effect’, which describes the negative association of woody biomass with soil clay content in drylands, may mostly relate to the moisture‐retentive properties of clay rather than being caused by reduced infiltration and enhanced evaporation from clay‐rich soils. Our evidence suggests that clay soils constrain woodiness in drylands by exacerbating water stress, and confirm the fundamental role of aridity in determining woody biomass and the global distribution of grassland.","2015-08","2024-10-05 01:18:23","2024-10-05 01:18:23","2024-10-05 01:17:30","950-958","","8","24","","Global Ecology and Biogeography","","","","","","","","en","http://onlinelibrary.wiley.com/termsAndConditions#vor","","","","DOI.org (Crossref)","","","","","","","","","","","","","","","","","","","","","","","","","","","","","","","","","","","","","","","","","","","","","","","","","","","","",""
"BBVNX5TK","journalArticle","1997","Epstein, H. E.; Lauenroth, W. K.; Burke, I. C.","EFFECTS OF TEMPERATURE AND SOIL TEXTURE ON ANPP IN THE U.S. GREAT PLAINS","Ecology","","0012-9658","10.1890/0012-9658(1997)078[2628:EOTAST]2.0.CO;2","http://doi.wiley.com/10.1890/0012-9658(1997)078[2628:EOTAST]2.0.CO;2","","1997-12","2024-10-05 01:18:23","2024-10-05 01:18:23","2024-10-05 01:17:33","2628-2631","","8","78","","Ecology","","","","","","","","en","http://doi.wiley.com/10.1002/tdm_license_1.1","","","","DOI.org (Crossref)","","","","","","","","","","","","","","","","","","","","","","","","","","","","","","","","","","","","","","","","","","","","","","","","","","","","",""
"REDPP8FL","journalArticle","1988","Sala, O. E.; Parton, W. J.; Joyce, L. A.; Lauenroth, W. K.","Primary Production of the Central Grassland Region of the United States","Ecology","","0012-9658, 1939-9170","10.2307/1943158","https://esajournals.onlinelibrary.wiley.com/doi/10.2307/1943158","Aboveground net primary production of grasslands is strongly influenced by the amount and distribution of annual precipitation. Analysis of data collected at 9500 sites throughout the central United States confirmed the overwhelming importance of water availability as a control of production. The regional spatial pattern of production reflected the east—west gradient in annual precipitation. Lowest values of aboveground net primary production were observed in the west and highest values in the east. This spatial pattern was shifted eastward during unfavorable years and westward during favorable years. Variability in production among years was maximum in northern New Mexico and southwestern Kansas and decreased towards the north and south. The regional pattern of production was largely accounted for by annual precipitation. Production at the site level was explained by annual precipitation, soil water—holding capacity, and an interaction term. Our results support the inverse texture hypothesis. When precipitation is <370 mm/yr, sandy soils with low water—holding capacity are more productive than loamy soils with high water—holding capacity, while the opposite pattern occurs when precipitation is >370 mm/yr.","1988-02","2024-10-05 01:18:23","2024-10-05 01:18:23","2024-10-05 01:17:36","40-45","","1","69","","Ecology","","","","","","","","en","http://onlinelibrary.wiley.com/termsAndConditions#vor","","","","DOI.org (Crossref)","","","","C:\Users\rache\Zotero\storage\Z2B98WSH\Sala et al. - 1988 - Primary Production of the Central Grassland Region.pdf","","","","","","","","","","","","","","","","","","","","","","","","","","","","","","","","","","","","","","","","","","","","","","","","",""
"SMXV3S5H","journalArticle","1998","Lane, Diana R.; Coffin, Debra P.; Lauenroth, William K.","Effects of soil texture and precipitation on above‐ground net primary productivity and vegetation structure across the Central Grassland region of the United States","Journal of Vegetation Science","","1100-9233, 1654-1103","10.2307/3237123","https://onlinelibrary.wiley.com/doi/10.2307/3237123","Abstract.               A potentially important organizing principle in arid and semi‐arid systems is the inverse‐texture hypothesis which predicts that plant communities on coarse‐textured soils should have higher above‐ground net primary productivity (ANPP) than communities on fine‐textured soils; the reverse is predicted to occur in humid regions. Our objectives were: (1) to test predictions from the inverse‐texture hypothesis across a regional precipitation gradient, and (2) to evaluate changes in community composition and basal cover on coarse‐ and fine‐textured soils across this gradient to determine how these structural parameters may affect ANPP. Sites were located along a precipitation gradient through the Central Grassland region of the United States: mean annual precipitation ranges from 311 mm/y to 711 mm/y, whereas mean annual temperature ranges from 9 °C to 11 °C.                          For both coarse‐ and fine‐textured sites in 1993 and 1994, August ‐ July precipitation in the year of the study explained greater than 92% of the variability in ANPP. Soil texture did not explain a significant proportion of the variability in ANPP. However, soil texture did affect the proportion of ANPP contributed by different functional types. Forbs and shrubs made up a larger proportion of total ANPP on coarse‐ compared to fine‐textured sites. Shrubs contributed more to ANPP at the drier end of the gradient. Basal cover of live vegetation was not significantly related to precipitation and was similar for both soil textures. Our results revealed that across a regional precipitation gradient, soil texture may play a larger role in determining community composition than in determining total ANPP.","1998-04","2024-10-05 01:18:23","2024-10-05 01:18:23","2024-10-05 01:17:39","239-250","","2","9","","J Vegetation Science","","","","","","","","en","http://onlinelibrary.wiley.com/termsAndConditions#vor","","","","DOI.org (Crossref)","","","","","","","","","","","","","","","","","","","","","","","","","","","","","","","","","","","","","","","","","","","","","","","","","","","","",""
"H64C3EP3","journalArticle","2001","Fernandez‐Illescas, Coral Pilar; Porporato, Amilcare; Laio, Franscesco; Rodriguez‐Iturbe, Ignacio","The ecohydrological role of soil texture in a water‐limited ecosystem","Water Resources Research","","0043-1397, 1944-7973","10.1029/2000WR000121","https://agupubs.onlinelibrary.wiley.com/doi/10.1029/2000WR000121","Soil texture is a key variable in the coupled relationship between climate, soil, and vegetation. This coupling and its dependence on soil texture are studied in this paper using analytical descriptions for soil moisture dynamics and the corresponding vegetation water stress. Results confirm the importance of soil texture in partitioning rainfall into the mean values of the water balance loss components, namely, evapotranspiration, leakage, and runoff, and in determining vegetation water stress for the vegetation and climatic regimes of the La Copita Research Area in Texas. Two separate mechanisms by which this sensitivity to soil texture can impact the ecological structure at La Copita are illustrated. First, dynamics similar to the inverse texture effect, whereby the optimal soil texture for a given vegetation type changes with rainfall amount, are demonstrated for the two most common species at this site. Second, it is shown that soil texture plays a major role in the modulation of the impact that interannual rainfall fluctuations have on the fitness and coexistence of trees and grasses.","2001-12","2024-10-05 01:18:23","2024-10-05 01:18:23","2024-10-05 01:17:42","2863-2872","","12","37","","Water Resources Research","","","","","","","","en","http://onlinelibrary.wiley.com/termsAndConditions#vor","","","","DOI.org (Crossref)","","","","","","","","","","","","","","","","","","","","","","","","","","","","","","","","","","","","","","","","","","","","","","","","","","","","",""
"9M4MYRMM","bookSection","2008","Tsoar, H.","Land Use and its Effect on the Mobilization and Stabilization of the North-Western Negev Sand Dunes","Arid Dune Ecosystems","978-3-540-75497-8 978-3-540-75498-5","","","http://link.springer.com/10.1007/978-3-540-75498-5_6","","2008","2024-10-05 01:18:23","2024-10-05 01:18:23","2024-10-05 01:17:48","79-89","","","200","","","","","","","","Springer Berlin Heidelberg","Berlin, Heidelberg","","","","","","DOI.org (Crossref)","","Series Title: Ecological Studies DOI: 10.1007/978-3-540-75498-5_6","","","","","","Breckle, Siegmar-W.; Yair, Aaron; Veste, Maik","Caldwell, M. M.; Heldmaier, G.; Jackson, R. B.; Lange, O. L.; Mooney, H. A.; Schulze, E. -D.; Sommer, U.","","","","","","","","","","","","","","","","","","","","","","","","","","","","","","","","","","","","","","","","","","","",""
"GW5N3D7C","journalArticle","2006","Fernandez, Daniel P.; Neff, Jason C.; Belnap, Jayne; Reynolds, Richard L.","Soil respiration in the cold desert environment of the Colorado Plateau (USA): abiotic regulators and thresholds","Biogeochemistry","","","","https://idp.springer.com/authorize/casa?redirect_uri=https://link.springer.com/article/10.1007/s10533-005-4278-0&casa_token=5QD68auabOUAAAAA:0tZ5FpA2J1_i6WtRZTERN35tmrZRdlbA2kvCmpSvXv9xRsu1cdLuk88Y1JB-OJeR7MAq36RHQ7CuZctj0Q","","2006","2024-10-05 01:18:23","2024-10-05 01:18:23","2024-10-05 01:17:50","247–265","","","78","","","Soil respiration in the cold desert environment of the Colorado Plateau (USA)","","","","","","","","","","","","Google Scholar","","Publisher: Springer","","C:\Users\rache\Zotero\storage\N9VSSW3E\Fernandez et al. - 2006 - Soil respiration in the cold desert environment of.pdf","","","","","","","","","","","","","","","","","","","","","","","","","","","","","","","","","","","","","","","","","","","","","","","","",""
"6CC7MZY4","journalArticle","1989","Liang, Y. M.; Hazlett, D. L.; Lauenroth, W. K.","Biomass dynamics and water use efficiencies of five plant communities in the shortgrass steppe","Oecologia","","","","https://idp.springer.com/authorize/casa?redirect_uri=https://link.springer.com/article/10.1007/BF00380143&casa_token=FTGelbVNXM4AAAAA:VKhWinJGcDbjxVf_mtrbqXeM1X-kAE2Nbj0eoaW28os8kfI9ZvACypn-zpFVP-B1XvNArTTbnd_OAmQvXg","","1989","2024-10-05 01:18:23","2024-10-05 01:18:23","2024-10-05 01:17:57","148–153","","","80","","","","","","","","","","","","","","","Google Scholar","","Publisher: Springer","","C:\Users\rache\Zotero\storage\GI38HM8W\Liang et al. - 1989 - Biomass dynamics and water use efficiencies of fiv.pdf","","","","","","","","","","","","","","","","","","","","","","","","","","","","","","","","","","","","","","","","","","","","","","","","",""
"VJCT3TIE","journalArticle","2015","Hoover, David L.; Duniway, Michael C.; Belnap, Jayne","Pulse-drought atop press-drought: unexpected plant responses and implications for dryland ecosystems","Oecologia","","","","https://idp.springer.com/authorize/casa?redirect_uri=https://link.springer.com/article/10.1007/s00442-015-3414-3&casa_token=DJSQ_SteE3UAAAAA:eYvUyyeZ5P0HW-L1czx1Gjg_SSvvTAgHtwr9tsvcKWtSsOwMSKhhABTv43TTxNrUBH1V0YAOjZQx3AUqeQ","","2015","2024-10-05 01:18:23","2024-10-05 01:18:23","2024-10-05 01:17:59","1211–1221","","","179","","","Pulse-drought atop press-drought","","","","","","","","","","","","Google Scholar","","Publisher: Springer","","C:\Users\rache\Zotero\storage\LPGWYGHI\s00442-015-3414-3.html","","","","","","","","","","","","","","","","","","","","","","","","","","","","","","","","","","","","","","","","","","","","","","","","",""
"B2SWH4KY","journalArticle","2004","Austin, Amy T.; Yahdjian, Laura; Stark, John M.; Belnap, Jayne; Porporato, Amilcare; Norton, Urszula; Ravetta, Damián A.; Schaeffer, Sean M.","Water pulses and biogeochemical cycles in arid and semiarid ecosystems","Oecologia","","","","https://idp.springer.com/authorize/casa?redirect_uri=https://link.springer.com/article/10.1007/s00442-004-1519-1&casa_token=wPzZc5Q7prMAAAAA:-S-xbJhokOsUwJ4vR9o49gYl0lkenK3TzgR9HZpECVjrsy7W27NmRhmsTdM9jUsijVoc0OhIp2cLa0_-Jw","","2004","2024-10-05 01:18:23","2024-10-05 01:18:23","2024-10-05 01:18:05","221–235","","","141","","","","","","","","","","","","","","","Google Scholar","","Publisher: Springer","","C:\Users\rache\Zotero\storage\TNJSH6W3\s00442-004-1519-1.html","","","","","","","","","","","","","","","","","","","","","","","","","","","","","","","","","","","","","","","","","","","","","","","","",""
"WQ2Q89ZI","journalArticle","2008","Lauenroth, William K.; Milchunas, Daniel G.; Sala, Osvaldo E.; Burke, Ingrid C.; Morgan, Jack A.","Net primary production in the shortgrass steppe","Ecology of the shortgrass steppe: a long term perspective. Oxford Univ. Press, NY","","","","https://www.researchgate.net/profile/Ingrid-Burke/publication/43279620_Net_Primary_Production_in_the_Shortgrass_Steppe/links/0c96053a9fee1c8089000000/Net-Primary-Production-in-the-Shortgrass-Steppe.pdf","","2008","2024-10-05 01:18:23","2024-10-05 01:18:23","2024-10-05 01:18:08","270–305","","","","","","","","","","","","","","","","","","Google Scholar","","","","C:\Users\rache\Zotero\storage\F4DM5STP\Lauenroth et al. - 2008 - Net primary production in the shortgrass steppe.pdf","","","","","","","","","","","","","","","","","","","","","","","","","","","","","","","","","","","","","","","","","","","","","","","","",""
"7N4UF4TJ","journalArticle","2021","Kong, Kaman; Nandintsetseg, Banzragch; Shinoda, Masato","How plant production in the Mongolian grasslands is affected by wind-eroded coarse-textured topsoil","Journal of Arid Environments","","","","https://www.sciencedirect.com/science/article/pii/S0140196321000094?casa_token=eSkaybM4oEYAAAAA:tz2fsewUXSn_-y7fWHpCKxPc73xyn4Z2__3Nyq_qr3Hpxj6tZjrtcecocCwDe6-2dlou02SLDmo","","2021","2024-10-05 01:18:23","2024-10-05 01:18:23","2024-10-05 01:18:11","104443","","","189","","","","","","","","","","","","","","","Google Scholar","","Publisher: Elsevier","","C:\Users\rache\Zotero\storage\W8GC8252\S0140196321000094.html","","","","","","","","","","","","","","","","","","","","","","","","","","","","","","","","","","","","","","","","","","","","","","","","",""
"SQK2AZT4","journalArticle","2020","Detsis, Vassilis; Efthimiou, Georgios; Theodoropoulou, Olga; Siorokou, Stavroula","Determination of the environmental factors that affect the growth and survival of Greek Fir seedlings","Land","","","","https://www.mdpi.com/2073-445X/9/4/100","","2020","2024-10-05 01:18:23","2024-10-05 01:18:23","2024-10-05 01:18:14","100","","4","9","","","","","","","","","","","","","","","Google Scholar","","Publisher: MDPI","","C:\Users\rache\Zotero\storage\DFGKEFFD\Detsis et al. - 2020 - Determination of the environmental factors that af.pdf","","","","","","","","","","","","","","","","","","","","","","","","","","","","","","","","","","","","","","","","","","","","","","","","",""
"AAURWR72","journalArticle","2022","Küçük, Çağlar; Koirala, Sujan; Carvalhais, Nuno; Miralles, Diego G.; Reichstein, Markus; Jung, Martin","Characterizing the Response of Vegetation Cover to Water Limitation in Africa Using Geostationary Satellites","Journal of Advances in Modeling Earth Systems","","1942-2466, 1942-2466","10.1029/2021MS002730","https://agupubs.onlinelibrary.wiley.com/doi/10.1029/2021MS002730","Abstract             Hydrological interactions between vegetation, soil, and topography are complex, and heterogeneous in semi‐arid landscapes. This along with data scarcity poses challenges for large‐scale modeling of vegetation‐water interactions. Here, we exploit metrics derived from daily Meteosat data over Africa at ca. 5 km spatial resolution for ecohydrological analysis. Their spatial patterns are based on Fractional Vegetation Cover (FVC) time series and emphasize limiting conditions of the seasonal wet to dry transition: the minimum and maximum FVC of temporal record, the FVC decay rate and the FVC integral over the decay period. We investigate the relevance of these metrics for large scale ecohydrological studies by assessing their co‐variation with soil moisture, and with topographic, soil, and vegetation factors. Consistent with our initial hypothesis, FVC minimum and maximum increase with soil moisture, while the FVC integral and decay rate peak at intermediate soil moisture. We find evidence for the relevance of topographic moisture variations in arid regions, which, counter‐intuitively, is detectable in the maximum but not in the minimum FVC. We find no clear evidence for wide‐spread occurrence of the “inverse texture effect” on FVC. The FVC integral over the decay period correlates with independent data sets of plant water storage capacity or rooting depth while correlations increase with aridity. In arid regions, the FVC decay rate decreases with canopy height and tree cover fraction as expected for ecosystems with a more conservative water‐use strategy. Thus, our observation‐based products have large potential for better understanding complex vegetation‐water interactions from regional to continental scales.           ,              Plain Language Summary             Local‐scale processes controlling vegetation dynamics under water limitation are highly uncertain at large scales, despite their importance on global carbon and water cycles. This is particularly pronounced in Africa due to the scarcity of ground measurements despite the importance of African ecosystems due to their contribution to global cycles and their services to population. In order to overcome this problem, we developed a set of metrics based on the fractional vegetation cover observed from the European geostationary satellite. The metrics, derived from the daily fractional vegetation cover data help diagnose ecohydrological processes thanks to their high spatiotemporal resolution. Initial analyses show consistent continental gradients in the metrics together with strong local variations and corroboration with different data sets from independent sources, in agreement with the literature.           ,              Key Points                                                                We derive ecohydrological metrics from seasonal decays in geostationary satellite data of vegetation cover over Africa at 5 km resolution                                                     The metrics covary with soil moisture, contain information on water sources apart from precipitation and vegetation access by deep rooting                                                     Land surface models can benefit from these metrics by tailored evaluation, calibration, and parameterization of ecohydrological processes","2022-03","2024-10-05 01:18:23","2024-10-05 01:18:23","2024-10-05 01:18:15","e2021MS002730","","3","14","","J Adv Model Earth Syst","","","","","","","","en","","","","","DOI.org (Crossref)","","","","C:\Users\rache\Zotero\storage\LRYHGX5B\Küçük et al. - 2022 - Characterizing the Response of Vegetation Cover to.pdf","","","","","","","","","","","","","","","","","","","","","","","","","","","","","","","","","","","","","","","","","","","","","","","","",""
"P7LLH97X","journalArticle","2012","Looney, Christopher E.; Sullivan, Benjamin W.; Kolb, Thomas E.; Kane, Jeffrey M.; Hart, Stephen C.","Pinyon pine (Pinus edulis) mortality and response to water addition across a three million year substrate age gradient in northern Arizona, USA","Plant and Soil","","","","https://idp.springer.com/authorize/casa?redirect_uri=https://link.springer.com/article/10.1007/s11104-012-1150-6&casa_token=Rw9q-JvZN8kAAAAA:fsMZZ9LzAKR5XDYerktS7NoAyCw54QwVj2YZ8hPbzy-OISH2igyuezPQtyoMoNUzO5P86O3l7qFzUVdHrQ","","2012","2024-10-05 01:18:23","2024-10-05 01:18:23","2024-10-05 01:18:17","89–102","","","357","","","","","","","","","","","","","","","Google Scholar","","Publisher: Springer","","C:\Users\rache\Zotero\storage\34RFEJGA\s11104-012-1150-6.html","","","","","","","","","","","","","","","","","","","","","","","","","","","","","","","","","","","","","","","","","","","","","","","","",""
"4PJMQNQI","journalArticle","2001","Laio, Francesco; Porporato, Amilcare; Fernandez-Illescas, C. P.; Rodriguez-Iturbe, I.","Plants in water-controlled ecosystems: active role in hydrologic processes and response to water stress: IV. Discussion of real cases","Advances in Water Resources","","","","https://www.sciencedirect.com/science/article/pii/S0309170801000070?casa_token=i9Qmck4gj_8AAAAA:p78dNwqy98mUkpKYBqcJpW8uYOTmOorPO1zgP3hX3seK410zS1om0rftDuVO3aenj39NYdlZ9mo","","2001","2024-10-05 01:18:23","2024-10-05 01:18:23","2024-10-05 01:18:23","745–762","","7","24","","","Plants in water-controlled ecosystems","","","","","","","","","","","","Google Scholar","","Publisher: Elsevier","","C:\Users\rache\Zotero\storage\23LAZGYK\S0309170801000070.html","","","","","","","","","","","","","","","","","","","","","","","","","","","","","","","","","","","","","","","","","","","","","","","","",""
"9UK6L3BJ","journalArticle","2019","Ji, Wenjie; Hanan, Niall P.; Browning, Dawn M.; Monger, H. Curtis; Peters, Debra P. C.; Bestelmeyer, Brandon T.; Archer, Steve R.; Ross, C. Wade; Lind, Brianna M.; Anchang, Julius; Kumar, Sanath S.; Prihodko, Lara","Constraints on shrub cover and shrub–shrub competition in a U.S. southwest desert","Ecosphere","","2150-8925, 2150-8925","10.1002/ecs2.2590","https://esajournals.onlinelibrary.wiley.com/doi/10.1002/ecs2.2590","Abstract             The cover of woody perennial plants (trees and shrubs) in arid ecosystems is at least partially constrained by water availability. However, the extent to which maximum canopy cover is limited by rainfall and the degree to which soil water holding capacity and topography impacts maximum shrub cover are not well understood. Similar to other deserts in the U.S. southwest, plant communities at the Jornada Basin Long‐Term Ecological Research site in the northern Chihuahuan Desert have experienced a long‐term state change from perennial grassland to shrubland dominated by woody plants. To better understand this transformation, and the environmental controls and constraints on shrub cover, we created a shrub cover map using high spatial resolution images and explored how maximum shrub cover varies with landform, water availability, and soil characteristics. Our results indicate that when clay content is below ~18%, the upper limit of shrub cover is positively correlated with plant available water as mediated by surface soil clay influence on water retention. At surface soil clay contents >18%, maximum shrub cover decreases, presumably because the amount of water percolating to depths preferentially used by deep‐rooted shrubs is diminished. In addition, the relationship between shrub cover and density suggests that self‐thinning occurs in denser stands in most landforms of the Jornada Basin, indicating that shrub–shrub competition interacts with soil properties to constrain maximum shrub cover in the northern Chihuahuan Desert.","2019-02","2024-10-05 01:20:35","2024-10-05 01:20:35","2024-10-05 01:19:38","e02590","","2","10","","Ecosphere","","","","","","","","en","","","","","DOI.org (Crossref)","","","","C:\Users\rache\Zotero\storage\5NP7SQKB\Ji et al. - 2019 - Constraints on shrub cover and shrub–shrub competi.pdf","","","","","","","","","","","","","","","","","","","","","","","","","","","","","","","","","","","","","","","","","","","","","","","","",""
"QB5PW27H","journalArticle","2019","Theilmann, Mira Lizabeth","Interactions Between Ecosystem Dynamics On Belowground Microbial Community Capacity Under Semiarid And Arid Conditions","","","","","https://repository.arizona.edu/bitstream/handle/10150/632865/azu_etd_hr_2019_0231_sip1_m.pdf?sequence=1","","2019","2024-10-05 01:20:35","2024-10-05 01:20:35","2024-10-05 01:19:41","","","","","","","","","","","","","","","","","","","Google Scholar","","Publisher: The University of Arizona.","","C:\Users\rache\Zotero\storage\LZLW7Z7L\Theilmann - 2019 - Interactions Between Ecosystem Dynamics On Belowgr.pdf","","","","","","","","","","","","","","","","","","","","","","","","","","","","","","","","","","","","","","","","","","","","","","","","",""
"LDF78Q7P","preprint","2021","Küçük, Çağlar; Koirala, Sujan; Carvalhais, Nuno; Miralles, Diego G.; Reichstein, Markus; Jung, Martin","Characterising the response of vegetation cover to water limitation in Africa using geostationary satellites","","","","10.1002/essoar.10504964.2","https://essopenarchive.org/doi/full/10.1002/essoar.10504964.2","","2021-08-19","2024-10-05 01:20:35","2024-10-05 01:20:35","2024-10-05 01:19:41","","","","","","","","","","","","","","en","","","","","Hydrology","","","","C:\Users\rache\Zotero\storage\DRL7SNHM\Küçük et al. - 2021 - Characterising the response of vegetation cover to.pdf","","","","","","","","","","","","","","","","","","","","","","","","","","","","","","","","","","","","","","","","","","","","","","","","",""
"UUM2FHUT","journalArticle","2013","Hall, Sharon J.; Trujillo, Jolene; Nakase, Dana; Strawhacker, Colleen; Kruse-Peeples, Melissa; Schaafsma, Hoski; Briggs, John","Legacies of prehistoric agricultural practices within plant and soil properties across an arid ecosystem","Ecosystems","","","","https://idp.springer.com/authorize/casa?redirect_uri=https://link.springer.com/article/10.1007/s10021-013-9681-0&casa_token=Zeu3SGo9bZIAAAAA:0r1qgyaHYZJn8I5YS3xQsDmOT8o1goeDK5G_GwdGl5zI8Gfgj_F6EZLrn2BaLQi_klIN3HY_MkV6lM5pUQ","","2013","2024-10-05 01:20:35","2024-10-05 01:20:35","2024-10-05 01:19:49","1273–1293","","","16","","","","","","","","","","","","","","","Google Scholar","","Publisher: Springer","","C:\Users\rache\Zotero\storage\CGQJVDFG\s10021-013-9681-0.html","","","","","","","","","","","","","","","","","","","","","","","","","","","","","","","","","","","","","","","","","","","","","","","","",""
"TXYZKGUX","book","2007","Rodríguez-Iturbe, Ignacio; Porporato, Amilcare","Ecohydrology of water-controlled ecosystems: soil moisture and plant dynamics","","","","","https://books.google.com/books?hl=en&lr=&id=XERRFS6qT1kC&oi=fnd&pg=PP1&dq=%22inverse+texture%22+OR+%22inverse-texture%22&ots=Se22xeia5c&sig=jdE_excPkq1enKRarbk8BNg2GGY","","2007","2024-10-05 01:20:35","2024-10-05 01:20:35","2024-10-05 01:19:53","","","","","","","Ecohydrology of water-controlled ecosystems","","","","","Cambridge University Press","","","","","","","Google Scholar","","","","","","","","","","","","","","","","","","","","","","","","","","","","","","","","","","","","","","","","","","","","","","","","","","","","",""
"UFLNZ8XG","journalArticle","2013","Siegal, Zehava; Tsoar, Haim; Karnieli, Arnon","Effects of prolonged drought on the vegetation cover of sand dunes in the NW Negev Desert: field survey, remote sensing and conceptual modeling","Aeolian Research","","","","https://www.sciencedirect.com/science/article/pii/S1875963713000177?casa_token=JpjF2valjZ0AAAAA:smo47FdpiucRylHMn8WX9B-nDZdms7EhJ-QBfskSXvbjSWzYBSSY1tzeTR-Zo0TQVa9r_c2CdX4","","2013","2024-10-05 01:20:35","2024-10-05 01:20:35","2024-10-05 01:19:55","161–173","","","9","","","Effects of prolonged drought on the vegetation cover of sand dunes in the NW Negev Desert","","","","","","","","","","","","Google Scholar","","Publisher: Elsevier","","C:\Users\rache\Zotero\storage\HEDP8VR9\S1875963713000177.html","","","","","","","","","","","","","","","","","","","","","","","","","","","","","","","","","","","","","","","","","","","","","","","","",""
"VPXBZFWS","journalArticle","2009","Yang, Y. H.; Fang, J. Y.; Pan, Y. D.; Ji, C. J.","Aboveground biomass in Tibetan grasslands","Journal of Arid Environments","","","","https://www.sciencedirect.com/science/article/pii/S0140196308002814?casa_token=YmOJzoLdohgAAAAA:3LmwLlvg4pXLLZXx8LCy5clLmAhMlmQhTSpFmOwECwJn6UwYEhRQGDOgWjJ-_8DaxYoj_ag7N4I","","2009","2024-10-05 01:20:35","2024-10-05 01:20:35","2024-10-05 01:19:59","91–95","","1","73","","","","","","","","","","","","","","","Google Scholar","","Publisher: Elsevier","","C:\Users\rache\Zotero\storage\VZZ4XEF5\S0140196308002814.html","","","","","","","","","","","","","","","","","","","","","","","","","","","","","","","","","","","","","","","","","","","","","","","","",""
"TPZYPUUJ","journalArticle","2008","Steppe, Shortgrass","Net primary production (NPP), the amount of carbon or energy fixed by green plants in excess of their respiratory needs, is the funda-mental quantity upon which all heterotrophs and the ecosystem processes they are associated with depend. Understanding NPP is therefore a prerequisite to under-standing ecosystem dynamics. Our objectives for this chapter are to describe the current state of our knowledge about the temporal and spatial patterns of NPP in the shortgrass steppe, to evaluate the important variables that control NPP, and to discuss the future of NPP in the shortgrass steppe given current hypotheses","Ecology of the Shortgrass Steppe: A Long-Term Perspective","","","","https://books.google.com/books?hl=en&lr=&id=g4YRDAAAQBAJ&oi=fnd&pg=PA270&dq=%22inverse+texture%22+OR+%22inverse-texture%22&ots=IouXJpRQWx&sig=NMwTZwK-2DDp8fhZKw5jIuCYO6I","","2008","2024-10-05 01:20:35","2024-10-05 01:20:35","2024-10-05 01:20:01","270","","","","","","","","","","","","","","","","","","Google Scholar","","Publisher: Oxford University Press","","","","","","","","","","","","","","","","","","","","","","","","","","","","","","","","","","","","","","","","","","","","","","","","","","",""
"7LZ846QR","journalArticle","2007","Brown, Gary; Aspinall, Simon; Sakkir, Sabitha","The vegetation of the coastal white sands at Taweela (Abu Dhabi Emirate)","Tribulus","","","","https://go.gale.com/ps/i.do?id=GALE%7CA381147592&sid=googleScholar&v=2.1&it=r&linkaccess=abs&issn=10196919&p=AONE&sw=w","","2007","2024-10-05 01:20:35","2024-10-05 01:20:35","2024-10-05 01:20:04","5–16","","","17","","","","","","","","","","","","","","","Google Scholar","","Publisher: Emirates Natural History Group","","","","","","","","","","","","","","","","","","","","","","","","","","","","","","","","","","","","","","","","","","","","","","","","","","",""
"JWR57AA5","journalArticle","2022","Zhu, Xinrong; Liu, Hongyan; Xu, Chongyang; Wu, Lu; Shi, Liang; Liu, Feng","Soil coarsening alleviates precipitation constraint on vegetation growth in global drylands","Environmental Research Letters","","","","https://iopscience.iop.org/article/10.1088/1748-9326/ac953f/meta","","2022","2024-10-05 01:20:35","2024-10-05 01:20:35","2024-10-05 01:20:08","114008","","11","17","","","","","","","","","","","","","","","Google Scholar","","Publisher: IOP Publishing","","","","","","","","","","","","","","","","","","","","","","","","","","","","","","","","","","","","","","","","","","","","","","","","","","",""
"P5EMRSCM","journalArticle","2014","Beal, Lakin K.","Contrasting Effects on Soil Age and Parent Material on Hydraulic Properties in Cold Desert Ecosystems at Craters of the Moon National Monument and Preserve, Idaho, USA","","","","","","","2014","2024-10-05 01:20:35","2024-10-05 01:20:35","","","","","","","","","","","","","","","","","","","","Google Scholar","","","","","","","","","","","","","","","","","","","","","","","","","","","","","","","","","","","","","","","","","","","","","","","","","","","","",""
"KGADGV5X","bookSection","2024","Brown, Gary; Feulner, Gary R.","The Vegetation of the United Arab Emirates and Ecosystem Management Issues","A Natural History of the Emirates","978-3-031-37396-1 978-3-031-37397-8","","","https://link.springer.com/10.1007/978-3-031-37397-8_5","Abstract             This chapter discusses the terrestrial vegetation of the United Arab Emirates, and the main units are described in the context of broad habitat types. Despite the huge increase in human activity over the past decades, natural terrestrial habitat types continue to occupy, by far, the larger part of the country. However, they are often severely degraded. The main issues affecting the flora and vegetation are largely the same as in other arid parts of the world, with overgrazing remaining a serious challenge. With regard to tackling these major issues, the various emirates have begun to create a network of protected areas. Effective management plans are required to ensure that they fulfil their role in protecting the natural heritage of the country. If rigorously implemented, the recently introduced ‘grazing law’ in Abu Dhabi emirate could create a useful blueprint for a sustainable grazing regime outside of the protected areas, leading to an enhancement of ecosystem functioning over the longer term.","2024","2024-10-05 01:20:35","2024-10-05 01:20:35","2024-10-05 01:20:11","121-159","","","","","","","","","","","Springer Nature Switzerland","Cham","en","","","","","DOI.org (Crossref)","","DOI: 10.1007/978-3-031-37397-8_5","","C:\Users\rache\Zotero\storage\KFW8Z777\Brown and Feulner - 2024 - The Vegetation of the United Arab Emirates and Eco.pdf","","","","Burt, John A.","","","","","","","","","","","","","","","","","","","","","","","","","","","","","","","","","","","","","","","","","","","","",""
"VHMJH8RV","journalArticle","1998","Singh, J. S.; Milchunas, D. G.; Lauenroth, W. K.","Soil water dynamics and vegetation patterns in a semiarid grassland","Plant ecology","","","","https://idp.springer.com/authorize/casa?redirect_uri=https://link.springer.com/article/10.1023/A:1009769620488&casa_token=_Q4j70yZMYEAAAAA:E3kDoMjm7uGSlOBBNZ2Ef-kkkbKer_tsvfPiJXvCYawAqpfrUh8Og-pgIVGz2Rzm6tuVAaqh7zVB7SX4yQ","","1998","2024-10-05 01:20:35","2024-10-05 01:20:35","2024-10-05 01:20:13","77–89","","","134","","","","","","","","","","","","","","","Google Scholar","","Publisher: Springer","","C:\Users\rache\Zotero\storage\TQ356NUF\Singh et al. - 1998 - Soil water dynamics and vegetation patterns in a s.pdf","","","","","","","","","","","","","","","","","","","","","","","","","","","","","","","","","","","","","","","","","","","","","","","","",""
"R5ZMDH6J","journalArticle","2020","Liu, Hu; Wu, Chuandong; Yu, Yang; Zhao, Wenzhi; Yang, Qiyue; Wang, Sijia; Liu, Jintao","Modeling the physiological responses of a desert shrub to rainfall pulses in an arid environment in northwestern China","Journal of Arid Environments","","","","https://www.sciencedirect.com/science/article/pii/S0140196320301762?casa_token=UaOEQsKpR3QAAAAA:KAtk-5nl4pk0WlnprDMW21v0tbE7Iff0PMmNaYsp-gdNQ1MdHfFvjYbaMR0kgV-nZY7DpRNlMOE","","2020","2024-10-05 01:20:35","2024-10-05 01:20:35","2024-10-05 01:20:20","104277","","","183","","","","","","","","","","","","","","","Google Scholar","","Publisher: Elsevier","","C:\Users\rache\Zotero\storage\CT284UW6\S0140196320301762.html","","","","","","","","","","","","","","","","","","","","","","","","","","","","","","","","","","","","","","","","","","","","","","","","",""
"BEABPQYH","thesis","2019","Wagner, Svenja","Effects of Water Holding Capacity and Precipitation on Above Ground Net Primary Production","","","","","https://search.proquest.com/openview/bb146691972387977a106af8236d49d1/1?pq-origsite=gscholar&cbl=18750&diss=y&casa_token=NZ2oxW7UR2EAAAAA:0NQ2mg54lmLZJGccehzhbNR3kVIEt_VN-kWiTDsdZ4UCEEGFKEe75Xa7JsPb5vFQ5wf4KzQTDJA","","2019","2024-10-05 01:20:35","2024-10-05 01:20:35","2024-10-05 01:20:23","","","","","","","","","","","","Arizona State University","","","","Master's Thesis","","","Google Scholar","","","","C:\Users\rache\Zotero\storage\4KXQ9MB8\2228396415.html","","","","","","","","","","","","","","","","","","","","","","","","","","","","","","","","","","","","","","","","","","","","","","","","",""
"KK8AXWMP","journalArticle","2018","Zhou, Zhenghu; Wang, Chuankuan; Luo, Yiqi","Response of soil microbial communities to altered precipitation: A global synthesis","Global Ecology and Biogeography","","1466-822X, 1466-8238","10.1111/geb.12761","https://onlinelibrary.wiley.com/doi/10.1111/geb.12761","Abstract                            Aim               Climate change intensifies the hydrological cycle and consequently alters precipitation regimes. Accurately assessing future carbon (C) budgets depends on understanding the influence of altered precipitation on both aboveground C cycling and belowground processes. Our goal was to explore generalities and mechanisms of responses of soil microbial communities to altered precipitation and implications for C cycling in terrestrial ecosystems.                                         Location               Global.                                         Time period               2001–2017.                                         Major taxa studied               Soil microbes.                                         Methods               We used the meta‐analytical technique to synthesize data of 41 increased (IPPT) and 53 decreased precipitation (DPPT) studies from 65 publications worldwide. The data covered broad variations in climate, percentage of precipitation change, experimental duration and soil properties.                                         Results               The fungi to bacteria ratio did not show a water‐tolerant shift, but the community compositions within the bacteria did. Microbial biomass showed a higher response to moderate IPPT than moderate DPPT, whereas it was more sensitive to extreme DPPT than extreme IPPT, suggesting that the responses of microbial biomass to altered precipitation are double asymmetric. However, such asymmetric responses of microbial biomass varied with climate humidity and soil texture: microbial biomass was more sensitive to IPPT at xeric sites than at mesic sites, whereas it was more responsive to DPPT in humid areas; microbial biomass in coarse‐textured soils was more sensitive to altered precipitation than that in fine‐textured soils. In addition, microbial response was positively correlated with the responses of aboveground/belowground plant biomass, soil respiration and organic C content.                                         Main conclusions               Our meta‐analysis provides the first evidence that the asymmetric response of microbial biomass to altered precipitation varies with climate humidity and soil texture. Given the coordinated responses in the plant–soil–microorganism C continuum, our synthesis extends the double asymmetric model and provides a framework for understanding and modelling responses of ecosystem C cycling to global precipitation change.","2018-09","2024-10-05 01:20:35","2024-10-05 01:20:35","2024-10-05 01:20:23","1121-1136","","9","27","","Global Ecol Biogeogr","Response of soil microbial communities to altered precipitation","","","","","","","en","","","","","DOI.org (Crossref)","","","","","","","","","","","","","","","","","","","","","","","","","","","","","","","","","","","","","","","","","","","","","","","","","","","","",""
"E2TCK69B","journalArticle","2010","Zou, Ting; Li, Yan; Xu, Hao; Xu, Gui-Qing","Responses to precipitation treatment for Haloxylon ammodendron growing on contrasting textured soils","Ecological Research","","","","https://idp.springer.com/authorize/casa?redirect_uri=https://link.springer.com/article/10.1007/s11284-009-0642-1&casa_token=Ry8hx7Of29wAAAAA:KucGNmuyjg3IGIsK4zlOryWParQKfz65iEKq9J9rmbUicGVIcCdxwEooi8KNUJwoLF_ZIVAPfVHZE_SxZw","","2010","2024-10-05 01:20:35","2024-10-05 01:20:35","2024-10-05 01:20:26","185–194","","","25","","","","","","","","","","","","","","","Google Scholar","","Publisher: Springer","","C:\Users\rache\Zotero\storage\HXIB7IQT\s11284-009-0642-1.html","","","","","","","","","","","","","","","","","","","","","","","","","","","","","","","","","","","","","","","","","","","","","","","","",""
"6JF8AIIX","journalArticle","2015","Bork, Edward W.; Irving, Barry D.","Seasonal availability of cool-and warm-season herbage in the northern mixed prairie","Rangelands","","","","https://www.sciencedirect.com/science/article/pii/S0190052815000802","","2015","2024-10-05 01:20:35","2024-10-05 01:20:35","2024-10-05 01:20:32","178–185","","5","37","","","","","","","","","","","","","","","Google Scholar","","Publisher: Elsevier","","C:\Users\rache\Zotero\storage\X3DK8WSW\Bork and Irving - 2015 - Seasonal availability of cool-and warm-season herb.pdf","","","","","","","","","","","","","","","","","","","","","","","","","","","","","","","","","","","","","","","","","","","","","","","","",""
"2PNUE4QT","journalArticle","2014","Strohbach, Ben J.; Kutuahuripa, Josephat T.","Vegetation of the eastern communal conservancies in Namibia: II. Environmental drivers","Koedoe","","2071-0771, 0075-6458","10.4102/koedoe.v56i1.1117","http://koedoe.co.za/index.php/koedoe/article/view/1117","The eastern communal conservancies are situated along the western fringe of the Kalahari basin. Under a very short rainfall gradient, the vegetation abruptly changes from microphyllous Acacia-dominated savannas to mesophyll savannas, dominated by Terminalia sericea and Combretum spp. We hypothesise that this is caused by changes in soil moisture availability brought about by changes in soil texture from loamy soils to deep sands (the ‘inverse texture effect’). For this analysis, we used vegetation and soils data derived from a recognisance survey of the natural resources of the study area. As the sites in the soil and vegetation surveys did not overlap, it was decided to use only synoptic data for the plant associations in the analysis. Non-metric multidimesional scaling ordination was utilised as ordination technique of the vegetation data and various environmental parameters, including soil texture, soil hydraulic parameters, climatic and fire regime parameters, were overlaid as biplots onto the resulting graph, as were various plant functional attributes particularly related to climatic conditions. The main environmental gradient identified within the study area is the rainfall gradient. This relatively short gradient, however, does not explain the marked change in vegetation observed within the study area. This change is attributed to the change in soil type, in particular, the soil texture and the associated soil hydraulic parameters of the soil. This gradient is closely correlated to leaf size, explaining the change from microphyll savannas to mesophyll savannas along the change from loamy to sandy soils. One of the lesser understood mechanisms for the survival of these mesophyll plants on sandy soils seems to be a deep root system, which is actively involved in water redistribution within the soil profile – by hydraulic lift, inverse hydraulic lift and stem flow.Conservation implications: Understanding these mechanisms will greatly assist in understanding savanna dynamics. With the threat of global climate change, we postulate that the vegetation will gradually change from the present mesophyll to a microphyll savanna, but that the grass sward will probably not develop very well. Shrub and tree removal (‘bush harvesting’) is likely to speed up the desertification process within this area.","2014-02-25","2024-10-05 01:20:35","2024-10-05 01:20:35","2024-10-05 01:20:32","12 pages","","1","56","","Koedoe","Vegetation of the eastern communal conservancies in Namibia","","","","","","","","","","","","DOI.org (Crossref)","","","","C:\Users\rache\Zotero\storage\SNYEZBNH\Strohbach and Kutuahuripa - 2014 - Vegetation of the eastern communal conservancies i.pdf","","","","","","","","","","","","","","","","","","","","","","","","","","","","","","","","","","","","","","","","","","","","","","","","",""
"KRF688II","journalArticle","2022","Gupta, Surya; Bonetti, Sara; Lehmann, Peter; Or, Dani","Limited role of soil texture in mediating natural vegetation response to rainfall anomalies","Environmental Research Letters","","","","https://iopscience.iop.org/article/10.1088/1748-9326/ac5206/meta","","2022","2024-10-05 01:20:35","2024-10-05 01:20:35","2024-10-05 01:20:35","034012","","3","17","","","","","","","","","","","","","","","Google Scholar","","Publisher: IOP Publishing","","C:\Users\rache\Zotero\storage\R4B9JLPY\Gupta et al. - 2022 - Limited role of soil texture in mediating natural .pdf","","","","","","","","","","","","","","","","","","","","","","","","","","","","","","","","","","","","","","","","","","","","","","","","",""
"JI5YCMJ2","journalArticle","2005","Fravolini, Alessandra; Hultine, Kevin R.; Brugnoli, Enrico; Gazal, Rico; English, Nathan B.; Williams, David G.","Precipitation pulse use by an invasive woody legume: the role of soil texture and pulse size","Oecologia","","","","https://idp.springer.com/authorize/casa?redirect_uri=https://link.springer.com/article/10.1007/s00442-005-0078-4&casa_token=w8NIBKURXlUAAAAA:eoqoXLsQdr0ZCd2M_3me17yKtEZ6Z-8LE48a8biTycAUn0Pvg0g8cy5h2BLmgdc2bdSahEiOj2ialKImbA","","2005","2024-10-05 01:22:03","2024-10-05 01:22:03","2024-10-05 01:21:07","618–627","","","144","","","Precipitation pulse use by an invasive woody legume","","","","","","","","","","","","Google Scholar","","Publisher: Springer","","C:\Users\rache\Zotero\storage\Q8FRNBAP\s00442-005-0078-4.html","","","","","","","","","","","","","","","","","","","","","","","","","","","","","","","","","","","","","","","","","","","","","","","","",""
"3YVPF3KU","journalArticle","2016","Fick, Stephen E.; Decker, Cheryl; Duniway, Michael C.; Miller, Mark E.","Small‐scale barriers mitigate desertification processes and enhance plant recruitment in a degraded semiarid grassland","Ecosphere","","2150-8925, 2150-8925","10.1002/ecs2.1354","https://esajournals.onlinelibrary.wiley.com/doi/10.1002/ecs2.1354","Abstract             Anthropogenic desertification is a problem that plagues drylands globally; however, the factors which maintain degraded states are often unclear. In Canyonlands National Park on the Colorado Plateau of southeastern Utah, many degraded grasslands have not recovered structure and function >40 yr after release from livestock grazing pressure, necessitating active restoration. We hypothesized that multiple factors contribute to the persistent degraded state, including lack of seed availability, surficial soil‐hydrological properties, and high levels of spatial connectivity (lack of perennial vegetation and other surface structure to retain water, litter, seed, and sediment). In combination with seeding and surface raking treatments, we tested the effect of small barrier structures (“ConMods”) designed to disrupt the loss of litter, seed and sediment in degraded soil patches within the park. Grass establishment was highest when all treatments (structures, seed addition, and soil disturbance) were combined, but only in the second year after installation, following favorable climatic conditions. We suggest that multiple limiting factors were ameliorated by treatments, including seed limitation and microsite availability, seed removal by harvester ants, and stressful abiotic conditions. Higher densities of grass seedlings on the north and east sides of barrier structures following the summer months suggest that structures may have functioned as artificial “nurse‐plants”, sheltering seedlings from wind and radiation as well as accumulating wind‐blown resources. Barrier structures increased the establishment of both native perennial grasses and exotic annuals, although there were species‐specific differences in mortality related to spatial distribution of seedlings within barrier structures. The unique success of all treatments combined, and even then only under favorable climatic conditions and in certain soil patches, highlights that restoration success (and potentially, natural regeneration) often is contingent on many interacting factors.","2016-06","2024-10-05 01:22:03","2024-10-05 01:22:03","2024-10-05 01:21:07","e01354","","6","7","","Ecosphere","","","","","","","","en","http://creativecommons.org/licenses/by/3.0/","","","","DOI.org (Crossref)","","","","","","","","","","","","","","","","","","","","","","","","","","","","","","","","","","","","","","","","","","","","","","","","","","","","",""
"8HIL3DPY","journalArticle","2007","Smart, Alexander J.; Dunn, Barry H.; Johnson, Patricia S.; Xu, Lan; Gates, Roger N.","Using weather data to explain herbage yield on three Great Plains plant communities","Rangeland Ecology & Management","","","","https://www.sciencedirect.com/science/article/pii/S1550742407500187","","2007","2024-10-05 01:22:03","2024-10-05 01:22:03","2024-10-05 01:21:10","146–153","","2","60","","","","","","","","","","","","","","","Google Scholar","","Publisher: Elsevier","","C:\Users\rache\Zotero\storage\WUCML6VE\Smart et al. - 2007 - Using weather data to explain herbage yield on thr.pdf","","","","","","","","","","","","","","","","","","","","","","","","","","","","","","","","","","","","","","","","","","","","","","","","",""
"SPMEECHG","bookSection","2018","Blumler, Mark A.","What Is the ‘True’ Mediterranean-Type Vegetation?","Geographical Changes in Vegetation and Plant Functional Types","978-3-319-68737-7 978-3-319-68738-4","","","http://link.springer.com/10.1007/978-3-319-68738-4_6","","2018","2024-10-05 01:22:03","2024-10-05 01:22:03","2024-10-05 01:21:10","117-139","","","","","","","","","","","Springer International Publishing","Cham","","","","","","DOI.org (Crossref)","","Series Title: Geobotany Studies DOI: 10.1007/978-3-319-68738-4_6","","","","","","Greller, Andrew M.; Fujiwara, Kazue; Pedrotti, Franco","","","","","","","","","","","","","","","","","","","","","","","","","","","","","","","","","","","","","","","","","","","","",""
"4TRMZARU","journalArticle","1999","Lauenroth, William K.; Burke, Ingrid C.; Gutmann, Myron P.","The structure and function of ecosystems in the central North American grassland region","Great Plains Research","","","","https://www.jstor.org/stable/23778224?casa_token=Jysv9hBrnIAAAAAA:4LF2TBVm4I8S0dGjKe_c5u_1rdeObm8qmQMx8IuHz3wbamYALCYLPDikTXqmBrUe974rFyYgS6Fesxp2vbBKvo1p3dky4qY9Uzhfa01JGcM0oIIyJd2X","","1999","2024-10-05 01:22:03","2024-10-05 01:22:03","2024-10-05 01:21:19","223–259","","","","","","","","","","","","","","","","","","Google Scholar","","Publisher: JSTOR","","C:\Users\rache\Zotero\storage\TS4MNY48\Lauenroth et al. - 1999 - The structure and function of ecosystems in the ce.pdf","","","","","","","","","","","","","","","","","","","","","","","","","","","","","","","","","","","","","","","","","","","","","","","","",""
"PPFYDDB2","bookSection","2019","Epstein, H. E.; Lauenroth, W. K.; Paruelo, J. M.; Piñeiro, G.; Burke, I. C.; Barrett, J. E.","Interactions of Water and Nitrogen on Primary Productivity Across Spatial and Temporal Scales in Grassland and Shrubland Ecosystems","Dryland Ecohydrology","978-3-030-23268-9 978-3-030-23269-6","","","http://link.springer.com/10.1007/978-3-030-23269-6_16","","2019","2024-10-05 01:22:03","2024-10-05 01:22:03","2024-10-05 01:21:19","417-437","","","","","","","","","","","Springer International Publishing","Cham","en","","","","","DOI.org (Crossref)","","DOI: 10.1007/978-3-030-23269-6_16","","C:\Users\rache\Zotero\storage\U7MKWCY6\Epstein et al. - 2019 - Interactions of Water and Nitrogen on Primary Prod.pdf","","","","D'Odorico, Paolo; Porporato, Amilcare; Wilkinson Runyan, Christiane","","","","","","","","","","","","","","","","","","","","","","","","","","","","","","","","","","","","","","","","","","","","",""
"KJ6FCTV4","journalArticle","2009","Buyantuyev, A.; Wu, Jianguo","Urbanization alters spatiotemporal patterns of ecosystem primary production: A case study of the Phoenix metropolitan region, USA","Journal of Arid Environments","","","","https://www.sciencedirect.com/science/article/pii/S0140196308003649?casa_token=IxFa1sVUxpAAAAAA:h9DCYE2_FyqekP9Fl8esLdLR2h9iiCBJoAPEiOGxK0Anrsb_mpE8rSnwOzojNWeDNx3qE81GnFY","","2009","2024-10-05 01:22:03","2024-10-05 01:22:03","2024-10-05 01:21:21","512–520","","4-5","73","","","Urbanization alters spatiotemporal patterns of ecosystem primary production","","","","","","","","","","","","Google Scholar","","Publisher: Elsevier","","C:\Users\rache\Zotero\storage\N8BNWZHM\S0140196308003649.html","","","","","","","","","","","","","","","","","","","","","","","","","","","","","","","","","","","","","","","","","","","","","","","","",""
"YSRHRWGT","journalArticle","1994","West, Neil E.","Effects of fire on salt-desert shrub rangelands","Proceedings: Ecology and management of annual rangelands. Gen. Tech. Rep. INT-313. Ogden, UT: US Department of Agriculture, Forest Service, Intermountain Research Station","","","","https://books.google.com/books?hl=en&lr=&id=I9uX7q9HIDgC&oi=fnd&pg=PA71&dq=%22inverse+texture%22+OR+%22inverse-texture%22&ots=4Yl_LRVROY&sig=L9wnurP7UspTZxNQ5G0eCdVx9KQ","","1994","2024-10-05 01:22:03","2024-10-05 01:22:03","2024-10-05 01:21:28","71–74","","","","","","","","","","","","","","","","","","Google Scholar","","","","C:\Users\rache\Zotero\storage\VAJWJKQP\I9uX7q9HIDgC.html","","","","","","","","","","","","","","","","","","","","","","","","","","","","","","","","","","","","","","","","","","","","","","","","",""
"CUG4CWF8","journalArticle","2013","Siegal, Z.; Tsoar, H.; Karnieli, A.","Aeolian Research","","","","","https://www.academia.edu/download/45565247/Effects_of_prolonged_drought_on_the_vege20160512-2578-fwarkk.pdf","","2013","2024-10-05 01:22:03","2024-10-05 01:22:03","2024-10-05 01:21:31","","","","","","","","","","","","","","","","","","","Google Scholar","","","","C:\Users\rache\Zotero\storage\D6EUQZUH\Siegal et al. - 2013 - Aeolian Research.pdf","","","","","","","","","","","","","","","","","","","","","","","","","","","","","","","","","","","","","","","","","","","","","","","","",""
"3BAVZDXC","journalArticle","2013","Travers, Samantha K.; Eldridge, David J.","Increased rainfall frequency triggers an increase in litter fall rates of reproductive structures in an arid eucalypt woodland","Austral Ecology","","1442-9985, 1442-9993","10.1111/aec.12055","https://onlinelibrary.wiley.com/doi/10.1111/aec.12055","Abstract                             The diversity of responses to episodic rainfall events among perennial plant species is critical for the maintenance of ecosystem functions in arid systems. We use a litter fall study to capture the responses of three species to shifts in environmental conditions. We examined the effects of landform, rainfall and other meteorological variables (temperature, evaporation, relative humidity, solar exposure, wind speed and cloud cover) on the mass of reproductive structures falling from two shrubs (                                S                 enna artemisioides                              ssp.               filifolia               ,                                A                 cacia burkittii                              ) and one tree (                                E                 ucalyptus gracilis                              ) species in a eucalypt mallee woodland in semi‐arid eastern               A               ustralia. Data were collected over three years. The first year received below‐average rainfall and the following years received about twice the average annual rainfall. We assessed the relative importance of our explanatory variables, for each species separately, comparing the results using two methods: (1) multi‐model inference of a zero‐inflated negative binomial generalized linear model, and (2) structural equation modelling. Multi‐model inference showed rainfall frequency, at species‐specific lag intervals, to be of highest relative importance for all three species. Wind speed was also relatively important for all three species. Structural equation modelling supported these results, with strong, direct path coefficients for the number of days of rainfall in the past 12 months. There was, however, no strong effect of the average rainfall event size. Our analyses demonstrate the strong, direct and positive effect of rainfall, and highlight the importance of rainfall frequency rather than rainfall event size. Furthermore, we found species‐specific responses to environmental variables associated with wind, solar exposure and landform, further driving the litter fall of reproductive structures in perennial plants in semi‐arid environments. Understanding how different species respond to rainfall and other meteorological conditions can give us greater insights into the capacity of these systems to adapt, which will be important in a changing climate.","2013-11","2024-10-05 01:22:03","2024-10-05 01:22:03","2024-10-05 01:21:31","820-830","","7","38","","Austral Ecology","","","","","","","","en","","","","","DOI.org (Crossref)","","","","","","","","","","","","","","","","","","","","","","","","","","","","","","","","","","","","","","","","","","","","","","","","","","","","",""
"GBUFCT8I","journalArticle","2010","Kochendorfer, J. P.; Ramírez, J. A.","Modeling the monthly mean soil-water balance with a statistical-dynamical ecohydrology model as coupled to a two-component canopy model","Hydrology and Earth System Sciences","","","","https://hess.copernicus.org/articles/14/2099/2010/","","2010","2024-10-05 01:22:03","2024-10-05 01:22:03","2024-10-05 01:21:34","2099–2120","","10","14","","","","","","","","","","","","","","","Google Scholar","","Publisher: Copernicus GmbH","","C:\Users\rache\Zotero\storage\YAG8WJLX\Kochendorfer and Ramírez - 2010 - Modeling the monthly mean soil-water balance with .pdf","","","","","","","","","","","","","","","","","","","","","","","","","","","","","","","","","","","","","","","","","","","","","","","","",""
"CTA4J8PQ","book","2008","Koenig, Peter Andrew","Gas-exchange responses to pulse rain events by native Hawaiian dry forest vine seedlings and the effect of interaction with a non-native grass","","","","","https://search.proquest.com/openview/92c0b9b7a48f8f8c7049ecfeba73ec5f/1?pq-origsite=gscholar&cbl=18750&casa_token=6GKwqbMuwE0AAAAA:_lYyO9N6TtB13GKAmlUP5ctQSQKEZ4GjfaZ-oAVNS7bzvutHtZqrj5VJn5Eehiw9pRMD7-o0huQ","","2008","2024-10-05 01:22:03","2024-10-05 01:22:03","2024-10-05 01:21:40","","","","","","","","","","","","California State University, Fullerton","","","","","","","Google Scholar","","","","C:\Users\rache\Zotero\storage\SD8USZN2\304828153.html","","","","","","","","","","","","","","","","","","","","","","","","","","","","","","","","","","","","","","","","","","","","","","","","",""
"JJN56YS6","journalArticle","2023","Mensah, Sylvanus; Noulèkoun, Florent; Dimobe, Kangbéni; Seifert, Thomas; Glèlè Kakaï, Romain","Climate and soil effects on tree species diversity and aboveground carbon patterns in semi-arid tree savannas","Scientific Reports","","","","https://www.nature.com/articles/s41598-023-38225-3","","2023","2024-10-05 01:22:03","2024-10-05 01:22:03","2024-10-05 01:21:43","11509","","1","13","","","","","","","","","","","","","","","Google Scholar","","Publisher: Nature Publishing Group UK London","","C:\Users\rache\Zotero\storage\LDCXP86Z\Mensah et al. - 2023 - Climate and soil effects on tree species diversity.pdf","","","","","","","","","","","","","","","","","","","","","","","","","","","","","","","","","","","","","","","","","","","","","","","","",""
"YUPSLAR7","journalArticle","2024","Biancari, Lucio; Aguiar, Martín; Saiz, Hugo; Gross, Nicolas; Le Bagousse-Pinguet, Yoann; Eldridge, David; Maestre, Fernando","Upper boundary on tree cover at global drylands","New Phytologist","","","","https://amu.hal.science/hal-04495845/document","","2024","2024-10-05 01:22:03","2024-10-05 01:22:03","2024-10-05 01:21:46","","","","","","","","","","","","","","","","","","","Google Scholar","","","","C:\Users\rache\Zotero\storage\LKRFTQ5N\Biancari et al. - 2024 - Upper boundary on tree cover at global drylands.pdf","","","","","","","","","","","","","","","","","","","","","","","","","","","","","","","","","","","","","","","","","","","","","","","","",""
"8JV6GH2M","journalArticle","2007","Bucini, Gabriela; Hanan, Niall P.","A continental‐scale analysis of tree cover in African savannas","Global Ecology and Biogeography","","1466-822X, 1466-8238","10.1111/j.1466-8238.2007.00325.x","https://onlinelibrary.wiley.com/doi/10.1111/j.1466-8238.2007.00325.x","ABSTRACT                            Aim                We present a continental‐scale analysis that explores the processes controlling woody community structure in tropical savannas. We analyse how biotic and abiotic factors interact to promote and modify tree cover, examine alternative ecological hypotheses and quantify disturbance effects using satellite estimates of tree cover.                                         Location                African savannas.                                         Methods                Tree cover is represented as a resource‐driven potential cover related to rainfall and soil characteristics perturbed by natural and human factors such as fire, cattle grazing, human population and cultivation. Within this framework our approach combines semi‐empirical modelling and information theory to identify the best models.                                         Results                Woody community structure across African savannas is best represented by a sigmoidal response of tree cover to mean annual precipitation (MAP), with a dependency on soil texture, which is modified by the separate effects of fire, domestic livestock, human population density and cultivation intensity. This model explains               c               . 66% of the variance in tree cover and appears consistent across the savanna regions of Africa.                                         Main conclusions                The analysis provides a new understanding of the importance and interaction of environmental and disturbance factors that create the broad spatial patterns of tree cover observed in African savannas. Woody cover increases with rainfall, but is modified by disturbances. These ‘perturbation’ effects depend on MAP regimes: in arid savannas (MAP < 400 mm) they are generally small (< 1% decrease in cover), while in semi‐arid and mesic savannas (400–1600 mm), perturbations result in an average 2% (400 mm) to 23% (1600 mm) decrease in cover; fire frequency and human population have more influence than cattle, and cultivation appears, on average, to lead to small increases in woody cover. Wet savannas (1600–2200 mm) are controlled by perturbations that inhibit canopy closure and reduce tree cover by, on average, 24–34%. Full understanding of the processes determining savanna structure requires consideration of resource limitation and disturbance dynamics.","2007-09","2024-10-05 01:22:03","2024-10-05 01:22:03","2024-10-05 01:21:46","593-605","","5","16","","Global Ecology and Biogeography","","","","","","","","en","http://onlinelibrary.wiley.com/termsAndConditions#vor","","","","DOI.org (Crossref)","","","","","","","","","","","","","","","","","","","","","","","","","","","","","","","","","","","","","","","","","","","","","","","","","","","","",""
"576N4AED","journalArticle","2010","Grigg, Alasdair M.; Lambers, Hans; Veneklaas, Erik J.","Changes in water relations for Acacia ancistrocarpa on natural and mine-rehabilitation sites in response to an experimental wetting pulse in the Great Sandy Desert","Plant and Soil","","","","https://idp.springer.com/authorize/casa?redirect_uri=https://link.springer.com/article/10.1007/s11104-009-9957-5&casa_token=CbGH4K-cCUkAAAAA:gm1rQ7MsfatnKW8zAfnV2d1s9zliwXzWZ4BHbGr2Xz3yRkvhw6mssAgCG-kU2HbzUUfH8B7oiO8euq3c5Q","","2010","2024-10-05 01:22:03","2024-10-05 01:22:03","2024-10-05 01:21:48","75–96","","","326","","","","","","","","","","","","","","","Google Scholar","","Publisher: Springer","","C:\Users\rache\Zotero\storage\9RDHQP45\s11104-009-9957-5.html","","","","","","","","","","","","","","","","","","","","","","","","","","","","","","","","","","","","","","","","","","","","","","","","",""
"7VWTR9JY","journalArticle","2021","Zang, Yong‐Xin; Ma, Jian‐Ying; Zhou, Xiao‐Bing; Tao, Ye; Yin, Ben‐Feng; Zhang, Yuan‐Ming","Extreme precipitation increases the productivity of a desert ephemeral plant community in Central Asia, but there is no slope position effect","Journal of Vegetation Science","","1100-9233, 1654-1103","10.1111/jvs.13077","https://onlinelibrary.wiley.com/doi/10.1111/jvs.13077","Abstract                            Questions               Anthropogenic climate change has become a critical environmental problem and is profoundly affecting various ecosystems, especially desert ecosystems. However, very few studies have explored the effects of extreme precipitation on the community structure and ecosystem functions in drylands. Moreover, whether local microtopography will interact with extreme precipitation on plant growth by changing water retention and other processes is still unclear.                                         Location               The Gurbantunggut Desert in Central Asia.                                         Methods               We conducted a two‐year field experiment to assess the effect of extreme precipitation (+65% of ambient growing‐season precipitation amounts) on the composition and productivity of a desert ephemeral plant community growing in sand dunes of the Gurbantunggut Desert in Central Asia. We further determined how much slope position modulates this response.                                         Results               We found that the cover, density, height, species richness, and biomass of ephemeral plants increased with an increase in precipitation, and the strongest direct effect of biomass was a positive effect on density of ephemeral plants. Additionally, no significant differences in the sensitivity of biomass to the increased precipitation were found between slope positions.                                         Conclusions               The results indicate that extreme precipitation primarily increased the above‐ground net primary production by increasing the density, rather than the height and species richness, of the ephemeral community; no interactive effects were observed between sand dune slope positions and the sensitivity of biomass to the extreme precipitation treatment.","2021-09","2024-10-05 01:22:03","2024-10-05 01:22:03","2024-10-05 01:21:49","e13077","","5","32","","J Vegetation Science","","","","","","","","en","","","","","DOI.org (Crossref)","","","","","","","","Collins, Beverly","","","","","","","","","","","","","","","","","","","","","","","","","","","","","","","","","","","","","","","","","","","","",""
"VFRNISTS","journalArticle","1998","Van Rooyen, N.; Van Rooyen, M. W.","VEGETATION OF THE SOUTH-WESTERN ARID KALAHARI: AN OVERVIEW","Transactions of the Royal Society of South Africa","","0035-919X, 2154-0098","10.1080/00359199809520381","http://www.tandfonline.com/doi/abs/10.1080/00359199809520381","","1998-01","2024-10-05 01:22:03","2024-10-05 01:22:03","2024-10-05 01:21:55","113-140","","2","53","","Transactions of the Royal Society of South Africa","VEGETATION OF THE SOUTH-WESTERN ARID KALAHARI","","","","","","","en","","","","","DOI.org (Crossref)","","","","","","","","","","","","","","","","","","","","","","","","","","","","","","","","","","","","","","","","","","","","","","","","","","","","",""
"BDUN6CVU","journalArticle","1989","Gosz, James R.; Sharpe, Peter JH","Broad-scale concepts for interactions of climate, topography, and biota at biome transitions","Landscape Ecology","","","","https://citeseerx.ist.psu.edu/document?repid=rep1&type=pdf&doi=bedccd184c34c8a8701c2d22645fd186746ecce2","","1989","2024-10-05 01:22:03","2024-10-05 01:22:03","2024-10-05 01:21:57","229–243","","3-4","3","","","","","","","","","","","","","","","Google Scholar","","Publisher: Citeseer","","C:\Users\rache\Zotero\storage\KJYJ9KS4\Gosz and Sharpe - 1989 - Broad-scale concepts for interactions of climate, .pdf","","","","","","","","","","","","","","","","","","","","","","","","","","","","","","","","","","","","","","","","","","","","","","","","",""
"9DE2SG26","journalArticle","2011","Werner, Corey M.; Mason, Joseph A.; Hanson, Paul R.","Non-linear connections between dune activity and climate in the High Plains, Kansas and Oklahoma, USA","Quaternary Research","","","","https://www.cambridge.org/core/journals/quaternary-research/article/nonlinear-connections-between-dune-activity-and-climate-in-the-high-plains-kansas-and-oklahoma-usa/246B5C73B2CE38934E5EA871DF1CFF4F","","2011","2024-10-05 01:22:03","2024-10-05 01:22:03","2024-10-05 01:22:03","267–277","","1","75","","","","","","","","","","","","","","","Google Scholar","","Publisher: Cambridge University Press","","C:\Users\rache\Zotero\storage\5IALLL8T\Werner et al. - 2011 - Non-linear connections between dune activity and c.pdf","","","","","","","","","","","","","","","","","","","","","","","","","","","","","","","","","","","","","","","","","","","","","","","","",""
"BZUKSBIE","journalArticle","2024","Terry, Tyson J.; Adler, Peter B.","Precipitation seasonality and soil texture interact to shape dryland recovery from severe disturbance","Journal of Ecology","","0022-0477, 1365-2745","10.1111/1365-2745.14306","https://besjournals.onlinelibrary.wiley.com/doi/10.1111/1365-2745.14306","Abstract                                                                Disturbances drive large changes in plant composition and ecosystem functioning in drylands, but current understanding of how recovery following disturbance depends on the environment is limited due to challenges in analysing effects of disparate disturbances across abiotic gradients.                                                     We combined remote sensing and field observations across 5600+ km of natural gas pipeline corridors and adjacent undisturbed vegetation to investigate how recovery from a uniform, severe disturbance varied with factors that influence water availability in drylands.                                                     We found that recovery of net primary production (NPP) often remains incomplete, with only 42% of our sites projected to fully recover within 100 years. NPP recovery was quicker and more complete in regions that receive most of their annual precipitation at low temperatures and have fine‐textured soil; recovery of total shrub cover (median timing of 81 years) was faster on fine‐textured soils in locations that receive most of their annual precipitation at high temperatures. Locations with quick recovery of shrub cover were linked with a shift in dominant shrub species and incomplete NPP recovery.                                                                          Synthesis                     . Recovery of NPP and shrub cover in drylands were driven by different environmental factors. For both NPP and shrub cover, locations with high pre‐disturbance values required more time to recover to adjacent undisturbed levels than locations with low pre‐disturbance values. Quick recovery of shrub cover or productivity was generally linked with a shift in dominant plant species or functional group.                                                                           ,              Resumen                                                                Las perturbaciones provocan grandes cambios en la composición de plantas y en el funcionamiento de los ecosistemas de las zonas áridas, pero la comprensión actual de cómo la recuperación tras una perturbación depende del clima es limitada debido a las dificultades de analizar los efectos de perturbaciones dispares a través de gradientes abióticos.                                                     Combinamos las observaciones de satélite y campo a lo largo de más de 5600 km de corredores de gasoductos naturales y vegetación adyacente no perturbada para investigar cómo la recuperación tras una perturbación uniforme y severa variaba con los factores que influyen en la disponibilidad de agua en las tierras secas.                                                     Encontramos que la recuperación de la producción primaria neta (PPN) a menudo es incompleta, con un 42% de nuestros sitios proyectados para recuperarse completamente dentro de 100 años. La recuperación de la PPN fue más rápida y completa en regiones donde la mayoría de la precipitación calle en tiempos de baja temperatura, la recuperación de la cubierta arbustiva total (mediana de 81 años) fue más rápida en suelos de textura fina. Las localidades con una rápida recuperación de la cubierta arbustiva estuvieron relacionadas con un cambio en las especies arbustivas dominantes y una recuperación incompleta de la NPP.                                                     La recuperación de la PPN y de la cubierta arbustiva en las zonas áridas se debió a diferentes factores ambientales. Tanto para la PPN como para la cobertura arbustiva, los lugares con altos valores previos a la perturbación necesitaron más tiempo para recuperarse a niveles no perturbados que los lugares con bajos valores previo a la perturbación. La rápida recuperación de la cubierta arbustiva o de la productividad fue generalmente relacionada con un cambio en la especie vegetal dominante o en el grupo functional de las plantas.","2024-06","2024-10-05 12:12:09","2024-10-05 12:12:09","2024-10-05 12:11:07","1356-1368","","6","112","","Journal of Ecology","","","","","","","","en","","","","","DOI.org (Crossref)","","","","C:\Users\rache\Zotero\storage\3HNWMCIA\Terry and Adler - 2024 - Precipitation seasonality and soil texture interac.pdf","","","","","","","","","","","","","","","","","","","","","","","","","","","","","","","","","","","","","","","","","","","","","","","","",""
"HFQ7GAUR","journalArticle","2019","Van Der Merwe, Helga; Van Rooyen, Noel; Bezuidenhout, Hugo; Bothma, Jacobus Du P.; Van Rooyen, Margaretha W.","Vachellia erioloba dynamics over 38 years in the Kalahari Gemsbok National Park, South Africa","Koedoe","","2071-0771, 0075-6458","10.4102/koedoe.v61i1.1534","https://koedoe.co.za/index.php/koedoe/article/view/1534","Vachellia erioloba is a keystone tree species in the southern Kalahari. This long-term study over nearly four decades tracks two populations in different landscapes (the interior sandy duneveld versus the clayey Nossob riverbed) of a large conservation area and offers valuable data on this species under natural soil moisture conditions and with limited anthropogenic influences. In 1978, 18 trees were permanently marked in a 1 ha plot in the interior duneveld of the Kalahari Gemsbok National Park (Dankbaar site). In the Nossob riverbed all trees in a 1 ha plot were surveyed in 1979 (Grootkolk site). At both sites, tree height and stem circumference were subsequently measured at irregular intervals until 2016 in order to investigate growth rates and population structure. Of the 18 marked trees at Dankbaar, six died and three showed coppice regrowth following substantial dieback after a fire. A mean height increase of 60 mm/year was recorded and the mean height of the remaining uncoppiced trees was 6.8 m in 2016. Stem diameter growth rate per year varied widely between trees and between years with a mean value of 2.5 mm/year over the 38-year period. Growth rate calculated for three 10-year intervals varied. Using the mean growth rate derived in the current study and stem size of the dead trees, the mean age of the trees when they died was estimated. At the Grootkolk site, the position of the centroid in relation to the midpoint of the diameter class range suggests that this population is gradually becoming a mature to old population with limited recruitment. This was supported by the size class distribution curves. However, no differences between slopes or intercepts of the stem diameter size class distributions were found.Conservation implications: This study was conducted in a large conservation area, that is, a natural ecosystem excluding most of the anthropogenic threats that are present outside of the park. The study illustrated that in the duneveld the population studied was self-sustaining, with recruitment occurring and large individuals presumably dying of old age. Although fire caused a few individuals to coppice, no fire-related deaths were reported. In the Nossob riverbed, surveys started in a stand of predominantly young trees and the size class distribution at that stage already showed a lack of recruitment. This stand is ageing and will likely disappear at this site; however, new young stands are appearing at other sites in the Nossob riverbed. Under the current conditions with negligible anthropogenic influences, it therefore appears that some V. erioloba populations in the park are increasing in size while others are decreasing, but that overall the species will persist. The impact of global climate change on this species is, however, unknown.","2019-04-29","2024-10-05 12:12:09","2024-10-05 12:12:09","2024-10-05 12:11:09","","","1","61","","Koedoe","","","","","","","","","https://creativecommons.org/licenses/by/4.0","","","","DOI.org (Crossref)","","","","C:\Users\rache\Zotero\storage\CRVDTQ3J\Van Der Merwe et al. - 2019 - Vachellia erioloba dynamics over 38 years in the K.pdf","","","","","","","","","","","","","","","","","","","","","","","","","","","","","","","","","","","","","","","","","","","","","","","","",""
"4DZWPJ9I","journalArticle","1999","KNIGHT, DENNIS H.","15 Ponderosa and Limber Pine Woodlands","Savannas, barrens, and rock outcrop plant communities of North America","","","","","","1999","2024-10-05 12:12:09","2024-10-05 12:12:09","","249","","","","","","","","","","","","","","","","","","Google Scholar","","Publisher: Cambridge Univ Pr","","","","","","","","","","","","","","","","","","","","","","","","","","","","","","","","","","","","","","","","","","","","","","","","","","",""
"VP6XTTSX","journalArticle","2002","Porporato, A.; D’odorico, P.; Laio, Francesco; Ridolfi, Luca; Rodriguez-Iturbe, I.","Ecohydrology of water-controlled ecosystems","Advances in Water Resources","","","","https://www.sciencedirect.com/science/article/pii/S0309170802000581?casa_token=Ol32MiYBjv8AAAAA:UR8nDccpZKR8QiWkd-itSnSPZOCAl5GNmf0cjb9UP03Gq27qfEnQk0crgSTlby90UlWaWrOjTA0","","2002","2024-10-05 12:12:09","2024-10-05 12:12:09","2024-10-05 12:11:22","1335–1348","","8-12","25","","","","","","","","","","","","","","","Google Scholar","","Publisher: Elsevier","","C:\Users\rache\Zotero\storage\PC2M56MR\S0309170802000581.html","","","","","","","","","","","","","","","","","","","","","","","","","","","","","","","","","","","","","","","","","","","","","","","","",""
"66CD4BF7","thesis","2017","Huber, David P.","Precipitation Timing and Control Volumes Regulate Carbon and Nutrient Cycling in Cold Desert Soils","","","","","https://search.proquest.com/openview/8665cb4e3aa4555154ae64b2871f1d05/1?pq-origsite=gscholar&cbl=18750&diss=y&casa_token=Sx5PJQ-uFb0AAAAA:0ub9PT7zGlRcxVUmaeTQpK2Nu0xOD6WoM-lb9PlGSdbD6EDMscjvlEXMVM77JRoQFQT2SpSBryk","","2017","2024-10-05 12:12:09","2024-10-05 12:12:09","2024-10-05 12:11:24","","","","","","","","","","","","Idaho State University","","","","PhD Thesis","","","Google Scholar","","","","C:\Users\rache\Zotero\storage\VSS8VAQR\intermediateredirectforezproxy.html","","","","","","","","","","","","","","","","","","","","","","","","","","","","","","","","","","","","","","","","","","","","","","","","",""
"XRG33HXQ","journalArticle","2019","Barnard, David M.; Germino, Matthew J.; Arkle, Robert S.; Bradford, John B.; Duniway, Michael C.; Pilliod, David S.; Pyke, David A.; Shriver, Robert K.; Welty, Justin L.","Soil characteristics are associated with gradients of big sagebrush canopy structure after disturbance","Ecosphere","","2150-8925, 2150-8925","10.1002/ecs2.2780","https://esajournals.onlinelibrary.wiley.com/doi/10.1002/ecs2.2780","Abstract                            Reestablishing shrub canopy cover after disturbance in semi‐arid ecosystems, such as sagebrush steppe, is essential to provide wildlife habitat and restore ecosystem functioning. While several studies have explored the effects of landscape and climate factors on the success or failure of sagebrush seeding, the influence of soil properties on gradients of shrub canopy structure in successfully seeded areas remains largely unexplored. In this study, we evaluated associations between soil properties and gradients in sagebrush canopy structure in stands that had successfully reestablished after fire and subsequent seeding treatments. Using a dataset collected across the Great Basin,               USA               , of sagebrush stands that had burned and reestablished between 1986 and 2013, we tested soil depth and texture, soil surface classification, biological soil crusts plus mean historical precipitation, solar heatload, and fire history as modeling variables to explore gradients in sagebrush canopy structure growth in terms of cover, height, and density. Deeper soils were associated with greater sagebrush canopy structure development in terms of plant density and percent cover, coarser textured soils were associated with greater sagebrush cover and density, and more clayey soils were typically associated with greater height. Biological crust presence was also positively associated with enhanced sagebrush canopy growth, but adding more demographically or morphologically explicit descriptions of biocrust communities did not improve explanatory power. Increasing heatload had a negative effect on sagebrush canopy structure growth, and increased mean annual precipitation was only associated with greater sagebrush height. Given that conservation and restoration of the sagebrush steppe ecosystems has become a priority for land managers, the associations we identify between gradients in post‐fire sagebrush canopy structure growth and field‐identifiable soil characteristics may improve planning of land treatments for sagebrush restoration and the understanding of semi‐arid ecosystem functioning and post‐disturbance dynamics.","2019-06","2024-10-05 12:12:09","2024-10-05 12:12:09","2024-10-05 12:11:25","e02780","","6","10","","Ecosphere","","","","","","","","en","","","","","DOI.org (Crossref)","","","","","","","","","","","","","","","","","","","","","","","","","","","","","","","","","","","","","","","","","","","","","","","","","","","","",""
"GAFHS2E6","journalArticle","2014","Barkae, Erez David; Abramsky, Zvika; Ovadia, Ofer","Can models of density-dependent habitat selection be applied for trap-building predators?","Population Ecology","","","","https://idp.springer.com/authorize/casa?redirect_uri=https://link.springer.com/article/10.1007/s10144-013-0401-6&casa_token=LwZo6dF1pvYAAAAA:XLp7FiWZa5FMZYNBK3QbPcSyLHPfQ034aEKGM48JrXeRzfiQfJAo9t1XclUZAL6VMGd738ZvvAMkWQUX0g","","2014","2024-10-05 12:12:09","2024-10-05 12:12:09","2024-10-05 12:11:27","175–184","","","56","","","","","","","","","","","","","","","Google Scholar","","Publisher: Springer","","C:\Users\rache\Zotero\storage\MDIUVNNQ\s10144-013-0401-6.html","","","","","","","","","","","","","","","","","","","","","","","","","","","","","","","","","","","","","","","","","","","","","","","","",""
"HTJQZCSB","journalArticle","2024","Ding, Jingyi; Eldridge, David","Intensifying aridity induces tradeoffs among biodiversity and ecosystem services supported by trees","Global Ecology and Biogeography","","1466-822X, 1466-8238","10.1111/geb.13894","https://onlinelibrary.wiley.com/doi/10.1111/geb.13894","Abstract                            Aim               Changes in climate are likely to have major impacts on benefits (i.e., biodiversity and ecosystem services) supported by trees. Here we explore the extent to which trees can support multiple benefits, and the potential tradeoffs among them, under increasing dryness.                                         Location               Eastern Australia.                                         Time period               2018–2019.                                         Major taxa studied               Trees.                                         Methods               We evaluated changes in biodiversity and services supported by trees and the nature of potential tradeoffs in response to increasing aridity, our proxy of drying regional climates. We assessed six benefits (biodiversity and five ecosystem services) supported by trees at 126 sites across a gradient from Australia's mesic coast to the arid interior.                                         Results               The value of average benefits did not vary with aridity, with winners and losers in biodiversity and ecosystem services as aridity intensified. Tradeoffs between biodiversity and soil stability declined with increasing aridity, but only in mesic environments, whereas tradeoffs between wood production potential and carbon storage intensified under greater aridity levels, but only in mesic environments. Aridity and tree structure were the major regulators of these tradeoffs, particularly under dry environments. Increasing aridity affected tradeoffs directly or indirectly by either suppressing the positive effect of tree height or exacerbating the negative effect of tree canopy size.                                         Main conclusions               Our results indicate that biodiversity and most ecosystem services supported by trees are likely to decline under future climate change scenarios and demonstrate the importance of targeting afforestation programs to specific services in particular climatic areas rather than attempting to improve multiple services.","2024-10","2024-10-05 12:12:09","2024-10-05 12:12:09","2024-10-05 12:11:30","e13894","","10","33","","Global Ecol Biogeogr","","","","","","","","en","","","","","DOI.org (Crossref)","","","","","","","","","","","","","","","","","","","","","","","","","","","","","","","","","","","","","","","","","","","","","","","","","","","","",""
"ZEQHGWXU","journalArticle","2021","Hacker, Ronald B.; McDonald, Sarah E.","Prospects for sustainable use of the pastoral areas of Australia’s southern rangelands: a synthesis","The Rangeland Journal","","","","https://www.publish.csiro.au/rj/RJ21036","","2021","2024-10-05 12:12:09","2024-10-05 12:12:09","2024-10-05 12:11:34","185–209","","4","43","","","Prospects for sustainable use of the pastoral areas of Australia’s southern rangelands","","","","","","","","","","","","Google Scholar","","Publisher: CSIRO Publishing","","C:\Users\rache\Zotero\storage\8RMAPGDY\Hacker and McDonald - 2021 - Prospects for sustainable use of the pastoral area.pdf","","","","","","","","","","","","","","","","","","","","","","","","","","","","","","","","","","","","","","","","","","","","","","","","",""
"6T3GTGPF","journalArticle","2021","Ding, Jingyi; Travers, Samantha Kay; Eldridge, David John","Occurrence of Australian woody species is driven by soil moisture and available phosphorus across a climatic gradient","Journal of Vegetation Science","","1100-9233, 1654-1103","10.1111/jvs.13095","https://onlinelibrary.wiley.com/doi/10.1111/jvs.13095","Abstract                            Questions               Woody species are crucial biotic components in many of Earth’s terrestrial ecosystems because they support multiple ecosystem functions. The occurrence of woody species (i.e. their likelihood of being present at a single position) is driven by both climate and soil properties. However, empirical evidence is lacking on how multiple environmental factors regulate woody species occurrence across various climate regimes, limiting our ability to predict woody species distribution under different climate change scenarios.                                         Location               Woody plant species in eastern Australia; 1,500 km gradient.                                         Methods               We surveyed 6,353 mature (height >4 m) woody plants from 62 woody species at 150 sites along a 1,500 km climatic (i.e. aridity) gradient in eastern Australia, and used a generalized linear mixed model to explore the impact of summer rainfall, available soil phosphorus in the surface layer (0–10 cm), subsurface (100–200 cm) soil moisture and clay content, and interactions between aridity and the three soil variables on woody species occurrence (presence/absence).                                         Results               The overall occurrence of Australian woody species declined as the concentration of available soil phosphorus in the surface layer increased, with the impacts varying with increasing aridity. Subsurface soil moisture had strong positive effects on woody species occurrence in mesic areas, but the effect was attenuated with increasing aridity. Subsurface soil clay regulated the distribution of woody species, with finer soils promoting the likelihood of species occurrence in the dry subhumid zone, whereas coarser soils supported more woody species in the arid zone.                                         Conclusions               Our study provides empirical evidence that the distribution of Australian woody species is regulated by large‐scale shifts in soil moisture and available soil phosphorus, and local‐scale heterogeneity in soil texture. Our results suggest that forecasted climate change may restrict the distribution of woody species preferring particular soils, but expand the range of woody species that occur on dry or infertile soils.","2021-11","2024-10-05 12:12:09","2024-10-05 12:12:09","2024-10-05 12:11:34","e13095","","6","32","","J Vegetation Science","","","","","","","","en","","","","","DOI.org (Crossref)","","","","","","","","Tanentzap, Andrew","","","","","","","","","","","","","","","","","","","","","","","","","","","","","","","","","","","","","","","","","","","","",""
"4E28DGV9","journalArticle","2021","Jiang, Lubing; Liu, Hongyan; Peng, Zhaoyu; Dai, Jingyu; Zhao, Fengjun; Chen, Zhiting","Root system plays an important role in responses of plant to drought in the steppe of China","Land Degradation & Development","","1085-3278, 1099-145X","10.1002/ldr.3930","https://onlinelibrary.wiley.com/doi/10.1002/ldr.3930","Abstract                            In the temperate grasslands of northern China, there exists a large range of soil texture. However, previous studies have mainly focused on the effect of climate water deficit on plant traits and have paid little attention to the effect of soil water deficit because grasses tend to use rainfall water directly. We measured eight drought‐related plant traits of 12 widely distributed perennial species in the temperate grassland in northern China and examined drought‐related plant traits under different aridity index ([ET               0               − P]/ET               0               ) and soil sand/clay ratio. The 12 species were categorized into three functional groups: fibrous‐rooted C               4               species, fibrous‐rooted C               3               species, and tap‐rooted C               3               species. Our results showed that increasing climate drought had influence on all selected functional groups, and the influence on aboveground biomass and height was especially large on fibrous‐rooted C               3               species. Coarse soil led to increased root length of fibrous‐rooted C               3               and tap‐rooted C               3               species. Our results imply that root system can be important to plant responses under drought, and soil texture can have influence on plant, though most of the traits show resistance to coarser soil.","2021-08-15","2024-10-05 12:12:09","2024-10-05 12:12:09","2024-10-05 12:11:39","3498-3506","","13","32","","Land Degrad Dev","","","","","","","","en","","","","","DOI.org (Crossref)","","","","","","","","","","","","","","","","","","","","","","","","","","","","","","","","","","","","","","","","","","","","","","","","","","","","",""
"KN6NUA6T","journalArticle","2012","Rotkopf, Ron; Barkae, Erez David; Bar-Hanin, Einav; Alcalay, Yehonatan; Ovadia, Ofer","Multi-axis niche examination of ecological specialization: responses to heat, desiccation and starvation stress in two species of pit-building antlions","PLoS One","","","","https://journals.plos.org/plosone/article?id=10.1371/journal.pone.0050884","","2012","2024-10-05 12:12:09","2024-10-05 12:12:09","2024-10-05 12:11:42","e50884","","11","7","","","Multi-axis niche examination of ecological specialization","","","","","","","","","","","","Google Scholar","","Publisher: Public Library of Science San Francisco, USA","","C:\Users\rache\Zotero\storage\Z2D8I9CP\Rotkopf et al. - 2012 - Multi-axis niche examination of ecological special.pdf","","","","","","","","","","","","","","","","","","","","","","","","","","","","","","","","","","","","","","","","","","","","","","","","",""
"ACR9VULK","journalArticle","2004","Huxman, Travis E.; Cable, Jessica M.; Ignace, Danielle D.; Eilts, J. Alex; English, Nathan B.; Weltzin, Jake; Williams, David G.","Response of net ecosystem gas exchange to a simulated precipitation pulse in a semi-arid grassland: the role of native versus non-native grasses and soil texture","Oecologia","","","","https://idp.springer.com/authorize/casa?redirect_uri=https://link.springer.com/article/10.1007/s00442-003-1389-y&casa_token=pVsEQXxNtD4AAAAA:KRQCTzK16ksUYSwr5E6YcFJDVoyIR-yNQlKQ19heFnafPLMyNrjGEEqkXKldIkEohBAG6nFXlSrnVFreSQ","","2004","2024-10-05 12:12:09","2024-10-05 12:12:09","2024-10-05 12:11:48","295–305","","","141","","","Response of net ecosystem gas exchange to a simulated precipitation pulse in a semi-arid grassland","","","","","","","","","","","","Google Scholar","","Publisher: Springer","","C:\Users\rache\Zotero\storage\4P9YLUUM\s00442-003-1389-y.html","","","","","","","","","","","","","","","","","","","","","","","","","","","","","","","","","","","","","","","","","","","","","","","","",""
"ZHY29QNH","bookSection","1992","Gosz, James R.; Parmenter, Robert R.; Marshall, Diane","Ecological Indicators in a Desert/Grassland Transition","Ecological Indicators","978-1-4613-7108-3 978-1-4615-4659-7","","","http://link.springer.com/10.1007/978-1-4615-4659-7_42","","1992","2024-10-05 12:12:09","2024-10-05 12:12:09","2024-10-05 12:11:48","739-763","","","","","","","","","","","Springer US","Boston, MA","en","","","","","DOI.org (Crossref)","","DOI: 10.1007/978-1-4615-4659-7_42","","C:\Users\rache\Zotero\storage\B7NB8AUZ\Gosz et al. - 1992 - Ecological Indicators in a DesertGrassland Transi.pdf","","","","McKenzie, Daniel H.; Hyatt, D. Eric; McDonald, V. Janet","","","","","","","","","","","","","","","","","","","","","","","","","","","","","","","","","","","","","","","","","","","","",""
"MNW8WWU3","journalArticle","2007","Buxbaum, C. A. Z.; Vanderbilt, K.","Soil heterogeneity and the distribution of desert and steppe plant species across a desert-grassland ecotone","Journal of Arid Environments","","","","https://www.sciencedirect.com/science/article/pii/S0140196306003934?casa_token=PWUXA1cxHpcAAAAA:FDN8dlH2SzBA6TUDNhk_YMnjKJIdghlkpHRgjYiNxp9IaBAbenR-e5bntbpFrK-dBeUFmj6Zpw8","","2007","2024-10-05 12:12:09","2024-10-05 12:12:09","2024-10-05 12:11:57","617–632","","4","69","","","","","","","","","","","","","","","Google Scholar","","Publisher: Elsevier","","C:\Users\rache\Zotero\storage\CKSABI7Q\S0140196306003934.html","","","","","","","","","","","","","","","","","","","","","","","","","","","","","","","","","","","","","","","","","","","","","","","","",""
"EDH37M9R","journalArticle","2018","Sanaei, Anvar; Chahouki, Mohammad Ali Zare; Ali, Arshad; Jafari, Mohammad; Azarnivand, Hossein","Abiotic and biotic drivers of aboveground biomass in semi-steppe rangelands","Science of the Total Environment","","","","https://www.sciencedirect.com/science/article/pii/S0048969717326980?casa_token=OcTZTUknzpYAAAAA:Zs7X-XhMqBFnMKWTO_vfF6895GfqshHfgmOfgd4gWEemFTBbz1qXFckC69vLEM_YeeNMw1mUeN8","","2018","2024-10-05 12:12:09","2024-10-05 12:12:09","2024-10-05 12:12:00","895–905","","","615","","","","","","","","","","","","","","","Google Scholar","","Publisher: Elsevier","","C:\Users\rache\Zotero\storage\UW5M7XPY\S0048969717326980.html","","","","","","","","","","","","","","","","","","","","","","","","","","","","","","","","","","","","","","","","","","","","","","","","",""
"ZHBKICWW","journalArticle","2010","Curran, Timothy J.; Clarke, Peter J.; Warwick, Nigel WM","Water relations of woody plants on contrasting soils during drought: does edaphic compensation account for dry rainforest distribution?","Australian Journal of Botany","","","","https://www.publish.csiro.au/bt/BT09128","","2010","2024-10-05 12:12:09","2024-10-05 12:12:09","2024-10-05 12:12:03","629–639","","8","57","","","Water relations of woody plants on contrasting soils during drought","","","","","","","","","","","","Google Scholar","","Publisher: CSIRO Publishing","","C:\Users\rache\Zotero\storage\SAE2ECI3\Curran et al. - 2010 - Water relations of woody plants on contrasting soi.pdf","","","","","","","","","","","","","","","","","","","","","","","","","","","","","","","","","","","","","","","","","","","","","","","","",""
"XRGEJLZE","journalArticle","2020","Zang, Yong-Xin; Min, Xiao-Jun; de Dios, Víctor Resco; Ma, Jian-Ying; Sun, Wei","Extreme drought affects the productivity, but not the composition, of a desert plant community in Central Asia differentially across microtopographies","Science of the Total Environment","","","","https://www.sciencedirect.com/science/article/pii/S0048969720307610?casa_token=6KdoffrOtagAAAAA:Ey3V5KoyIWXOHUtLWB-xySSQ4cyqYOWRFfS3sL8ddhew6QfFu7mCXJpzpNTk9off0H6PbRB3z-I","","2020","2024-10-05 12:12:09","2024-10-05 12:12:09","2024-10-05 12:12:06","137251","","","717","","","","","","","","","","","","","","","Google Scholar","","Publisher: Elsevier","","C:\Users\rache\Zotero\storage\ZGZFDWDT\S0048969720307610.html","","","","","","","","","","","","","","","","","","","","","","","","","","","","","","","","","","","","","","","","","","","","","","","","",""
"VUD345T4","journalArticle","2008","Cable, Jessica M.; Ogle, Kiona; Williams, David G.; Weltzin, Jake F.; Huxman, Travis E.","Soil texture drives responses of soil respiration to precipitation pulses in the Sonoran Desert: implications for climate change","Ecosystems","","","","https://idp.springer.com/authorize/casa?redirect_uri=https://link.springer.com/article/10.1007/s10021-008-9172-x&casa_token=mjjVlMYqBkEAAAAA:Li1xLGoyEMZ8ocXhYELMvZsm0u8d2cwtbtYUn6uFr2RYoiQ11-OReN9DvZZ-jN81AFtGaxqCpbQ4A2MKnA","","2008","2024-10-05 12:12:09","2024-10-05 12:12:09","2024-10-05 12:12:09","961–979","","","11","","","Soil texture drives responses of soil respiration to precipitation pulses in the Sonoran Desert","","","","","","","","","","","","Google Scholar","","Publisher: Springer","","C:\Users\rache\Zotero\storage\F47Z38II\s10021-008-9172-x.html","","","","","","","","","","","","","","","","","","","","","","","","","","","","","","","","","","","","","","","","","","","","","","","","",""
"X9FCYHPK","journalArticle","1991","Dargie, T. C. D.; El Demerdash, M. A.","A quantitative study of vegetation - environment relationships in two Egyptian deserts","Journal of Vegetation Science","","1100-9233, 1654-1103","10.2307/3235891","https://onlinelibrary.wiley.com/doi/10.2307/3235891","Abstract.               Two contrasting Egyptian desert environments are examined by ordination and integrated inter‐pretationmethods. A crude site moisture index is strongly related to vegetation in both desert regions. Water quality is an additional strong control of floristic variation on the Sinai coastal plain and disturbance (by grazing and woodfuel collection) is important in the Eastern Desert. Useful indicator groupings of species are obtained as part of the analysis and are potential aids in the development and conservation of desert areas. Modern numerical methods offer considerable advances on the traditional descriptions of Egyptian desert ecosystems.","1991","2024-10-05 12:15:41","2024-10-05 16:12:06","2024-10-05 12:14:46","3-10","","1","2","","J Vegetation Science","","","","","","","","en","http://onlinelibrary.wiley.com/termsAndConditions#vor","","","","DOI.org (Crossref)","","","","C:\Users\rache\Zotero\storage\I7L9SDZV\J Vegetation Science - February 1991 - Dargie - A quantitative study of vegetation ‐ environmei relationships in two.pdf","","","","","","","","","","","","","","","","","","","","","","","","","","","","","","","","","","","","","","","","","","","","","","","","",""
"E6A4NMND","journalArticle","2013","Nano, Catherine E. M.; Pavey, Chris R.","Refining the ‘pulse‐reserve’ model for arid central <span style=""font-variant:small-caps;"">A</span> ustralia: Seasonal rainfall, soil moisture and plant productivity in sand ridge and stony plain habitats of the <span style=""font-variant:small-caps;"">S</span> impson <span style=""font-variant:small-caps;"">D</span> esert","Austral Ecology","","1442-9985, 1442-9993","10.1111/aec.12036","https://onlinelibrary.wiley.com/doi/10.1111/aec.12036","Abstract                            In dry ecosystems, water supply is highly variable in time and space, occurring either as short pulses of shallow soil water or long phases of deep soil water. There may be correspondence between hierarchical soil water pulses and hierarchical biological responses, but this has not been directly tested for arid               A               ustralia. We compared plant community responses to an isolated short rain pulse (about 130 mm,               N               ovember 2008)               versus               the start, mid and later stages of an extended high rainfall phase (about 540 mm,               F               ebruary 2010 to               M               arch 2011) at a site on the western edge of the               S               impson               D               esert. We sampled across contrasting habitats: tall longitudinal sand ridges and adjacent stony clay plains (gibber). Thus, we compared responses to spatially variable soil moisture availability (sand               vs.               clay soil; run‐off/on relief) and temporally variable rainfall supply. Our results supported the hierarchical resource pulse‐biological response concept for dry ecosystems, with the short and long rainfall phases modulating distinct responses among functional types. Shallow‐rooted annual grasses showed an equivalent positive response to the isolated pulse as to the first pulse of the high rain phase; whereas short‐lived forbs, longer‐lived (2–3 years) grasses and persistent forbs had peak abundance during the high rainfall phase. Perennial grass and shrub productivity did not change over time, though there was a distinct trend towards heightened sexual reproduction at the mid‐late stages of the high rain phase. We also found that species seasonal growth tendencies were pronounced, and that spatial aspects of moisture availability resulted in different composition patterns at the habitat scale with the gibber and sand ridge sites showing strong and weak correspondence with temporal rainfall patterning respectively. Thus, we confirm that plant productivity models for this region should include the effects of rainfall connectivity and soil texture as well as species seasonal growth constraints and rooting attributes.","2013-11","2024-10-05 12:15:41","2024-10-05 12:15:41","2024-10-05 12:14:47","741-753","","7","38","","Austral Ecology","Refining the ‘pulse‐reserve’ model for arid central <span style=""font-variant","","","","","","","en","","","","","DOI.org (Crossref)","","","","","","","","","","","","","","","","","","","","","","","","","","","","","","","","","","","","","","","","","","","","","","","","","","","","",""
"XTY2DSA8","journalArticle","2008","Koechy, Martin","Effects of simulated daily precipitation patterns on annual plant populations depend on life stage and climatic region","BMC Ecology","","1472-6785","10.1186/1472-6785-8-4","http://bmcecol.biomedcentral.com/articles/10.1186/1472-6785-8-4","","2008","2024-10-05 12:15:41","2024-10-05 12:15:41","2024-10-05 12:14:50","4","","1","8","","BMC Ecol","","","","","","","","en","","","","","DOI.org (Crossref)","","","","C:\Users\rache\Zotero\storage\NV48JXL4\Koechy - 2008 - Effects of simulated daily precipitation patterns .pdf","","","","","","","","","","","","","","","","","","","","","","","","","","","","","","","","","","","","","","","","","","","","","","","","",""
"KB3I5EDF","bookSection","2015","Blumler, Mark A.","Deciduous Woodlands in Mediterranean California","Warm-Temperate Deciduous Forests around the Northern Hemisphere","978-3-319-01260-5 978-3-319-01261-2","","","http://link.springer.com/10.1007/978-3-319-01261-2_14","","2015","2024-10-05 12:15:41","2024-10-05 12:15:41","2024-10-05 12:14:56","257-266","","","","","","","","","","","Springer International Publishing","Cham","","","","","","DOI.org (Crossref)","","Series Title: Geobotany Studies DOI: 10.1007/978-3-319-01261-2_14","","","","","","Box, Elgene O.; Fujiwara, Kazue","","","","","","","","","","","","","","","","","","","","","","","","","","","","","","","","","","","","","","","","","","","","",""
"AE4VXMKJ","journalArticle","2024","Bradfield, Scott Jared; Ocheltree, Troy W.; Knapp, Alan K.; Hoffman, Chad M.; Augustine, David J.","DYNAMICS OF STRESS AND MORTALITY FOR GRASS DOMINATED ECOSYSTEMS: AN INTERPLAY OF WATER LIMITATION, HEAT, AND EROSION","","","","","https://api.mountainscholar.org/server/api/core/bitstreams/580e0ad4-de86-4b0b-bbca-3e3dd7f69b0d/content","","2024","2024-10-05 12:15:41","2024-10-05 12:15:41","2024-10-05 12:14:59","","","","","","","DYNAMICS OF STRESS AND MORTALITY FOR GRASS DOMINATED ECOSYSTEMS","","","","","","","","","","","","Google Scholar","","Publisher: Colorado State University. Libraries","","C:\Users\rache\Zotero\storage\6LKFECM3\Bradfield et al. - 2024 - DYNAMICS OF STRESS AND MORTALITY FOR GRASS DOMINAT.pdf","","","","","","","","","","","","","","","","","","","","","","","","","","","","","","","","","","","","","","","","","","","","","","","","",""
"IRZM3D5B","journalArticle","2019","Thoma, David P.; Munson, Seth M.; Witwicki, Dana L.","Landscape pivot points and responses to water balance in national parks of the southwest US","Journal of Applied Ecology","","0021-8901, 1365-2664","10.1111/1365-2664.13250","https://besjournals.onlinelibrary.wiley.com/doi/10.1111/1365-2664.13250","Abstract                                                                A recent drying trend that is expected to continue in the southwestern US underscores the need for site‐specific and near real‐time understanding of vegetation vulnerability so that land management actions can be implemented at the right time and place.                                                                          We related the annual integrated normalized difference vegetation index (                     iNDVI                     ), a proxy for vegetation production, to water balance across landscapes of the Colorado Plateau. We determined how changes in production per unit of water (vegetation responses) and the water balance amounts at which production shifted from above to below average values (pivot points), varied across dominant vegetation and soil types.                                                                                             Precipitation (                     PRCP                     ), actual evapotranspiration (                     AET                     ), water deficit (                     D                     ), and soil moisture (                     SM                     ) explained 13%–82% of variation in vegetation production. Along an increasing water availability gradient, vegetation responses to                     PRCP                     and                     AET                     increased, responses to                     SM                     decreased, and responses to                     D                     became more negative. We found trade‐offs between vegetation responses and pivot points within and across all vegetation types that were mediated by soil properties.                                                                                             Synthesis and applications                     . The water needed by native vegetation to maintain production depends on plant traits. The water available to vegetation depends on climate and soil properties that change along environmental gradients. Tracking this biologically relevant water availability in relation to water need provides an indicator of vegetation growth or stress that can help guide the time and place for management actions.                                                                           ,              The water needed by native vegetation to maintain production depends on plant traits. The water available to vegetation depends on climate and soil properties that change along environmental gradients. Tracking this biologically relevant water availability in relation to water need provides an indicator of vegetation growth or stress that can help guide the time and place for management actions.","2019-01","2024-10-05 12:15:41","2024-10-05 12:15:41","2024-10-05 12:14:59","157-167","","1","56","","Journal of Applied Ecology","","","","","","","","en","","","","","DOI.org (Crossref)","","","","","","","","Macinnis‐Ng, Cate","","","","","","","","","","","","","","","","","","","","","","","","","","","","","","","","","","","","","","","","","","","","",""
"T5DHC97D","journalArticle","2023","Holdrege, Martin C.; Kulmatiski, Andrew; Beard, Karen H.; Palmquist, Kyle A.","Precipitation Intensification Increases Shrub Dominance in Arid, Not Mesic, Ecosystems","Ecosystems","","1432-9840, 1435-0629","10.1007/s10021-022-00778-1","https://link.springer.com/10.1007/s10021-022-00778-1","","2023-04","2024-10-05 12:15:41","2024-10-05 12:15:41","2024-10-05 12:15:05","568-584","","3","26","","Ecosystems","","","","","","","","en","","","","","DOI.org (Crossref)","","","","","","","","","","","","","","","","","","","","","","","","","","","","","","","","","","","","","","","","","","","","","","","","","","","","",""
"QAWNNSZA","journalArticle","2021","WAINWRIGHT, BROOKE E.","What does the future look like? Plant community change at the recruitment life stage","","","","","https://digitalrepository.unm.edu/biol_etds/384/","","2021","2024-10-05 12:15:41","2024-10-05 12:15:41","2024-10-05 12:15:08","","","","","","","What does the future look like?","","","","","","","","","","","","Google Scholar","","","","C:\Users\rache\Zotero\storage\YEGE2LB5\WAINWRIGHT - 2021 - What does the future look like Plant community ch.pdf","","","","","","","","","","","","","","","","","","","","","","","","","","","","","","","","","","","","","","","","","","","","","","","","",""
"R8PKVJD4","journalArticle","2016","Travers, Samantha K.; Eldridge, David J.","Does litter decomposition vary between the foraging pits of two soil‐disturbing mammal species?","Earth Surface Processes and Landforms","","0197-9337, 1096-9837","10.1002/esp.3892","https://onlinelibrary.wiley.com/doi/10.1002/esp.3892","Abstract                            Soil‐disturbing animals play a critical role in many ecosystem processes. The loss of native soil‐foraging mammals (e.g. greater bilby                                Macrotis lagotis                              ; burrowing bettong,                                Bettongia lesueur                              ) throughout vast areas of               Australia               has altered fundamental soil processes such as decomposition. Little is known about whether surviving native soil‐disturbing animals (e.g. short‐beaked echidna,                                Tachyglossus aculeatus                              ) produce soil disturbances that are functionally equivalent to those of locally‐extinct native animals. We used a litter bag study to compare abiotic and biotic mechanisms of decomposition within the foraging pits of two native mammal species. We compared decomposition rates between landforms, which we used as a surrogate for soil texture; grass species                                Austrostipa scabra subsp. scabra                              and               Triodia scariosa               subsp.               scariosa               , which we used as our substrates; and the effects of chemically excluding fungi and/or termites. There were initial differences in the organic mass loss between echidna and bilby/bettong foraging pits, with bilby/bettong pits losing more over 30 days, and echidnas losing more over 63 days. However, over 396 days there was no significant difference between the two pit types. Landform (soil texture) and chemical exclusion of termites and fungi did not affect our measures of decomposition until the final stage of the study. The two grass species lost significantly different amounts of organic material at each collection interval, with Austrostipa losing more at 30, 63 and 130 days and               Triodia               losing more at the final 396 day collection. This provided the most consistent effect on decomposition. Our results highlight the temporal idiosyncrasies in the various drivers of decomposition in this dune‐swale system. Overall, this study provides evidence that the foraging pits of the short‐beaked echidna do not differ markedly from those of the locally extinct greater bilby and burrowing bettong in terms of their capacity to maintain rates of decomposition at an annual scale. Copyright © 2015 John Wiley & Sons, Ltd.","2016-04","2024-10-05 12:15:41","2024-10-05 12:15:41","2024-10-05 12:15:08","669-676","","5","41","","Earth Surf Processes Landf","","","","","","","","en","http://onlinelibrary.wiley.com/termsAndConditions#vor","","","","DOI.org (Crossref)","","","","","","","","","","","","","","","","","","","","","","","","","","","","","","","","","","","","","","","","","","","","","","","","","","","","",""
"WG2AWCAB","journalArticle","2020","Wang, Guohua; Gou, Qianqian; Hao, Yulian; Zhao, Huimin; Zhang, Xiafang","Dynamics of soil water content across different landscapes in a typical desert-oasis ecotone","Frontiers in Environmental Science","","","","https://www.frontiersin.org/articles/10.3389/fenvs.2020.577406/full","","2020","2024-10-05 12:15:41","2024-10-05 12:15:41","2024-10-05 12:15:20","577406","","","8","","","","","","","","","","","","","","","Google Scholar","","Publisher: Frontiers Media SA","","C:\Users\rache\Zotero\storage\WBR2XLE9\Wang et al. - 2020 - Dynamics of soil water content across different la.pdf","","","","","","","","","","","","","","","","","","","","","","","","","","","","","","","","","","","","","","","","","","","","","","","","",""
"A6GHK3SN","journalArticle","2016","Yang, Xuebin; Crews, Kelley A.; Yan, Bowei","Analysis of the pattern of potential woody cover in Texas savanna","International journal of applied earth observation and geoinformation","","","","https://www.sciencedirect.com/science/article/pii/S0303243416301295","","2016","2024-10-05 12:15:41","2024-10-05 12:15:41","2024-10-05 12:15:23","527–531","","","52","","","","","","","","","","","","","","","Google Scholar","","Publisher: Elsevier","","","","","","","","","","","","","","","","","","","","","","","","","","","","","","","","","","","","","","","","","","","","","","","","","","",""
"CQXDMVXA","journalArticle","1994","Knight, Dennis H.; Vose, James M.; Baldwin, V. Clark; Ewel, Katherine C.; Grodzinska, Krystyna; Grodzinska, Kristina","Contrasting patterns in pine forest ecosystems","Ecological Bulletins","","","","https://www.jstor.org/stable/20113128","","1994","2024-10-05 12:15:41","2024-10-05 12:15:41","2024-10-05 12:15:26","9–19","","","","","","","","","","","","","","","","","","Google Scholar","","Publisher: JSTOR","","C:\Users\rache\Zotero\storage\AF4YEVM3\Knight et al. - 1994 - Contrasting patterns in pine forest ecosystems.pdf","","","","","","","","","","","","","","","","","","","","","","","","","","","","","","","","","","","","","","","","","","","","","","","","",""
"HPIBGHQU","journalArticle","2020","Holdo, Ricardo M.; Onderdonk, Daphne A.; Barr, Annabelle G.; Mwita, Meshak; Anderson, T. Michael","Spatial transitions in tree cover are associated with soil hydrology, but not with grass biomass, fire frequency, or herbivore biomass in Serengeti savannahs","Journal of Ecology","","0022-0477, 1365-2745","10.1111/1365-2745.13303","https://besjournals.onlinelibrary.wiley.com/doi/10.1111/1365-2745.13303","Abstract                                                                Although there is a well‐known association between tree cover and soil texture in savannahs, the hydrological drivers of tree cover variation have not been systematically explored, particularly in parallel with factors such as fire, herbivory, and tree–grass interactions. The relationship between hydrological factors and tree cover is important for resolving the relative contribution of bottom‐up versus top‐down factors in structuring savannah vegetation.                                                                          We quantified soil moisture dynamics across eight 1‐km transects spanning tree cover gradients from open to woody savannah in Serengeti National Park in Tanzania using soil moisture sensors coupled with dataloggers. We mapped tree cover at two spatial scales through supervised classification of high‐resolution satellite imagery. We simultaneously produced water retention curves in open and woody habitats within each transect to compare soil hydrological properties and to convert volumetric water content (                     θ                     ) from dataloggers to plant‐available water over the course of an annual cycle. We also quantified grass biomass at 100 locations per transect, estimated fire frequency from MODIS satellite data, and quantified herbivore occupancy with paired camera traps situated in open and woody habitats within each transect.                                                                                             We found a positive relationship between tree cover and soil moisture drainage rate, and found that open habitats had more negative water potentials than woody habitats for a given value of                     θ                     . In contrast, we found no evidence for a consistent relationship between grass biomass or fire frequency and tree cover. We found evidence for higher browser occupancy in woody than open habitats, but no habitat effects on herbivores as a group (browsers plus grazers), suggesting that herbivory is unlikely to be the dominant factor explaining variation in tree cover.                                                                                             Synthesis                     . Our results suggest that variation in tree cover is partly driven by hydrological (edaphic) factors unrelated to fire, herbivory, tree–grass interactions or mean annual precipitation at these spatial scales in Serengeti. We contrast our findings with previous work attributing tree cover shifts in Serengeti to precipitation gradients.","2020-03","2024-10-05 12:15:41","2024-10-05 12:15:41","2024-10-05 12:15:26","586-597","","2","108","","Journal of Ecology","","","","","","","","en","","","","","DOI.org (Crossref)","","","","C:\Users\rache\Zotero\storage\ENNZ48CG\Holdo et al. - 2020 - Spatial transitions in tree cover are associated w.pdf","","","","Oliveras, Imma","","","","","","","","","","","","","","","","","","","","","","","","","","","","","","","","","","","","","","","","","","","","",""
"B4NV7QHP","journalArticle","2024","Suliman, Mahmoud; Scaini, Anna; Manzoni, Stefano; Vico, Giulia","Soil properties modulate actual evapotranspiration and precipitation impacts on crop yields in the USA","Science of the Total Environment","","","","https://www.sciencedirect.com/science/article/pii/S0048969724053221","","2024","2024-10-05 12:15:41","2024-10-05 12:15:41","2024-10-05 12:15:29","175172","","","949","","","","","","","","","","","","","","","Google Scholar","","Publisher: Elsevier","","","","","","","","","","","","","","","","","","","","","","","","","","","","","","","","","","","","","","","","","","","","","","","","","","",""
"LBI3KXS3","journalArticle","1994","Coffin, Debra P.; Lauenroth, William K.","Successional dynamics of a semiarid grassland: effects of soil texture and disturbance size","Vegetatio","","0042-3106","10.1007/BF00038715","https://link.springer.com/10.1007/BF00038715","","1994-01","2024-10-05 12:15:41","2024-10-05 12:15:41","2024-10-05 12:15:32","67-82","","1","110","","Vegetatio","Successional dynamics of a semiarid grassland","","","","","","","en","https://www.springer.com/tdm","","","","DOI.org (Crossref)","","","","C:\Users\rache\Zotero\storage\LHDF5PYU\Coffin and Lauenroth - 1994 - Successional dynamics of a semiarid grassland eff.pdf","","","","","","","","","","","","","","","","","","","","","","","","","","","","","","","","","","","","","","","","","","","","","","","","",""
"ED7ETTMI","journalArticle","2001","Sala, Osvaldo E.","Productivity of temperate grasslands","Terrestrial global productivity","","","","https://books.google.com/books?hl=en&lr=&id=AhGl0iA74kwC&oi=fnd&pg=PA285&dq=%22inverse+texture%22+OR+%22inverse-texture%22&ots=fQ5FPKodSq&sig=dZR-2JcRxeyPiwS9AFE4Faw5XDA","","2001","2024-10-05 12:15:41","2024-10-05 12:15:41","2024-10-05 12:15:35","285–300","","","","","","","","","","","","","","","","","","Google Scholar","","Publisher: Academic Press San Diego","","","","","","","","","","","","","","","","","","","","","","","","","","","","","","","","","","","","","","","","","","","","","","","","","","",""
"DC4ABK9T","journalArticle","2017","Augustine, David J.; Derner, Justin D.; Milchunas, Daniel; Blumenthal, Dana; Porensky, Lauren M.","Grazing moderates increases in C <sub>3</sub> grass abundance over seven decades across a soil texture gradient in shortgrass steppe","Journal of Vegetation Science","","1100-9233, 1654-1103","10.1111/jvs.12508","https://onlinelibrary.wiley.com/doi/10.1111/jvs.12508","Abstract                            Questions               How does long‐term exclusion of cattle grazing influence plant community composition in a semi‐arid grassland? Can spatial variation in the effects of cattle grazing exclusion be explained by variation in soil texture?                                         Location                                Shortgrass steppe, northeast Colorado,                 USA                 , in the North American Great Plains.                                                        Method               We used 16 long‐term (72 yr) cattle exclosures to examine the effects of grazers on plant communities and evaluate whether grazer effects interact with soil texture.                                         Results                                Although shortgrass steppe communities are relatively unaffected by grazing in the short‐term (one to two decades), exclusion of cattle grazing for seven decades caused a compositional shift from dominance by a C                 4                 shortgrass (                 Bouteloua gracilis                 ) to co‐dominance by a C                 3                 midgrass (                 Pascopyrum smithii                 ) and                 B. gracilis                 . The strength of this shift was highly variable across sites. Soil texture was correlated with the abundance of certain plant species, but did not explain variation in the magnitude of grazer effects. Grazed communities contained perennial and annual growth forms with a diversity of strategies to co‐exist with grazers and                 B. gracilis                 . Ungrazed communities included increased abundance of annual, ruderal forbs and three woody plant species. Grazing effects occurred against a backdrop of changing plant communities: during the past seven decades, C                 3                 perennial graminoids and sub‐shrubs have increased in relative abundance in both grazed and ungrazed communities.                                                        Conclusions                                Our long‐term experiment shows that community responses to grazing in this semi‐arid grassland occur very slowly, but are predictable, with C                 4                 shortgrasses eventually giving way to taller C                 3                 grasses and ruderal forbs. Spatial variation in grazing effects across sites (and lack of a relationship with soil texture) may reflect the importance of fine‐scale heterogeneity in C                 3                 grass abundance, and the slow rate at which taller C                 3                 grasses can coalesce into mono‐dominant patches that outcompete C                 4                 shortgrasses. Increased abundance of C                 3                 species over the past seven decades, both in the presence and absence of grazing, may be related to recovery from the severe drought and dust storms of the 1930s as well as enhanced growth of C                 3                 plants under increasing atmospheric [                 CO                 2                 ].","2017-05","2024-10-05 12:15:41","2024-10-05 12:15:41","2024-10-05 12:15:38","562-572","","3","28","","J Vegetation Science","","","","","","","","en","http://onlinelibrary.wiley.com/termsAndConditions#am","","","","DOI.org (Crossref)","","","","","","","","Schmidtlein, Sebastian","","","","","","","","","","","","","","","","","","","","","","","","","","","","","","","","","","","","","","","","","","","","",""
"PBIH94K5","conferencePaper","2011","Kacimov, A. R.","Simulation of Darcian evaporation through a heterogeneous soil layer","Proceedings of the International Conference on Scientific Computing (CSC)","","","","http://world-comp.org/p2011/CSC2860.pdf","","2011","2024-10-05 12:15:41","2024-10-05 12:15:41","2024-10-05 12:15:41","1","","","","","","","","","","","The Steering Committee of The World Congress in Computer Science, Computer …","","","","","","","Google Scholar","","","","C:\Users\rache\Zotero\storage\22Z9ERVD\Kacimov - 2011 - Simulation of Darcian evaporation through a hetero.pdf","","","","","","","","","","","","","","","","","","","","","","","","","","","","","","","","","","","","","","","","","","","","","","","","",""
"YP7HDXCP","journalArticle","2006","Bradford, John B.; Lauenroth, William K.; Burke, Ingrid C.; Paruelo, Jose M.","The Influence of Climate, Soils, Weather, and Land Use on Primary Production and Biomass Seasonality in the US Great Plains","Ecosystems","","1432-9840, 1435-0629","10.1007/s10021-004-0164-1","http://link.springer.com/10.1007/s10021-004-0164-1","","2006-09","2024-10-05 12:15:41","2024-10-05 12:15:41","2024-10-05 12:15:41","934-950","","6","9","","Ecosystems","","","","","","","","en","http://www.springer.com/tdm","","","","DOI.org (Crossref)","","","","C:\Users\rache\Zotero\storage\TQA6CYAS\Bradford et al. - 2006 - The Influence of Climate, Soils, Weather, and Land.pdf","","","","","","","","","","","","","","","","","","","","","","","","","","","","","","","","","","","","","","","","","","","","","","","","",""
"J35KQS4T","journalArticle","2009","Caylor, Kelly K.; Scanlon, Todd M.; Rodriguez‐Iturbe, Ignacio","Ecohydrological optimization of pattern and processes in water‐limited ecosystems: A trade‐off‐based hypothesis","Water Resources Research","","0043-1397, 1944-7973","10.1029/2008WR007230","https://agupubs.onlinelibrary.wiley.com/doi/10.1029/2008WR007230","The complex interactions between plants, soils, and climates in semiarid ecosystems make it difficult to define specific ecohydrological optimization mechanisms that underlie observed spatiotemporal patterns of vegetation structure. There remains a clear need to develop conceptual models that are capable of interpreting and predicting spatial pattern formation in savannas (and similar dry woodland ecosystems), as well as metrics for assessing optimization or organization of patterns, as one scales from individual canopies to landscapes and beyond. In this article, we propose a unifying hypothesis regarding ecohydrological optimization of pattern and processes, namely, that vegetation patterns in water‐limited environments are constrained in their ability to maximize water use by a need to simultaneously minimize water stress. We use this trade‐off‐based hypothesis to infer the function of dryland ecosystems under a wide range of scales and applications. Specifically, we examine spatial and temporal aspects of ecohydrological organization of vegetation patterns for three different cases: (1) patterns of regional‐scale temporal organization across a regional climate gradient, (2) patterns of landscape‐scale spatial organization within a semiarid drainage basin, and (3) patterns of individual‐scale structural organization across varying soil textures. Although the insight gained from each of these examples is derived from specific modeling approaches, each of which contains its own unique set of assumptions and limitations, they are unified by our proposed ecohydrological trade‐off approach that simultaneously considers both plant water deficit and plant water use as a diagnostic tool for assessing vegetation patterns in water‐limited environments. It is our hope that the ongoing development of coupled ecological and hydrological models capable of assessing a diversity of interactions between plants, soils, and climates will lead to the emergence of more generalized hypotheses regarding the manner by which ecological and hydrological patterns coorganize in landscapes.","2009-08","2024-10-05 12:19:47","2024-10-05 12:19:47","2024-10-05 12:18:48","2008WR007230","","8","45","","Water Resources Research","Ecohydrological optimization of pattern and processes in water‐limited ecosystems","","","","","","","en","http://onlinelibrary.wiley.com/termsAndConditions#vor","","","","DOI.org (Crossref)","","","","","","","","","","","","","","","","","","","","","","","","","","","","","","","","","","","","","","","","","","","","","","","","","","","","",""
"MN252AII","journalArticle","2009","Wichern, Florian; Joergensen, Rainer Georg","Soil Microbial Properties Along a Precipitation Transect in Southern Africa","Arid Land Research and Management","","1532-4982, 1532-4990","10.1080/15324980902817071","http://www.tandfonline.com/doi/abs/10.1080/15324980902817071","","2009-04-08","2024-10-05 12:19:47","2024-10-05 12:19:47","2024-10-05 12:18:50","115-126","","2","23","","Arid Land Research and Management","","","","","","","","en","","","","","DOI.org (Crossref)","","","","","","","","","","","","","","","","","","","","","","","","","","","","","","","","","","","","","","","","","","","","","","","","","","","","",""
"T9Z68T9P","journalArticle","2010","Robinson, David A.; Lebron, Inma; Querejeta, José Ignacio","Determining Soil–Tree–Grass Relationships in a California Oak Savanna Using Eco‐Geophysics","Vadose Zone Journal","","1539-1663, 1539-1663","10.2136/vzj2009.0041","https://acsess.onlinelibrary.wiley.com/doi/10.2136/vzj2009.0041","Savanna ecosystems have long fascinated ecologists due to the codominance of trees and grasses. This codominance is often explained by the vertical juxtaposition of rooting depths leading to niche separation for water uptake. The tree–grass spatial patterns observed are often investigated within the competition, disturbance, and resource heterogeneity framework. Ecohydrologic studies are developing models to describe patterns based on this framework and the complex interplay between climate, soil moisture, and resource heterogeneity. A common impediment to unraveling the relative importance of each of these factors is a lack of detailed spatial and temporal data describing resource heterogeneity. In this research, we investigated the use of electromagnetic‐induction (EMI) imaging as a way of determining soil spatial resource heterogeneity. The aim was to determine if EMI signal response, reflecting soil texture and moisture, can provide a rapid method for identifying soil spatial resource heterogeneity, thus providing a novel method to help differentiate between the importance of competition, disturbance, and resource heterogeneity in controlling tree–grass pattern development. We found a significant difference (               t               = 10.18,               P               = 1.57 × 10               −21               ) between signal response under grass and trees. Higher bulk soil electrical conductivity (ECa) values occurred under grass (∼32 mS m               −1               ), indicating more clay, while lower ECa values (∼21 mS m               −1               ) occurred under trees where clay content was less. Significant ECa differences were also observed between the oak (               Quercus               spp.) and buckeye [               Aesculus californica               (Spach) Nutt.] tree communities, but not between the evergreen and deciduous oak communities. Soil ECa provides a rapid measurement method to identify soil resource heterogeneity in savanna tree–grass systems and could provide a vital tool for woodland restoration planning.","2010-08","2024-10-05 12:19:47","2024-10-05 12:19:47","2024-10-05 12:18:54","528-536","","3","9","","Vadose Zone Journal","","","","","","","","en","","","","","DOI.org (Crossref)","","","","C:\Users\rache\Zotero\storage\DHCRPFF2\Robinson et al. - 2010 - Determining Soil–Tree–Grass Relationships in a Cal.pdf","","","","","","","","","","","","","","","","","","","","","","","","","","","","","","","","","","","","","","","","","","","","","","","","",""
"C9IJR3N6","journalArticle","2006","Ludwig, Fulco; Jewitt, Rebecca A.; Donovan, Lisa A","Nutrient and water addition effects on day- and night-time conductance and transpiration in a C3 desert annual","Oecologia","","0029-8549, 1432-1939","10.1007/s00442-006-0367-6","http://link.springer.com/10.1007/s00442-006-0367-6","","2006-06","2024-10-05 12:19:47","2024-10-05 12:19:47","2024-10-05 12:18:56","219-225","","2","148","","Oecologia","","","","","","","","en","http://www.springer.com/tdm","","","","DOI.org (Crossref)","","","","C:\Users\rache\Zotero\storage\WQBQIPLH\Ludwig et al. - 2006 - Nutrient and water addition effects on day- and ni.pdf","","","","","","","","","","","","","","","","","","","","","","","","","","","","","","","","","","","","","","","","","","","","","","","","",""
"7BUWU2EK","journalArticle","1997","Dodd, M. B.; Lauenroth, W. K.","[No title found]","Plant Ecology","","13850237","10.1023/A:1009759421640","http://link.springer.com/10.1023/A:1009759421640","","1997","2024-10-05 12:19:47","2024-10-05 12:19:47","2024-10-05 12:18:59","13-28","","1","133","","","","","","","","","","","","","","","DOI.org (Crossref)","","","","C:\Users\rache\Zotero\storage\3JMCV3GZ\Dodd and Lauenroth - 1997 - [No title found].pdf","","","","","","","","","","","","","","","","","","","","","","","","","","","","","","","","","","","","","","","","","","","","","","","","",""
"8WVD4GNN","bookSection","2005","Tongway, David J.; Ludwig, John A.","Heterogeneity in Arid and Semiarid Lands","Ecosystem Function in Heterogeneous Landscapes","978-0-387-24089-3 978-0-387-24091-6","","","http://link.springer.com/10.1007/0-387-24091-8_10","","2005","2024-10-05 12:19:47","2024-10-05 12:19:47","2024-10-05 12:19:02","189-205","","","","","","","","","","","Springer New York","New York, NY","en","","","","","DOI.org (Crossref)","","DOI: 10.1007/0-387-24091-8_10","","C:\Users\rache\Zotero\storage\5ISVV9C9\Tongway and Ludwig - 2005 - Heterogeneity in Arid and Semiarid Lands.pdf","","","","Lovett, Gary M.; Turner, Monica G.; Jones, Clive G.; Weathers, Kathleen C.","","","","","","","","","","","","","","","","","","","","","","","","","","","","","","","","","","","","","","","","","","","","",""
"ZX6FBC96","journalArticle","2024","Brown, Renée F.; Collins, Scott L.","Revisiting the bucket model: Long‐term effects of rainfall variability and nitrogen enrichment on net primary production in a desert grassland","Journal of Ecology","","0022-0477, 1365-2745","10.1111/1365-2745.14258","https://besjournals.onlinelibrary.wiley.com/doi/10.1111/1365-2745.14258","Abstract                                                                The predicted intensification of the North American Monsoon is expected to alter growing season rainfall patterns in the southwestern United States. These patterns, which have historically been characterized by frequent small rain events, are anticipated to shift towards a more extreme precipitation regime consisting of fewer, but larger rain events. Furthermore, human activities are contributing to increased atmospheric nitrogen deposition throughout this dryland region.                                                     Alterations in rainfall size and frequency, along with changes in nitrogen availability, are likely to have significant consequences for above‐ground net primary production (ANPP) and plant community dynamics in drylands. The conceptual bucket model predicts that a shift towards fewer, but larger rain events could promote greater rates of ANPP in these regions by maintaining soil moisture availability above drought stress thresholds for longer periods during the growing season. However, only a few short‐term studies have tested this hypothesis, and none have explored the interaction between altered rainfall patterns and nitrogen enrichment.                                                     To address this knowledge gap, we conducted a 14‐year rainfall addition and nitrogen fertilization experiment in a northern Chihuahuan Desert grassland to explore the long‐term impacts of changes in monsoon rainfall size and frequency, along with chronic nitrogen enrichment, on ANPP (measured as peak biomass) and plant community dynamics.                                                     Contrary to bucket model predictions, small frequent rain events promoted comparable rates of ANPP to large infrequent rain events in the absence of nitrogen enrichment. It was only when nitrogen limitation was alleviated that large infrequent rain events resulted in the greatest ANPP. Furthermore, we found that nitrogen enrichment had the greatest impact on plant community composition under the small frequent rainfall regime.                                                                          Synthesis                     . Our long‐term field experiment highlights limitations of the bucket model by demonstrating that water and nitrogen availability sequentially limit dryland ecological processes. Specifically, our findings suggest that while water availability is the primary limiting factor for above‐ground net primary production in these ecosystems, nitrogen limitation becomes increasingly important when water is not limiting. Moreover, our findings reveal that small frequent rain events play an important but underappreciated role in driving dryland ecosystem dynamics.","2024-03","2024-10-05 12:19:47","2024-10-05 12:19:47","2024-10-05 12:19:05","629-641","","3","112","","Journal of Ecology","Revisiting the bucket model","","","","","","","en","","","","","DOI.org (Crossref)","","","","C:\Users\rache\Zotero\storage\AEF2QIRA\Brown and Collins - 2024 - Revisiting the bucket model Long‐term effects of .pdf","","","","","","","","","","","","","","","","","","","","","","","","","","","","","","","","","","","","","","","","","","","","","","","","",""
"26TWVC6V","bookSection","2006","D'Odorico, Paolo; Porporato, Amilcare","SOIL MOISTURE DYNAMICS IN WATER-LIMITED ECOSYSTEMS","Dryland Ecohydrology","978-1-4020-4259-1","","","http://link.springer.com/10.1007/1-4020-4260-4_3","","2006","2024-10-05 12:19:47","2024-10-05 12:19:47","2024-10-05 12:19:08","31-46","","","","","","","","","","","Kluwer Academic Publishers","Dordrecht","en","","","","","DOI.org (Crossref)","","DOI: 10.1007/1-4020-4260-4_3","","","","","","D'Odorico, Paolo; Porporato, Amilcare","","","","","","","","","","","","","","","","","","","","","","","","","","","","","","","","","","","","","","","","","","","","",""
"BTX2QZH6","journalArticle","2009","Mitchell, Patrick J.; Veneklaas, Erik; Lambers, Hans; Burgess, Stephen SO","Partitioning of evapotranspiration in a semi-arid eucalypt woodland in south-western Australia","Agricultural and Forest Meteorology","","","","https://www.sciencedirect.com/science/article/pii/S0168192308002050","","2009","2024-10-05 12:19:47","2024-10-05 12:19:47","2024-10-05 12:19:17","25–37","","1","149","","","","","","","","","","","","","","","Google Scholar","","Publisher: Elsevier","","C:\Users\rache\Zotero\storage\4YPPX5HZ\S0168192308002050.html","","","","","","","","","","","","","","","","","","","","","","","","","","","","","","","","","","","","","","","","","","","","","","","","",""
"3PXH86UB","journalArticle","2008","Grigg, Alasdair M.; Veneklaas, Erik J.; Lambers, Hans","Water relations and mineral nutrition of Triodia grasses on desert dunes and interdunes","Australian Journal of Botany","","","","https://www.publish.csiro.au/bt/BT07156","","2008","2024-10-05 12:19:47","2024-10-05 12:19:47","2024-10-05 12:19:20","408–421","","5","56","","","","","","","","","","","","","","","Google Scholar","","Publisher: CSIRO Publishing","","C:\Users\rache\Zotero\storage\8W9YHZBI\Grigg et al. - 2008 - Water relations and mineral nutrition of Triodia g.pdf","","","","","","","","","","","","","","","","","","","","","","","","","","","","","","","","","","","","","","","","","","","","","","","","",""
"XM2W43YH","journalArticle","2012","Ruppert, Jan C.; Holm, Alexander; Miehe, Sabine; Muldavin, Esteban; Snyman, Hennie A.; Wesche, Karsten; Linstädter, Anja","Meta‐analysis of <span style=""font-variant:small-caps;"">ANPP</span> and rain‐use efficiency confirms indicative value for degradation and supports non‐linear response along precipitation gradients in drylands","Journal of Vegetation Science","","1100-9233, 1654-1103","10.1111/j.1654-1103.2012.01420.x","https://onlinelibrary.wiley.com/doi/10.1111/j.1654-1103.2012.01420.x","Abstract                            Questions                                In drylands                 above‐ground net primary production                 (                 ANPP                 ) and                 rain‐use efficiency                 (                 RUE                 ) are common ecological indicators for assessing ecosystem state, including degradation and supply of key ecosystem services. However, both indicators have been criticized as ‘lumped’ parameters, since they aggregate complex information. Their value as ecological parameters in decision‐making and their use in ecological modelling therefore have been challenged and their explanatory power remains unclear. Furthermore, there is no consensus about the response of                 ANPP                 and                 RUE                 along precipitation gradients.                                                        Methods                                Taking advantage of several long‐term studies in (semi‐)arid environments where                 ANPP                 and                 RUE                 were recorded, we compiled a data set of 923 yr. We used meta‐analysis to disentangle the effects of different ecological layers (climate, soil and land use) on                 ANPP                 and                 RUE                 . Linear piece‐wise quantile regression (                 LPQR                 ) was used to analyse the response of maximum and median                 ANPP                 and                 RUE                 as functions of precipitation. We assumed that looking at maximum response (instead of ‘average’ response) stratified for land‐use intensity was an ecologically more plausible way to understand                 ANPP                 constrained by precipitation and land use.                                                        Results                                We separated the impact of different environmental factors into distinct, quantitative effect sizes with the aid of meta‐analyses.                 ANPP                 was affected by recent and previous precipitation, land use, soil and biome.                 LPQR                 revealed that both parameters displayed several sequential linear intersects, which together formed a unimodal trend, peaking around precipitation of 200 mm yr                 −1                 . Unimodal response was more pronounced for maximum values (                 ANPP                 max                 ,                 RUE                 max                 ) than for median values. Peak                 ANPP                 max                 and                 RUE                 max,                 as well as post‐peak decline (>200 mm yr                 −1                 ) were affected by land use: higher land‐use intensity decreased intercepts and increases post‐peak decline.                                                        Conclusions                                Our results have important consequences for the use of                 RUE                 as an ecosystem indicator and a tool in ecosystem monitoring and decision‐making. Most importantly, grasslands, shrublands and savannas significantly differ in their primary production, with a biome‐specific importance of precipitation, land use and previous year's precipitation. We thus propose to establish biome‐specific reference values of maximum and average                 RUE                 . Our study also contributes to reconcile contradictory findings for                 ANPP                 and                 RUE                 response along precipitation gradients of varying length.","2012-12","2024-10-05 12:19:47","2024-10-05 12:19:47","2024-10-05 12:19:20","1035-1050","","6","23","","J Vegetation Science","Meta‐analysis of <span style=""font-variant","","","","","","","en","http://onlinelibrary.wiley.com/termsAndConditions#vor","","","","DOI.org (Crossref)","","","","","","","","Ward, David","","","","","","","","","","","","","","","","","","","","","","","","","","","","","","","","","","","","","","","","","","","","",""
"57BNIMW9","journalArticle","1994","Van Rooyen, N.; Bredenkamp, G. J.; Theron, G. K.; Bothma, J. du P.; Le Riche, E. A. N.","Vegetational gradients around artificial watering points in the Kalahari Gemsbok National Park","Journal of Arid Environments","","","","https://www.sciencedirect.com/science/article/pii/S0140196384710378","","1994","2024-10-05 12:19:47","2024-10-05 12:19:47","2024-10-05 12:19:23","349–361","","4","26","","","","","","","","","","","","","","","Google Scholar","","Publisher: Elsevier","","C:\Users\rache\Zotero\storage\3XCKJPU6\wa4py6yj8t.scholar.serialssolutions.com.html","","","","","","","","","","","","","","","","","","","","","","","","","","","","","","","","","","","","","","","","","","","","","","","","",""
"DGKFP8LH","journalArticle","2016","Gamoun, Mouldi","Rain Use Efficiency, Primary Production and Rainfall Relationships in Desert Rangelands of Tunisia","Land Degradation & Development","","1085-3278, 1099-145X","10.1002/ldr.2418","https://onlinelibrary.wiley.com/doi/10.1002/ldr.2418","Abstract                            Desert rangelands are characterised by low and highly variable rainfall regime, low forage production and high heterogeneity in the distribution of natural resources. This study was carried out in the desert rangelands of Tunisia to evaluate the response of different rangelands to annual rainfall in terms of aboveground net primary production (ANPP) and rain use efficiency over a 10‐year period (2003–2012). In general, ANPP values were relatively low (123 kg DM ha               −1                y               −1               ) but would tend to increase with increasing annual rainfall for all rangeland types. The highest value of ANPP was observed from               Stipagrostis pungens               and               Hammada shmittiana               communities (sandy‐soil) during the wet year 2011. In contrast, rain use efficiency tends to decline with the highest annual rainfall and varies among rangeland types and with an average of 1·9 kg DM ha               −1                mm               −1                y               −1               . Rain use efficiency tended to be higher during dry years and lower during wet years and tended to be higher on               S. pungens               and               H. shmittiana               (sandy‐soils) and lower on               Helianthemum kahiricum               (loamy soils). Therefore, understanding how rainfall affects productivity in rangelands is critical for predicting the impact of land degradation on the functioning of these ecosystems. It can be used to explain production decline associated with desertification as well as to assess rangeland conditions. Copyright © 2015 John Wiley & Sons, Ltd.","2016-04","2024-10-05 12:19:47","2024-10-05 12:19:47","2024-10-05 12:19:23","738-747","","3","27","","Land Degrad Dev","","","","","","","","en","http://onlinelibrary.wiley.com/termsAndConditions#vor","","","","DOI.org (Crossref)","","","","","","","","","","","","","","","","","","","","","","","","","","","","","","","","","","","","","","","","","","","","","","","","","","","","",""
"6B4T38QV","journalArticle","2024","Lomax, Guy A.; Powell, Thomas WR; Lenton, Timothy M.; Economou, Theo; Cunliffe, Andrew M.","Untangling the environmental drivers of gross primary productivity in African rangelands","Communications Earth & Environment","","","","https://www.nature.com/articles/s43247-024-01664-5","","2024","2024-10-05 12:19:47","2024-10-05 12:19:47","2024-10-05 12:19:32","500","","1","5","","","","","","","","","","","","","","","Google Scholar","","Publisher: Nature Publishing Group UK London","","C:\Users\rache\Zotero\storage\HQX6TKY3\Lomax et al. - 2024 - Untangling the environmental drivers of gross prim.pdf","","","","","","","","","","","","","","","","","","","","","","","","","","","","","","","","","","","","","","","","","","","","","","","","",""
"MQA8KQ74","journalArticle","2021","Gagnon, Alyson; Ploughe, Laura W; Harris, Michelle P; Gardner, Wendy C; Pypker, Thomas; Fraser, Lauchlan H","Grassland reclamation of a copper mine tailings facility: Long‐term effects of biosolids on plant community responses","Applied Vegetation Science","","1402-2001, 1654-109X","10.1111/avsc.12612","https://onlinelibrary.wiley.com/doi/10.1111/avsc.12612","Abstract                            Aim               We explore long‐term plant community responses 17 years after a one‐time application of biosolids (0, 50, 100, 150, 200, 250 dry Mg/ha) to determine: (a) whether the land application of biosolids on mine tailings, seeded with an agronomic grass‐legume mixture, affects long‐term plant community responses; (b) how application rates and soil texture influenced plant community responses and community structure; and (c) whether native plant species have colonized and contributed to the reclaimed plant community.                                         Location               Two tailings deposits (sand and silt loam) generated by a copper–molybdenum (Cu–Mo) mine in southern British Columbia, Canada.                                         Methods               Plant communities were sampled by visual evaluation of cover percentage to the lowest taxonomic level possible. Vegetation surveys were completed on two mine tailings deposits within the storage facility that have different soil textures (sand and silt loam).                                         Results               Results showed that the interaction of biosolids applications and soil texture impacted multiple community plant responses, including increasing plant cover at both sites, and increasing richness, evenness and diversity at the sandy site. Biosolids application enhanced the performance of spontaneously established species (volunteer species) and non‐native/naturalized grasses.                                         Conclusion               Our study demonstrated that biosolids application facilitates ecological succession by enhancing the establishment of non‐native volunteer species over the long term, which increases vegetative cover on both deposits and promotes plant communities’ diversity on sites with sandy soil texture.","2021-10","2024-10-05 12:19:47","2024-10-05 12:19:47","2024-10-05 12:19:32","e12612","","4","24","","Applied Vegetation Science","Grassland reclamation of a copper mine tailings facility","","","","","","","en","","","","","DOI.org (Crossref)","","","","","","","","Hölzel, Norbert","","","","","","","","","","","","","","","","","","","","","","","","","","","","","","","","","","","","","","","","","","","","",""
"KE4L4SBE","thesis","2020","Aney, Gjertrud E.","Landscape-Scale Modeling of Drought-and Insect-Related Tree Mortality in Northern New Mexico","","","","","https://search.proquest.com/openview/c12b7dea20cfedc33f4f674255e61ce8/1?pq-origsite=gscholar&cbl=18750&diss=y","","2020","2024-10-05 12:19:47","2024-10-05 12:19:47","2024-10-05 12:19:35","","","","","","","","","","","","New Mexico State University","","","","Master's Thesis","","","Google Scholar","","","","C:\Users\rache\Zotero\storage\ENJ8ZHPQ\intermediateredirectforezproxy.html","","","","","","","","","","","","","","","","","","","","","","","","","","","","","","","","","","","","","","","","","","","","","","","","",""
"HF4MYRHU","journalArticle","2008","Knapp, Alan K.; Beier, Claus; Briske, David D.; Classen, Aimée T.; Luo, Yiqi; Reichstein, Markus; Smith, Melinda D.; Smith, Stanley D.; Bell, Jesse E.; Fay, Philip A.","Consequences of more extreme precipitation regimes for terrestrial ecosystems","Bioscience","","","","https://academic.oup.com/bioscience/article-abstract/58/9/811/250853","","2008","2024-10-05 12:19:47","2024-10-05 12:19:47","2024-10-05 12:19:41","811–821","","9","58","","","","","","","","","","","","","","","Google Scholar","","Publisher: American Institute of Biological Sciences","","C:\Users\rache\Zotero\storage\WC4CGIJ3\Knapp et al. - 2008 - Consequences of more extreme precipitation regimes.pdf","","","","","","","","","","","","","","","","","","","","","","","","","","","","","","","","","","","","","","","","","","","","","","","","",""
"SKQNVLN8","journalArticle","2023","Dongzhi, HUANGQING; Xueying, CHEN; Mingming, S. H. I.; Liusheng, YANG; Baoxi, O. U.; Duiming, Y. A. N.; Baolong, WANG; Xiaodong, G. U. O.; Zeyu, L. I.; Peili, S. H. I.","The spatial distribution and driving factors of carbon storage in the grassland ecosystems of the northern Tibetan plateau","Journal of Resources and Ecology","","","","https://bioone.org/journals/journal-of-resources-and-ecology/volume-14/issue-5/j.issn.1674-764x.2023.05.001/The-Spatial-Distribution-and-Driving-Factors-of-Carbon-Storage-in/10.5814/j.issn.1674-764x.2023.05.001.short","","2023","2024-10-05 12:19:47","2024-10-05 12:19:47","2024-10-05 12:19:44","893–902","","5","14","","","","","","","","","","","","","","","Google Scholar","","Publisher: BioOne","","C:\Users\rache\Zotero\storage\EVU7UZ9W\Dongzhi et al. - 2023 - The spatial distribution and driving factors of ca.pdf","","","","","","","","","","","","","","","","","","","","","","","","","","","","","","","","","","","","","","","","","","","","","","","","",""
"E4V9N4MA","journalArticle","2013","Martín, J.; López, P.; García, L. V.","Soil characteristics determine microhabitat selection of the fossorial amphisbaenian <i> <span style=""font-variant:small-caps;"">T</span> rogonophis wiegmanni </i>","Journal of Zoology","","0952-8369, 1469-7998","10.1111/jzo.12033","https://zslpublications.onlinelibrary.wiley.com/doi/10.1111/jzo.12033","Abstract                            Amphisbaenians are reptiles specialized for a fossorial lifestyle, which may limit their opportunities for microhabitat selection in comparison with epigeal reptiles. We hypothesized that, given the fossorial habits of amphisbaenians, a detailed analysis of the physical and chemical properties of the soil may reveal their patterns of habitat use. We investigated microhabitat and soil use by a population of the amphisbaenian                                T                 rogonophis wiegmanni                              from the Chafarinas Islands (               N               orth‐               W               est               A               frica) and compared them with those available in the habitat. Results showed that some soil physical and chemical characteristics determined microhabitat use by                                T                 . wiegmanni                              . Amphisbaenians selected soils that were relatively sandy, basic, carbonated and shallow, having a high cover of medium‐sized rocks, whereas they avoided marine salinized, more acid and deeper heavy‐textured soils (i.e. with percentages of silt comparatively high), and those covered mainly by small rocks. No differences were found between soils with and without influence of seabird colonies, although this was the main driver of soil chemical variations in these Islands. Vegetation cover               per se               did not seem to have a direct influence on microhabitat use. We discuss how energetic costs of burrowing and the direct and indirect influences of soil chemical properties could explain these patterns of habitat use.","2013-08","2024-10-05 12:19:47","2024-10-05 12:19:47","2024-10-05 12:19:44","265-272","","4","290","","Journal of Zoology","Soil characteristics determine microhabitat selection of the fossorial amphisbaenian <i> <span style=""font-variant</i>","","","","","","","en","","","","","DOI.org (Crossref)","","","","C:\Users\rache\Zotero\storage\NIVQDRTS\Martín et al. - 2013 - Soil characteristics determine microhabitat select.pdf","","","","","","","","","","","","","","","","","","","","","","","","","","","","","","","","","","","","","","","","","","","","","","","","",""
"GKPKN76U","journalArticle","2022","Zang, Yong-Xin; Ma, Jian-Ying; Zhou, Xiao-Bing; Tao, Ye; Yin, Ben-Feng; Shayaguli, Jigeer; Zhang, Yuan-Ming","Effects of extreme drought and extreme precipitation on aboveground productivity of ephemeral plants across different slope positions along sand dunes","Chinese Journal of Plant Ecology","","","10.17521/cjpe.2021.0473","https://www.plant-ecology.com/CN/Y2022/V46/I12/1537","Aims In recent years, the frequency of extreme drought and extreme precipitation events in arid and semi-arid regions is increasing, which has a profound impact on ecosystem productivity and carbon cycling. In desert ecosystems, vegetation is sensitive to precipitation changes, but the differences in sensitivity of aboveground productivity of ephemeral plants to extreme drought and extreme precipitation, and the moderating effect of slope positions on them need to be further studied. Methods In this study, we experimentally reduced and increased precipitation amounts by 65% during two consecutive growing seasons in situ across four different slope positions (the bottom of the sand dune facing west (BW), the middle of the sand dune facing west (MW), the middle of the sand dune facing east (ME), and the bottom of the sand dune facing east (BE)) along sand dunes in the southern edge of the Gurbantünggüt Desert. We analyzed the sensitivity of aboveground productivity of ephemeral plants to extreme drought and extreme precipitation, and discussed the synergistic effect of slope position factors and the driving mechanism of aboveground productivity of ephemeral plants. Important findings The results showed that: (1) Overall, the relationship between aboveground net primary productivity (ANPP) of ephemeral plants and precipitation in growing season was asymmetric, and the ANPP was more sensitive to extreme drought than to extreme precipitation. (2) Specifically, the relationship between precipitation and ANPP of ephemeral plants at BW, MW, and BE were non-linear, i.e., the rate of increase in ANPP decreases with the increased precipitation; The existence of two dominant species in the middle of the sand dune facing east changed the relationship between aboveground productivity and precipitation in the growing season, and the relationship between them showed a positive linear relationship. (3) In addition, the density of ephemeral plants (the sum of all species density) had the greatest direct impact on aboveground productivity of ephemeral plants, suggesting that extreme drought resulted in physiological death of ephemeral plants and reduced aboveground productivity by reducing plant density, while extreme precipitation increased population density to overcome meristem constraints and improve aboveground productivity. This study provides a scientific basis for accurately assessing the dynamics of carbon cycle in desert ecosystems under the background of frequent extreme climate events.","2022","2024-10-05 12:19:47","2024-10-05 16:06:43","2024-10-05 12:19:47","1537-1550","","12","46","","","","","","","","","","","","","","","Google Scholar","","","","C:\Users\rache\Zotero\storage\GJ2IAR2Q\臧永新 et al. - 极端干旱和降水对沙垄不同坡向坡位短命植物地上生产力的影响.pdf","","","","","","","","","","","","","","","","","","","","","","","","","","","","","","","","","","","","","","","","","","","","","","","","",""
"3IA62FVE","journalArticle","2019","Sanaei, Anvar; Li, Mingshi; Ali, Arshad","Topography, grazing, and soil textures control over rangelands' vegetation quantity and quality","Science of the total environment","","","","https://www.sciencedirect.com/science/article/pii/S0048969719341300","","2019","2024-10-05 12:22:49","2024-10-05 12:22:49","2024-10-05 12:21:55","134153","","","697","","","","","","","","","","","","","","","Google Scholar","","Publisher: Elsevier","","C:\Users\rache\Zotero\storage\QHJE5R7C\S0048969719341300.html","","","","","","","","","","","","","","","","","","","","","","","","","","","","","","","","","","","","","","","","","","","","","","","","",""
"NVR9993A","journalArticle","2006","Miller, Mark E.; Belnap, Jayne; Beatty, Susan W.; Reynolds, Richard L.","Performance of Bromus tectorum L. in relation to soil properties, water additions, and chemical amendments in calcareous soils of southeastern Utah, USA","Plant and Soil","","0032-079X, 1573-5036","10.1007/s11104-006-0058-4","http://link.springer.com/10.1007/s11104-006-0058-4","","2006-10-25","2024-10-05 12:22:49","2024-10-05 12:22:49","2024-10-05 12:21:55","1-18","","1-2","288","","Plant Soil","","","","","","","","en","http://www.springer.com/tdm","","","","DOI.org (Crossref)","","","","C:\Users\rache\Zotero\storage\KRR26WZ2\Miller et al. - 2006 - Performance of Bromus tectorum L. in relation to s.pdf","","","","","","","","","","","","","","","","","","","","","","","","","","","","","","","","","","","","","","","","","","","","","","","","",""
"DGZBEQPI","journalArticle","1997","Agnew, A. D. Q.","Swiches, pulses and grazing in arid vegetation","Journal of Arid Environments","","","","https://www.sciencedirect.com/science/article/pii/S0140196397903049","","1997","2024-10-05 12:22:49","2024-10-05 12:22:49","2024-10-05 12:21:58","609–617","","4","37","","","","","","","","","","","","","","","Google Scholar","","Publisher: Elsevier","","C:\Users\rache\Zotero\storage\MY3CW3Z7\wa4py6yj8t.scholar.serialssolutions.com.html","","","","","","","","","","","","","","","","","","","","","","","","","","","","","","","","","","","","","","","","","","","","","","","","",""
"M3Z7AYHW","journalArticle","2008","Weng, Ensheng; Luo, Yiqi","Soil hydrological properties regulate grassland ecosystem responses to multifactor global change: A modeling analysis","Journal of Geophysical Research: Biogeosciences","","0148-0227","10.1029/2007JG000539","https://agupubs.onlinelibrary.wiley.com/doi/10.1029/2007JG000539","We conducted a modeling study to evaluate how soil hydrological properties regulate water and carbon dynamics of grassland ecosystems in response to multifactor global change. We first calibrated a process‐based terrestrial ecosystem (TECO) model against data from two experiments with warming and clipping or doubled precipitation in Great Plains. The calibrated model was used to simulate responses of soil moisture, evaporation, transpiration, runoff, net primary production (NPP), ecosystem respiration (R               h               ), and net ecosystem production (NEP) to changes in precipitation amounts and intensity, increased temperature, and elevated atmospheric [CO               2               ] along a soil texture gradient (sand, sandy loam, loam, silt loam, and clay loam). Soil available water capacity (AWC), which is the difference between field capacity and wilting point, was used as the index to represent soil hydrological properties of the five soil texture types. Simulation results showed that soil AWC altered partitioning of precipitation among runoff, evaporation, and transpiration, and consequently regulated ecosystem responses to global environmental changes. The fractions of precipitation that were used for evaporation and transpiration increased with soil AWC but decreased for runoff. High AWC could greatly buffer water stress during long drought periods, particularly after a large rainfall event. NPP, R               h               , and NEP usually increased with AWC under ambient and 50% increased precipitation scenarios. With the halved precipitation amount, NPP, R               h               , and NEP only increased from 7% to 7.5% of AWC followed by declines. Warming and CO               2               effects on soil moisture, evapotranspiration, and runoff were magnified by soil AWC. Regulatory patterns of AWC on responses of NPP, R               h               , and NEP to warming were complex. In general, CO               2               effects on NPP, R               h               , and NEP increased with soil AWC. Our results indicate that variations in soil texture may be one of the major causes underlying variable responses of ecosystems to global changes observed from different experiments.","2008-09","2024-10-05 12:22:49","2024-10-05 12:22:49","2024-10-05 12:22:01","2007JG000539","","G3","113","","J. Geophys. Res.","Soil hydrological properties regulate grassland ecosystem responses to multifactor global change","","","","","","","en","http://onlinelibrary.wiley.com/termsAndConditions#vor","","","","DOI.org (Crossref)","","","","","","","","","","","","","","","","","","","","","","","","","","","","","","","","","","","","","","","","","","","","","","","","","","","","",""
"9GXD9IYF","journalArticle","2003","Brown, G.; Al-Mazrooei, S.","Rapid vegetation regeneration in a seriously degraded Rhanterium epapposum community in northern Kuwait after 4 years of protection","Journal of environmental management","","","","https://www.sciencedirect.com/science/article/pii/S0301479703001075","","2003","2024-10-05 12:22:49","2024-10-05 12:22:49","2024-10-05 12:22:04","387–395","","4","68","","","","","","","","","","","","","","","Google Scholar","","Publisher: Elsevier","","C:\Users\rache\Zotero\storage\F46HKH3A\S0301479703001075.html","","","","","","","","","","","","","","","","","","","","","","","","","","","","","","","","","","","","","","","","","","","","","","","","",""
"GPH8TACV","journalArticle","2013","Travers, Samantha K.; Eldridge, David J.","Foraging pit morphology influences decomposition in a semi–arid woodland","Aspects of litter dynamics in semi–arid environments in eastern Australia","","","","https://unsworks.unsw.edu.au/server/api/core/bitstreams/edf4be2e-4d94-49df-85fb-de4acd3ebf6b/content#page=166","","2013","2024-10-05 12:22:49","2024-10-05 12:22:49","2024-10-05 12:22:10","137","","","","","","","","","","","","","","","","","","Google Scholar","","","","C:\Users\rache\Zotero\storage\WZTVZJ4X\Travers and Eldridge - 2013 - Foraging pit morphology influences decomposition i.pdf","","","","","","","","","","","","","","","","","","","","","","","","","","","","","","","","","","","","","","","","","","","","","","","","",""
"33HF64GR","journalArticle","2023","Havrilla, Caroline A.; Bradford, John B.; Yackulic, Charles B.; Munson, Seth M.","Divergent climate impacts on <span style=""font-variant:small-caps;""> C <sub>3</sub> </span> versus <span style=""font-variant:small-caps;""> C <sub>4</sub> </span> grasses imply widespread 21st century shifts in grassland functional composition","Diversity and Distributions","","1366-9516, 1472-4642","10.1111/ddi.13669","https://onlinelibrary.wiley.com/doi/10.1111/ddi.13669","Abstract                            Aim                                Grasslands cover a third of Earth's landmass and provide critical ecosystem services. Anticipating how perennial C                 3                 (cool‐season) and C                 4                 (warm‐season) grasses respond to climate change will be key to predicting future composition and functioning of grasslands. Here, we evaluate environmental drivers of C                 3                 and C                 4                 perennial distributions and assess how C                 3                 and C                 4                 grass distributions shift in response to future climate change.                                                        Location               Western United States.                                         Methods                                We developed integrated species distribution models to identify climate and soil drivers of relative abundance of C                 3                 and C                 4                 perennial grasses. We then created projections of species abundances under future climate and evaluated when and where projected shifts in relative abundance were robust across climate models.                                                        Results                                Historically, C                 3                 grasses occupied areas with lower temperature and more variable precipitation regimes, while C                 4                 grasses occupied areas of higher temperature, greater temperature variability and greater warm‐season precipitation. C                 4                 species also occupied narrower soil texture niches. In response to future climate change, C                 3                 grass abundance declined across 74% of areas, while C                 4                 abundance increased across 66% of areas. C                 3                 grasses expanded in mid‐ to higher‐latitude areas with increasing temperature and decreasing seasonality of precipitation. In contrast, C                 4                 grasses increased in higher‐latitude regions, but declined in lower‐latitude, dryer regions. Results were surprisingly robust across climate scenarios, suggesting high confidence in the direction of these future changes.                                                        Main Conclusions                                Findings imply C                 3                 and C                 4                 perennial grasses will have highly divergent responses to climate change that may result in grassland functional compositional changes. Increasing temperatures and precipitation variability may favour some C                 4                 grasses, but C                 4                 habitat expansion may be constrained by soil conditions in western USA. Results provide actionable insights for anticipating the impacts of climate change on grass‐dominated and co‐dominated ecosystems and improving large‐scale conservation and restoration efforts.","2023-03","2024-10-05 12:22:49","2024-10-05 12:22:49","2024-10-05 12:22:10","379-394","","3","29","","Diversity and Distributions","Divergent climate impacts on <span style=""font-variant","","","","","","","en","","","","","DOI.org (Crossref)","","","","C:\Users\rache\Zotero\storage\VTEVJWCZ\Havrilla et al. - 2023 - Divergent climate impacts on span style=font-var.pdf","","","","","","","","","","","","","","","","","","","","","","","","","","","","","","","","","","","","","","","","","","","","","","","","",""
"JNM6UPBQ","journalArticle","1995","Burgess, Tony L.","Desert grassland, mixed shrub savanna, shrub steppe, or semidesert scrub","The desert grassland","","","","https://books.google.com/books?hl=en&lr=&id=OXu7EAAAQBAJ&oi=fnd&pg=PA31&dq=%22inverse+texture%22+OR+%22inverse-texture%22&ots=1R2jiGNFzF&sig=LMOBC5edFp1dkeuAgb7HSNHCHXM","","1995","2024-10-05 12:22:49","2024-10-05 12:22:49","2024-10-05 12:22:13","31–67","","","","","","","","","","","","","","","","","","Google Scholar","","Publisher: University of Arizona Press Tucson, AZ, USA","","","","","","","","","","","","","","","","","","","","","","","","","","","","","","","","","","","","","","","","","","","","","","","","","","",""
"N2EGJAD8","journalArticle","2022","Veblen, Kari E.; Nehring, Kyle C.; Duniway, Michael C.; Knight, Anna; Monaco, Thomas A.; Schupp, Eugene W.; Boettinger, Janis L.; Villalba, Juan J.; Fick, Stephen; Brungard, Colby; Thacker, Eric","Soil depth and precipitation moderate soil textural effects on seedling survival of a foundation shrub species","Restoration Ecology","","1061-2971, 1526-100X","10.1111/rec.13700","https://onlinelibrary.wiley.com/doi/10.1111/rec.13700","In drylands, there is a need for controlled experiments over multiple planting years to examine how woody seedlings respond to soil texture and the potentially interactive effects of soil depth and precipitation. Understanding how multiple environmental factors interactively influence plant establishment is critical to restoration ecology and in this case to broadscale restoration efforts in western U.S. drylands dominated by big sagebrush (               Artemisia tridentata               ). We planted sagebrush seedlings across a range of soil textures and depths in the southern portion of the species' range, on the Colorado Plateau, USA. We evaluated survival of repeated plantings of caged and uncaged seedlings over 2 years across 20 plots in wet versus average precipitation years at one site, and examined broader patterns of sagebrush seedling survival during an average precipitation year in 56 plots across four sites. First‐year survival was >9× higher under wet than average precipitation. Under favorable (wet) conditions, early sagebrush seedling survival was highest on coarser soils, especially those that also had a shallower restrictive layer (e.g. 50–100 cm). Under average precipitation, soil texture and depth effects on survival of newly planted seedlings were much weaker, but older (>1 year) seedlings benefitted from growing on coarser‐textured soils. It may be possible to increase survival by sheltering seedlings with small mesh cages, which likely improve moisture availability. Our results provide new insights into environmental factors that limit woody seedling survival in drylands and illustrate that planting in wet years and incorporating detailed soil setting information could increase survival of sagebrush seedlings in restoration projects.","2022-08","2024-10-05 12:22:49","2024-10-05 12:22:49","2024-10-05 12:22:13","e13700","","6","30","","Restoration Ecology","","","","","","","","en","","","","","DOI.org (Crossref)","","","","","","","","","","","","","","","","","","","","","","","","","","","","","","","","","","","","","","","","","","","","","","","","","","","","",""
"AWXI93LB","journalArticle","2020","Duncan, Corrine; Good, Megan K.; Sluiter, Ian; Cook, Simon; Schultz, Nick L.","Soil reconstruction after mining fails to restore soil function in an Australian arid woodland","Restoration Ecology","","1061-2971, 1526-100X","10.1111/rec.13166","https://onlinelibrary.wiley.com/doi/10.1111/rec.13166","The biogeochemical properties of soils drive ecosystem function and vegetation dynamics, and hence soil restoration after mining should aim to reinstate the soil properties and hydrological dynamics of remnant ecosystems. The aim of this study is to assess soil structure in two vegetation types in an arid ecosystem, and to understand how these soil properties compare to a reconstructed soil profile after mining. In an arid ecosystem in southeast Australia, soil samples were collected at five depths (to 105 cm) from remnant woodland and shrubland sites, and sites either disturbed or totally reconstructed after mining. We assessed soil physico‐chemical properties and microbial activity. Soils in the remnant arid ecosystem had coarse‐textured topsoils that overlay clay horizons, which allows water to infiltrate and avoid evaporation, but also slows drainage to deeper horizons. Conversely, reconstructed soils had high sand content at subsoil horizons and high bulk density and compaction at surface layers (0–20 cm). Reconstructed soils had topsoils with higher pH and electrical conductivity. The reconstructed soils did not show increased microbial activity with time since restoration. Overall, the reconstructed soil horizons were not organized in a way that allowed rainfall infiltration and water storage, as is imperative to arid‐zone ecosystem function. Future restoration efforts in arid ecosystems should focus on increasing sand content of soils near the surface, to reduce evaporative water loss and improve soil quality and plant health.","2020-06","2024-10-05 12:22:49","2024-10-05 12:22:49","2024-10-05 12:22:22","","","S1","28","","Restoration Ecology","","","","","","","","en","","","","","DOI.org (Crossref)","","","","C:\Users\rache\Zotero\storage\GBNGTY4N\Duncan et al. - 2020 - Soil reconstruction after mining fails to restore .pdf","","","","","","","","","","","","","","","","","","","","","","","","","","","","","","","","","","","","","","","","","","","","","","","","",""
"AMP92PQ9","journalArticle","2023","Yi, Xiaobo; Luo, Ji; Wang, Pengyan; Guo, Xiao; Deng, Yuanjie; Du, Tao; Wang, Haijun; Jiao, Cuicui; Yuan, Guofu; Shao, Mingan","Spatial and temporal variations in soil moisture for a tamarisk stand under groundwater control in a hyper-arid region","Water","","","","https://www.mdpi.com/2073-4441/15/19/3403","","2023","2024-10-05 12:22:49","2024-10-05 12:22:49","2024-10-05 12:22:22","3403","","19","15","","","","","","","","","","","","","","","Google Scholar","","Publisher: MDPI","","C:\Users\rache\Zotero\storage\U4KRN7DY\Yi et al. - 2023 - Spatial and temporal variations in soil moisture f.pdf","","","","","","","","","","","","","","","","","","","","","","","","","","","","","","","","","","","","","","","","","","","","","","","","",""
"V8A5MQUP","journalArticle","2024","Feldman, Andrew F.; Feng, Xue; Felton, Andrew J.; Konings, Alexandra G.; Knapp, Alan K.; Biederman, Joel A.; Poulter, Benjamin","Plant responses to changing rainfall frequency and intensity","Nature Reviews Earth & Environment","","","","https://www.nature.com/articles/s43017-024-00534-0","","2024","2024-10-05 12:22:49","2024-10-05 12:22:49","2024-10-05 12:22:25","1–19","","","","","","","","","","","","","","","","","","Google Scholar","","Publisher: Nature Publishing Group UK London","","C:\Users\rache\Zotero\storage\DS297BVH\Feldman et al. - 2024 - Plant responses to changing rainfall frequency and.pdf","","","","","","","","","","","","","","","","","","","","","","","","","","","","","","","","","","","","","","","","","","","","","","","","",""
"5HGTRGXX","journalArticle","2014","Thomey, Michell L.; Collins, Scott L.; Friggens, Michael T.; Brown, Renee F.; Pockman, William T.","Effects of monsoon precipitation variability on the physiological response of two dominant C4 grasses across a semiarid ecotone","Oecologia","","0029-8549, 1432-1939","10.1007/s00442-014-3052-1","http://link.springer.com/10.1007/s00442-014-3052-1","","2014-11","2024-10-05 12:22:49","2024-10-05 12:22:49","2024-10-05 12:22:25","751-762","","3","176","","Oecologia","","","","","","","","en","","","","","DOI.org (Crossref)","","","","C:\Users\rache\Zotero\storage\37XT3H4H\Thomey et al. - 2014 - Effects of monsoon precipitation variability on th.pdf","","","","","","","","","","","","","","","","","","","","","","","","","","","","","","","","","","","","","","","","","","","","","","","","",""
"Y7VW5KVM","journalArticle","2010","Rao, Leela E.; Allen, Edith B.; Meixner, Thomas","Risk‐based determination of critical nitrogen deposition loads for fire spread in southern California deserts","Ecological Applications","","1051-0761, 1939-5582","10.1890/09-0398.1","https://esajournals.onlinelibrary.wiley.com/doi/10.1890/09-0398.1","Fire risk in deserts is increased by high production of annual forbs and invasive grasses that create a continuous fine fuel bed in the interspaces between shrubs. Interspace production is influenced by water, nitrogen (N) availability, and soil texture, and in some areas N availability is increasing due to anthropogenic N deposition. The DayCent model was used to investigate how production of herbaceous annuals changes along gradients of precipitation, N availability, and soil texture, and to develop risk‐based critical N loads. DayCent was parameterized for two vegetation types within Joshua Tree National Park, California, USA: creosote bush (CB) and piñon–juniper (PJ). The model was successfully calibrated in both vegetation types, but validation showed that the model is sensitive to soil clay content. Despite this fact, DayCent (the daily version of the biogeochemical model CENTURY) performed well in predicting the relative response of production to N fertilization and was used to determine estimates of fire risk for these ecosystems. Fire risk, the probability that annual biomass exceeds the fire threshold of 1000 kg/ha, was determined for each vegetation type and began to increase when N deposition increased 0.05 g/m               2               above background levels (0.1 g/m               2               ). Critical loads were calculated as the amount of N deposition at the point when fire risk began to increase exponentially. Mean critical loads for all soil types and precipitation <21 cm/yr, representing the majority of our study region, were 0.32 ± 0.07 and 0.39 ± 0.09 g N/m               2               for CB and PJ, respectively. Critical loads decreased with increasing soil clay content and increasing precipitation, such that the wettest areas with clay contents of 6–14% may have critical loads as low as 0.15 g N/m               2               . Mean fire risks approached their maximum at 0.93 ± 0.21 and 0.87 ± 0.17 g N/m               2               in CB and PJ, indicating that precipitation is the driver of fire above these N deposition levels, which are currently observed in some areas of the Sonoran and Mojave Deserts. Overall, this analysis demonstrates the importance of considering both N deposition and precipitation when evaluating fire risk across arid landscapes.","2010-07","2024-10-05 12:22:49","2024-10-05 12:22:49","2024-10-05 12:22:28","1320-1335","","5","20","","Ecological Applications","","","","","","","","en","http://onlinelibrary.wiley.com/termsAndConditions#vor","","","","DOI.org (Crossref)","","","","","","","","","","","","","","","","","","","","","","","","","","","","","","","","","","","","","","","","","","","","","","","","","","","","",""
"2ETFBE8F","journalArticle","2003","Martínez, Armando J.; López‐Portillo, Jorge","Allometry of <i>Prosopis glandulosa</i> var. <i>torreyana</i> along a topographic gradient in the Chihuahuan desert","Journal of Vegetation Science","","1100-9233, 1654-1103","10.1111/j.1654-1103.2003.tb02133.x","https://onlinelibrary.wiley.com/doi/10.1111/j.1654-1103.2003.tb02133.x","Abstract.               The allometric relationships of trees in temperate and tropical forests are relatively well known, but not those of woody shrubs or transitional (shrub/tree) life forms. We explored the transition of               Prosopis glandulosa               var.               torreyana               from tree to shrub along a semi‐arid topographic sequence comprising of six landforms (hillslope, footslope, upper and lower bajada, playa and dune) with varying soil texture and water availability. In each landform, we measured               P. glandulosa               shoot pre‐dawn water potentials (Ψ) in one ‘dry’ and one ‘wet’ year. We also measured plant height, widest basal stem diameter, crown area and number of basal branches. Total basal stem area was calculated. We used simple (Model II linear regression) and expanded (incorporating an asymptote to height or crown area) allometry models to compare height with widest basal stem diameter and crown area with total basal stem area. There were significant correlations between maximum plant size and inter‐year Ψ means suggesting that soil water availability decreased down the topographical sequence. The height asymptote was statistically significant in all landforms and lower toward finer‐textured soils. On the other hand, crown area was a linear function of total basal stem area and was also site specific. Our results suggest that more basal branches are produced as plant height decreases in more stressful environments, effectively increasing crown area with a minimum investment in supporting tissues. The polymorphic characteristics of               Prosopis               may partly explain their occurrence in many arid and semi‐arid environments.","2003-02","2024-10-05 12:22:49","2024-10-05 12:22:49","2024-10-05 12:22:31","111-120","","1","14","","J Vegetation Science","","","","","","","","en","http://onlinelibrary.wiley.com/termsAndConditions#vor","","","","DOI.org (Crossref)","","","","","","","","","","","","","","","","","","","","","","","","","","","","","","","","","","","","","","","","","","","","","","","","","","","","",""
"IX3ES4GB","bookSection","1991","Gosz, James R.","Fundamental Ecological Characteristics of Landscape Boundaries","Ecotones","978-1-4615-9688-2 978-1-4615-9686-8","","","http://link.springer.com/10.1007/978-1-4615-9686-8_2","","1991","2024-10-05 12:22:49","2024-10-05 12:22:49","2024-10-05 12:22:34","8-30","","","","","","","","","","","Springer US","Boston, MA","en","","","","","DOI.org (Crossref)","","DOI: 10.1007/978-1-4615-9686-8_2","","C:\Users\rache\Zotero\storage\84EH4FSQ\Gosz - 1991 - Fundamental Ecological Characteristics of Landscap.pdf","","","","Holland, Marjorie M.; Risser, Paul G.; Naiman, Robert J.","","","","","","","","","","","","","","","","","","","","","","","","","","","","","","","","","","","","","","","","","","","","",""
"84XVJXKX","journalArticle","2016","Coble, Ashley A.; Hart, Stephen C.","No evidence of resource limitation to aboveground growth of blue grama (Bouteloua gracilis) on 1 ky-old semi-arid substrate","Biogeochemistry","","0168-2563, 1573-515X","10.1007/s10533-016-0268-7","http://link.springer.com/10.1007/s10533-016-0268-7","","2016-12","2024-10-05 12:22:49","2024-10-05 12:22:49","2024-10-05 12:22:37","243-251","","1-2","131","","Biogeochemistry","","","","","","","","en","","","","","DOI.org (Crossref)","","","","C:\Users\rache\Zotero\storage\EJS36R68\Coble and Hart - 2016 - No evidence of resource limitation to aboveground .pdf","","","","","","","","","","","","","","","","","","","","","","","","","","","","","","","","","","","","","","","","","","","","","","","","",""
"994TPWJF","journalArticle","2007","Ignace, Danielle D.; Huxman, Travis E.; Weltzin, Jake F.; Williams, David G.","Leaf gas exchange and water status responses of a native and non-native grass to precipitation across contrasting soil surfaces in the Sonoran Desert","Oecologia","","0029-8549, 1432-1939","10.1007/s00442-007-0670-x","https://link.springer.com/10.1007/s00442-007-0670-x","","2007-06","2024-10-05 12:22:49","2024-10-05 12:22:49","2024-10-05 12:22:40","401-413","","3","152","","Oecologia","","","","","","","","en","","","","","DOI.org (Crossref)","","","","C:\Users\rache\Zotero\storage\Y3J89R7X\Ignace et al. - 2007 - Leaf gas exchange and water status responses of a .pdf","","","","","","","","","","","","","","","","","","","","","","","","","","","","","","","","","","","","","","","","","","","","","","","","",""
"S9IAZ3ET","journalArticle","2021","Lazarus, Brynne E.; Germino, Matthew J.","Post-fire management targeting invasive annual grasses may have inadvertently released the exotic perennial forb Chondrilla juncea and suppressed its biocontrol agent","Biological Invasions","","1387-3547, 1573-1464","10.1007/s10530-021-02481-z","https://link.springer.com/10.1007/s10530-021-02481-z","","2021-06","2024-10-05 12:22:49","2024-10-05 12:22:49","2024-10-05 12:22:46","1915-1932","","6","23","","Biol Invasions","","","","","","","","en","","","","","DOI.org (Crossref)","","","","C:\Users\rache\Zotero\storage\86IH34EN\Lazarus and Germino - 2021 - Post-fire management targeting invasive annual gra.pdf","","","","","","","","","","","","","","","","","","","","","","","","","","","","","","","","","","","","","","","","","","","","","","","","",""
"P3BPGD6R","journalArticle","2016","Tietjen, Britta","Same rainfall amount different vegetation—how environmental conditions and their interactions influence savanna dynamics","Ecological Modelling","","","","https://www.sciencedirect.com/science/article/pii/S0304380015002628","","2016","2024-10-05 12:22:49","2024-10-05 12:22:49","2024-10-05 12:22:49","13–22","","","326","","","","","","","","","","","","","","","Google Scholar","","Publisher: Elsevier","","C:\Users\rache\Zotero\storage\9D949RDS\S0304380015002628.html","","","","","","","","","","","","","","","","","","","","","","","","","","","","","","","","","","","","","","","","","","","","","","","","",""
"WG2IJIQ9","bookSection","1992","Gosz, James R.","Ecological Functions in a Biome Transition Zone: Translating Local Responses to Broad-Scale Dynamics","Landscape Boundaries","978-1-4612-7677-7 978-1-4612-2804-2","","","http://link.springer.com/10.1007/978-1-4612-2804-2_3","","1992","2024-10-05 12:42:59","2024-10-05 12:42:59","2024-10-05 12:41:59","55-75","","","92","","","Ecological Functions in a Biome Transition Zone","","","","","Springer New York","New York, NY","","","","","","DOI.org (Crossref)","","Series Title: Ecological Studies DOI: 10.1007/978-1-4612-2804-2_3","","C:\Users\rache\Zotero\storage\EFUXSY4E\Gosz - 1992 - Ecological Functions in a Biome Transition Zone T.pdf","","","","Hansen, Andrew J.; Di Castri, Francesco","Billings, W. D.; Golley, F.; Lange, O. L.; Olson, J. S.; Remmert, H.","","","","","","","","","","","","","","","","","","","","","","","","","","","","","","","","","","","","","","","","","","","",""
"DDJS6FIA","journalArticle","2004","Kröel‐Dulay, György; Ódor, Péter; Peters, Debra P. C.; Hochstrasser, Tamara","Distribution of plant species at a biome transition zone in New Mexico","Journal of Vegetation Science","","1100-9233, 1654-1103","10.1111/j.1654-1103.2004.tb02292.x","https://onlinelibrary.wiley.com/doi/10.1111/j.1654-1103.2004.tb02292.x","Abstract:                            Question:               Is there a difference in plant species and life form composition between two major patch types at a biome transition zone? Are subordinate species associated with different patch types at the shortgrass steppe — Chihuahuan desert grassland transition zone? Is this association related to differences in soil texture between patch types and the geographic range of associated species?                                         Location:               central New Mexico, USA.                                         Methods:               Patches dominated by either               Bouteloua gracilis               , the dominant species in the shortgrass steppe, or               Bouteloua eriopoda               , dominant species in the Chihuahuan desert grasslands, were sampled for the occurrence of subordinate species and soil texture within a 1500‐ha transitional mosaic of patches.                                         Results:               Of the 52 subordinate species analysed, 16 species were associated with               B. gracilis               ‐dominated patches and 12 species with               B. eriopoda               ‐dominated patches. Patches dominated by               B. gracilis               were richer in annual grasses and forbs, whereas patches dominated by               B. eriopoda               contained more perennials forbs and shrubs. Soils of               B. gracilis               ‐dominated patches had higher clay and lower rock contents compared with soils of               B. eriopoda               ‐dominated patches. Differences in species characteristics of the dominant species as well as differences in soil texture between patch types contribute to patch‐scale variation in composition. The association of species to patch types was not related to their geographic range and occurrence in the adjacent biomes.                                         Conclusions:               Patch types at this biome transition zone have characteristic life‐form and species composition, but species are associated to patch types due to local constraints, independently from their affinity to the adjacent biomes.","2004-08","2024-10-05 12:42:59","2024-10-05 12:42:59","2024-10-05 12:42:02","531-538","","4","15","","J Vegetation Science","","","","","","","","en","http://onlinelibrary.wiley.com/termsAndConditions#vor","","","","DOI.org (Crossref)","","","","","","","","","","","","","","","","","","","","","","","","","","","","","","","","","","","","","","","","","","","","","","","","","","","","",""
"3RYFJAB3","journalArticle","1990","Coughenour, Michael B.; Coppock, David L.; Ellis, James E.","Herbaceous forage variability in an arid pastoral region of Kenya: importance of topographic and rainfall gradients","Journal of Arid Environments","","","","https://www.sciencedirect.com/science/article/pii/S0140196318308139","","1990","2024-10-05 12:42:59","2024-10-05 12:42:59","2024-10-05 12:42:02","147–159","","2","19","","","Herbaceous forage variability in an arid pastoral region of Kenya","","","","","","","","","","","","Google Scholar","","Publisher: Elsevier","","C:\Users\rache\Zotero\storage\4QQJ4LNZ\S0140196318308139.html; C:\Users\rache\Zotero\storage\Q6654J5Z\Coughenour et al. - 1990 - Herbaceous forage variability in an arid pastoral .pdf","","","","","","","","","","","","","","","","","","","","","","","","","","","","","","","","","","","","","","","","","","","","","","","","",""
"3RTM8AXZ","journalArticle","1992","Gosz, James R.","Gradient Analysis of Ecological Change in Time and Space: Implications for Forest Management","Ecological Applications","","1051-0761, 1939-5582","10.2307/1941859","https://esajournals.onlinelibrary.wiley.com/doi/10.2307/1941859","Gradient analysis is a powerful technique to analyze for, and detect change in, the dynamics, structure, and function of ecosystems. Boundaries between zones or communities occur at distinctive locations along environmental gradients and are expected to be especially sensitive to environmental change. Gradient analysis can be performed at a range of scales, and allows integration and extrapolation of change across scales from those associated with communities to those of biomes. This review outlines the properties of gradients in space and time and uses an example of forests in the Rocky Mountain Physiographic Province to demonstrate constraints, the complex mosaics associated with distributional limits, transfers across boundaries, the role of disturbance, and threshold dynamics. A climate—change scenario is developed to hypothesize future changes in boundary movements, community mosaics, and ecosystem properties along elevational and latitudinal gradients in the Rocky Mountain Province. Mechanistic explanations of ecological phenomena that are necessary for management require information on: (1) the physical environmental constraints operating on the ecosystem; (2) the biota that operate within those constraints; and (3) the interactions among the biota and between the biota and environment. The relative importance of these three elements differs between environments and along environmental gradients. Biota and their interactions may account for much of the variance in system structure and function in mesic environments, while abiotic factors may limit biotic activity in less—favorable (arid) habitats. Plot studies that are analyzed as points along broader scale environmental gradients can provide quantitative information on the major driving variables, and broad—scale analyses of environmental factors along the gradient generate the information for extrapolating between sites and across scales. Modeling that includes such spatial gradients provides the foundation for local to regional management programs.","1992-08","2024-10-05 12:42:59","2024-10-05 12:42:59","2024-10-05 12:42:08","248-261","","3","2","","Ecological Applications","Gradient Analysis of Ecological Change in Time and Space","","","","","","","en","http://onlinelibrary.wiley.com/termsAndConditions#vor","","","","DOI.org (Crossref)","","","","C:\Users\rache\Zotero\storage\I8GSZGLY\Gosz - 1992 - Gradient Analysis of Ecological Change in Time and.pdf","","","","","","","","","","","","","","","","","","","","","","","","","","","","","","","","","","","","","","","","","","","","","","","","",""
"3XV92Q4D","journalArticle","2020","Ye, Zu-Xin; Cheng, Wei-Ming; Zhao, Zhi-Qi; Guo, Jian-Yang; Yang, Ze-Xian; Wang, Rui-Bo; Wang, Nan","Spatio-Temporal characteristics of drought events and their effects on vegetation: A case study in southern Tibet, China","Remote Sensing","","","","https://www.mdpi.com/2072-4292/12/24/4174","","2020","2024-10-05 12:42:59","2024-10-05 12:42:59","2024-10-05 12:42:11","4174","","24","12","","","Spatio-Temporal characteristics of drought events and their effects on vegetation","","","","","","","","","","","","Google Scholar","","Publisher: MDPI","","C:\Users\rache\Zotero\storage\BEBGJDRP\Ye et al. - 2020 - Spatio-Temporal characteristics of drought events .pdf","","","","","","","","","","","","","","","","","","","","","","","","","","","","","","","","","","","","","","","","","","","","","","","","",""
"BHK6MXSF","journalArticle","2013","López Martínez, Pilar; Martín Rueda, José; García, Luis V.","Soil characteristics determine microhabitat selection of the fossorial amphisbaenian Trogonophis wiegmanni","","","","","https://digital.csic.es/handle/10261/73670","","2013","2024-10-05 12:42:59","2024-10-05 12:42:59","2024-10-05 12:42:17","","","","","","","","","","","","","","","","","","","Google Scholar","","Publisher: Wiley-Blackwell","","C:\Users\rache\Zotero\storage\7CMD4UR9\López Martínez et al. - 2013 - Soil characteristics determine microhabitat select.pdf","","","","","","","","","","","","","","","","","","","","","","","","","","","","","","","","","","","","","","","","","","","","","","","","",""
"S8SZND3U","thesis","2022","Smith, Tanner Corless","Biophysical Factors Control Invasive Grass Hot Spots in the Mojave Desert","","","","","https://search.proquest.com/openview/3866de2e9c314a8c3fa714c9b4798901/1?pq-origsite=gscholar&cbl=18750&diss=y","","2022","2024-10-05 12:42:59","2024-10-05 12:42:59","2024-10-05 12:42:20","","","","","","","","","","","","Brigham Young University","","","","Master's Thesis","","","Google Scholar","","","","C:\Users\rache\Zotero\storage\RJW6538Q\intermediateredirectforezproxy.html","","","","","","","","","","","","","","","","","","","","","","","","","","","","","","","","","","","","","","","","","","","","","","","","",""
"F5DIHHBX","journalArticle","1986","Hacker, R. B.","Effect of grazing on chemical and physical properties of an earthy sand in the Western Australian mulga zone","The Rangeland Journal","","","","https://www.publish.csiro.au/rj/RJ9860011","","1986","2024-10-05 12:42:59","2024-10-05 12:42:59","2024-10-05 12:42:23","11–17","","1","8","","","","","","","","","","","","","","","Google Scholar","","Publisher: CSIRO Publishing","","","","","","","","","","","","","","","","","","","","","","","","","","","","","","","","","","","","","","","","","","","","","","","","","","",""
"5CHXE9GW","journalArticle","2020","Guo, Jessica S.; Hultine, Kevin R.; Koch, George W.; Kropp, Heather; Ogle, Kiona","Temporal shifts in iso/anisohydry revealed from daily observations of plant water potential in a dominant desert shrub","New Phytologist","","0028-646X, 1469-8137","10.1111/nph.16196","https://nph.onlinelibrary.wiley.com/doi/10.1111/nph.16196","Summary                                                                                     Plant species are characterized along a spectrum of isohydry to anisohydry depending on their regulation of water potential (Ψ), but the plasticity of hydraulic strategies is largely unknown. The role of environmental drivers was evaluated in the hydraulic behavior of                     Larrea tridentata                     , a drought‐tolerant desert shrub that withstands a wide range of environmental conditions.                                                                                             With a 1.5 yr time‐series of 2324                     in situ                     measurements of daily predawn and midday Ψ, the temporal variability of hydraulic behavior was explored in relation to soil water supply, atmospheric demand and temperature.                                                                                             Hydraulic behavior in                     Larrea                     was highly dynamic, ranging from partial isohydry to extreme anisohydry.                     Larrea                     exhibited extreme anisohydry under wet soil conditions corresponding to periods of high productivity, whereas partial isohydry was exhibited after prolonged dry or cold conditions, when productivity was low.                                                                        Environmental conditions can strongly influence plant hydraulic behavior at relatively fast timescales, which enhances our understanding of plant drought responses. Although species may exhibit a dominant hydraulic behavior, variable environmental conditions can prompt plasticity in Ψ regulation, particularly for species in seasonally dry climates.","2020-01","2024-10-05 12:42:59","2024-10-05 12:42:59","2024-10-05 12:42:23","713-726","","2","225","","New Phytologist","","","","","","","","en","","","","","DOI.org (Crossref)","","","","","","","","","","","","","","","","","","","","","","","","","","","","","","","","","","","","","","","","","","","","","","","","","","","","",""
"66JTVCDM","journalArticle","2012","Bowker, M. A.; Muñoz, A.; Martinez, T.; Lau, M. K.","Rare drought-induced mortality of juniper is enhanced by edaphic stressors and influenced by stand density","Journal of arid environments","","","","https://www.sciencedirect.com/science/article/pii/S0140196311002527","","2012","2024-10-05 12:42:59","2024-10-05 12:42:59","2024-10-05 12:42:26","9–16","","","76","","","","","","","","","","","","","","","Google Scholar","","Publisher: Elsevier","","C:\Users\rache\Zotero\storage\S5W4TFGA\S0140196311002527.html","","","","","","","","","","","","","","","","","","","","","","","","","","","","","","","","","","","","","","","","","","","","","","","","",""
"NSKIMPWP","journalArticle","2010","Enzmann, B. L.; Nonacs, P.","Digging beneath the surface: incipient nest characteristics across three species of harvester ant that differ in colony founding strategy","Insectes Sociaux","","0020-1812, 1420-9098","10.1007/s00040-009-0056-7","http://link.springer.com/10.1007/s00040-009-0056-7","","2010-02","2024-10-05 12:42:59","2024-10-05 12:42:59","2024-10-05 12:42:26","115-123","","1","57","","Insect. Soc.","Digging beneath the surface","","","","","","","en","","","","","DOI.org (Crossref)","","","","C:\Users\rache\Zotero\storage\PTE5TDDN\Enzmann and Nonacs - 2010 - Digging beneath the surface incipient nest charac.pdf","","","","","","","","","","","","","","","","","","","","","","","","","","","","","","","","","","","","","","","","","","","","","","","","",""
"4Q3BDCID","journalArticle","1991","Cornelius, Joe M.; Kemp, Paul R.; Ludwig, John A.; Cunningham, Gary L.","The distribution of vascular plant species and guilds in space and time along a desert gradient","Journal of Vegetation Science","","1100-9233, 1654-1103","10.2307/3235898","https://onlinelibrary.wiley.com/doi/10.2307/3235898","Abstract.               We studied distribution patterns of vascular plant species and environmental variables for three years along a permanent transect traversing a closed‐drainage watershed in the northern Chihuahuan Desert of south‐central New Mexico, USA. The transect extended for 2.7 km from a basin floor playa (1310 m elevation, fine‐textured soil), across a piedmont slope, and onto the base of a granitic mountain (1410 m elevation, coarse‐textured soil). The gradients in elevation and soils across our transect, along with variable seasonal rainfall, downslope redistribution of water and organic matter, and soil texture‐related variation in infiltration, water holding capacity, and moisture release characteristics, interact to generate a complex spatial and temporal gradient of available soil water and nitrogen. We grouped plant species into guilds according to growth form and photo synthetic pathway type. These guilds are spatially and temporally differentiated along the transect such that particular groups utilize particular seasonal phases or spatial regions of the gradient. We identified six distinct plant communities along the transect. C               4               perennial grasses dominated the mesic/high nitrogen portion of the gradient, which occurred at the highest (upper piedmont grassland, dominated by               Bouteloua eriopoda)               and lowest (playa, dominated by               Panicum obtusum)               elevations along the transect. C               3               shrubs were dominant in the xeric/low nitrogen portion of the gradient located near the middle of the transect (bajada shrubland, dominated by               Larrea tridentata).               C               3               shrubs also dominated a narrow zone of vegetation located adjacent to the playa (playa fringe, dominated by               Prosopisglandulosa).               C               4               perennial grasses, C               3               subshrubs, and C               3               and C               4               perennial forbs and annuals were co‐dominant in the intermediate locations along the gradient, which occurred below (mixed basin slopes) and above (lower piedmont grassland) the bajada shrubland. Life‐form distribution patterns at the small scale of our study reflect some of the patterning that occurs at larger scales in response to climate gradients. The distributions of some species and guilds along the transect are apparently modified by competitive interactions.","1991-02","2024-10-05 12:42:59","2024-10-05 12:42:59","2024-10-05 12:42:29","59-72","","1","2","","J Vegetation Science","","","","","","","","en","http://onlinelibrary.wiley.com/termsAndConditions#vor","","","","DOI.org (Crossref)","","","","C:\Users\rache\Zotero\storage\JCIBVCJG\Cornelius et al. - 1991 - The distribution of vascular plant species and gui.pdf","","","","","","","","","","","","","","","","","","","","","","","","","","","","","","","","","","","","","","","","","","","","","","","","",""
"XJUXID53","journalArticle","2022","Goebl, April M.; Kane, Nolan C.; Doak, Daniel F.; Rieseberg, Loren H.; Ostevik, Kate L.","Adaptation to distinct habitats is maintained by contrasting selection at different life stages in sunflower ecotypes","Molecular Ecology","","0962-1083, 1365-294X","10.1111/mec.16785","https://onlinelibrary.wiley.com/doi/10.1111/mec.16785","Abstract                            Conspecific populations living in adjacent but contrasting microenvironments represent excellent systems for studying natural selection. These systems are valuable because gene flow is expected to force genetic homogeneity except at loci experiencing divergent selection. A history of reciprocal transplant and common garden studies in such systems, and a growing number of genomic studies, have contributed to understanding how selection operates in natural populations. While selection can vary across different fitness components and life stages, few studies have investigated how this ultimately affects allele frequencies and the maintenance of divergence between populations. Here, we study two sunflower ecotypes in distinct, adjacent habitats by combining demographic models with genome‐wide sequence data to estimate fitness and allele frequency change at multiple life stages. This framework allows us to estimate that only local ecotypes are likely to experience positive population growth (               λ                > 1) and that the maintenance of divergent adaptation appears to be mediated via habitat‐ and life stage‐specific selection. We identify genetic variation, significantly driven by loci in chromosomal inversions, associated with different life history strategies in neighbouring ecotypes that optimize different fitness components and may contribute to the maintenance of distinct ecotypes.","2022-11-29","2024-10-05 12:42:59","2024-10-05 12:42:59","2024-10-05 12:42:32","mec.16785","","","","","Molecular Ecology","","","","","","","","en","","","","","DOI.org (Crossref)","","","","","","","","","","","","","","","","","","","","","","","","","","","","","","","","","","","","","","","","","","","","","","","","","","","","",""
"94NFXAS5","journalArticle","2013","Roskin, Joel; Katra, Itzhak; Blumberg, Dan G.","Late Holocene dune mobilizations in the northwestern Negev dunefield, Israel: A response to combined anthropogenic activity and short-term intensified windiness","Quaternary International","","","","https://www.sciencedirect.com/science/article/pii/S1040618212032454","","2013","2024-10-05 12:42:59","2024-10-05 12:42:59","2024-10-05 12:42:41","10–23","","","303","","","Late Holocene dune mobilizations in the northwestern Negev dunefield, Israel","","","","","","","","","","","","Google Scholar","","Publisher: Elsevier","","C:\Users\rache\Zotero\storage\8GT7Q3MY\S1040618212032454.html","","","","","","","","","","","","","","","","","","","","","","","","","","","","","","","","","","","","","","","","","","","","","","","","",""
"N9B9BTRN","journalArticle","2008","Ivanov, Valeriy Y.; Bras, Rafael L.; Vivoni, Enrique R.","Vegetation‐hydrology dynamics in complex terrain of semiarid areas: 2. Energy‐water controls of vegetation spatiotemporal dynamics and topographic niches of favorability","Water Resources Research","","0043-1397, 1944-7973","10.1029/2006WR005595","https://agupubs.onlinelibrary.wiley.com/doi/10.1029/2006WR005595","Ecosystems of dry climates are a particularly interesting subject for ecohydrological studies, as water is generally considered to be the key limiting resource. This work focuses on vegetation‐water‐energy dynamics occurring on the complex terrain of a semiarid area characteristic of central New Mexico. The study employs a mechanistic model of coupled interactions to construct a set of numerical experiments carried out for two small‐scale synthetic domains that exhibit particular hillslope curvatures. The linkages between terrain attributes and patterns of C               4               grass productivity and water balance components are examined for three generic soil types. It is argued that in conditions of negligible moisture exchange, aspect and slope are the key determinants of both the hydrologic behavior and the degree of site “favorability” to vegetation. Certain topographic locations are more favorable to vegetation, as compared to a flat horizontal surface not influenced by lateral effects. These locations are associated with sites of northerly aspect with surface slopes within a narrow range of magnitudes. Contributions from both rainfall and radiation forcings are discussed to explain the existence of these topographic niches. The sensitivity of results is investigated by modifying the dominant mechanism of lateral water transfer. Two additional controlling topographic features are explored, corresponding to the contiguous and global terrain convergence levels. It is argued that their effects on vegetation‐hydrology dynamics at a given location are characteristically superimposed with the impact of site‐specific terrain attributes. Furthermore, the results lead to a conceptual relationship linking vegetation‐hydrology quantities at different landscape locations.","2008-03","2024-10-05 12:42:59","2024-10-05 12:42:59","2024-10-05 12:42:41","2006WR005595","","3","44","","Water Resources Research","Vegetation‐hydrology dynamics in complex terrain of semiarid areas","","","","","","","en","http://onlinelibrary.wiley.com/termsAndConditions#vor","","","","DOI.org (Crossref)","","","","C:\Users\rache\Zotero\storage\P4E43WR2\Ivanov et al. - 2008 - Vegetation‐hydrology dynamics in complex terrain o.pdf","","","","","","","","","","","","","","","","","","","","","","","","","","","","","","","","","","","","","","","","","","","","","","","","",""
"3TUCINLR","thesis","2010","Bucini, Gabriela","Woody cover in African savannas: Mapping strategies and ecological insights at regional and continental scales","","","","","https://search.proquest.com/openview/f092f210b05121e8acae8b734ed5ea92/1?pq-origsite=gscholar&cbl=18750","","2010","2024-10-05 12:42:59","2024-10-05 12:42:59","2024-10-05 12:42:44","","","","","","","Woody cover in African savannas","","","","","Colorado State University","","","","PhD Thesis","","","Google Scholar","","","","C:\Users\rache\Zotero\storage\ZPQIL2UH\Bucini - 2010 - Woody cover in African savannas Mapping strategie.pdf","","","","","","","","","","","","","","","","","","","","","","","","","","","","","","","","","","","","","","","","","","","","","","","","",""
"CMK6CC45","journalArticle","2008","Grigg, Alasdair M.; Veneklaas, Erik J.; Lambers, Hans","Water relations and mineral nutrition of closely related woody plant species on desert dunes and interdunes","Australian Journal of Botany","","","","https://www.publish.csiro.au/bt/bt06205","","2008","2024-10-05 12:42:59","2024-10-05 12:42:59","2024-10-05 12:42:50","27–43","","1","56","","","","","","","","","","","","","","","Google Scholar","","Publisher: CSIRO Publishing","","C:\Users\rache\Zotero\storage\B3XFZYPW\Grigg et al. - 2008 - Water relations and mineral nutrition of closely r.pdf","","","","","","","","","","","","","","","","","","","","","","","","","","","","","","","","","","","","","","","","","","","","","","","","",""
"3WFS85SA","journalArticle","2013","Chamizo, Sonia; Canton, Yolanda; Lázaro, Roberto; Domingo, Francisco","The role of biological soil crusts in soil moisture dynamics in two semiarid ecosystems with contrasting soil textures","Journal of Hydrology","","","","https://www.sciencedirect.com/science/article/pii/S0022169413001820","","2013","2024-10-05 12:42:59","2024-10-05 12:42:59","2024-10-05 12:42:53","74–84","","","489","","","","","","","","","","","","","","","Google Scholar","","Publisher: Elsevier","","C:\Users\rache\Zotero\storage\JIK35QCD\S0022169413001820.html","","","","","","","","","","","","","","","","","","","","","","","","","","","","","","","","","","","","","","","","","","","","","","","","",""
"WI3ZALAC","journalArticle","2012","Barkae, Erez David; Scharf, Inon; Abramsky, Zvika; Ovadia, Ofer","Jack of all trades, master of all: a positive association between habitat niche breadth and foraging performance in pit-building antlion larvae","PLoS One","","","","https://journals.plos.org/plosone/article?id=10.1371/journal.pone.0033506","","2012","2024-10-05 12:42:59","2024-10-05 12:42:59","2024-10-05 12:42:56","e33506","","3","7","","","Jack of all trades, master of all","","","","","","","","","","","","Google Scholar","","Publisher: Public Library of Science San Francisco, USA","","C:\Users\rache\Zotero\storage\F4JLGPJL\Barkae et al. - 2012 - Jack of all trades, master of all a positive asso.pdf","","","","","","","","","","","","","","","","","","","","","","","","","","","","","","","","","","","","","","","","","","","","","","","","",""
"PX2PR7NC","journalArticle","2012","Cabello, J.; Alcaraz-Segura, D.; Ferrero, R.; Castro, A. J.; Liras, E.","The role of vegetation and lithology in the spatial and inter-annual response of EVI to climate in drylands of Southeastern Spain","Journal of Arid Environments","","","","https://www.sciencedirect.com/science/article/pii/S0140196311003910","","2012","2024-10-05 12:42:59","2024-10-05 12:42:59","2024-10-05 12:42:59","76–83","","","79","","","","","","","","","","","","","","","Google Scholar","","Publisher: Elsevier","","C:\Users\rache\Zotero\storage\PTFXVNB4\S0140196311003910.html","","","","","","","","","","","","","","","","","","","","","","","","","","","","","","","","","","","","","","","","","","","","","","","","",""
"ADALX72R","journalArticle","2021","Peters, Debra PC; Savoy, Heather M.; Stillman, Susan; Huang, Haitao; Hudson, Amy R.; Sala, Osvaldo E.; Vivoni, Enrique R.","Plant species richness in multiyear wet and dry periods in the Chihuahuan Desert","Climate","","","","https://www.mdpi.com/2225-1154/9/8/130","","2021","2024-10-05 14:36:41","2024-10-05 14:36:41","2024-10-05 14:35:47","130","","8","9","","","","","","","","","","","","","","","Google Scholar","","Publisher: MDPI","","C:\Users\rache\Zotero\storage\TJBHDLWX\Peters et al. - 2021 - Plant species richness in multiyear wet and dry pe.pdf","","","","","","","","","","","","","","","","","","","","","","","","","","","","","","","","","","","","","","","","","","","","","","","","",""
"ZRT4SAXW","journalArticle","2013","Rotkopf, Ron; Alcalay, Yehonatan; Bar-Hanin, Einav; Barkae, Erez David; Ovadia, Ofer","Slow growth improves compensation ability: examining growth rate and starvation endurance in pit-building antlions from semi-arid and hyper-arid regions","Evolutionary Ecology","","0269-7653, 1573-8477","10.1007/s10682-013-9644-0","http://link.springer.com/10.1007/s10682-013-9644-0","","2013-11","2024-10-05 14:36:41","2024-10-05 14:36:41","2024-10-05 14:35:47","1129-1144","","6","27","","Evol Ecol","Slow growth improves compensation ability","","","","","","","en","http://www.springer.com/tdm","","","","DOI.org (Crossref)","","","","C:\Users\rache\Zotero\storage\P5J5HQYU\Rotkopf et al. - 2013 - Slow growth improves compensation ability examini.pdf","","","","","","","","","","","","","","","","","","","","","","","","","","","","","","","","","","","","","","","","","","","","","","","","",""
"RE92QHDD","journalArticle","2024","Lehmann, Peter; Or, Dani","Analytical model for bare soil evaporation dynamics following wetting with concurrent internal drainage","Journal of Hydrology","","","","https://www.sciencedirect.com/science/article/pii/S002216942400194X","","2024","2024-10-05 14:36:41","2024-10-05 14:36:41","2024-10-05 14:35:50","130800","","","631","","","","","","","","","","","","","","","Google Scholar","","Publisher: Elsevier","","C:\Users\rache\Zotero\storage\T9D4BJCP\S002216942400194X.html","","","","","","","","","","","","","","","","","","","","","","","","","","","","","","","","","","","","","","","","","","","","","","","","",""
"WKDDZ4F7","thesis","2021","KONG, Kaman","Processes linking wind erosion and ecosystem dynamics in a dust source hotspot in East Asia (東アジアのダスト発生ホットスポットにおいて風食と生態系動態を結び付けるプロセス)","","","","","","","2021","2024-10-05 14:36:41","2024-10-05 14:36:41","","","","","","","","","","","","","School of Environmental Studies, Nagoya University","","","","PhD Thesis","","","Google Scholar","","","","","","","","","","","","","","","","","","","","","","","","","","","","","","","","","","","","","","","","","","","","","","","","","","","","",""
"KEAMJDPN","journalArticle","2020","Goebl, April M.; Kane, Nolan C.; Doak, Daniel F.; Rieseberg, Loren H.; Ostevik, Kate L.","Contrasting selection at multiple life stages maintains divergent adaptation between sunflower ecotypes","bioRxiv","","","","https://www.biorxiv.org/content/10.1101/2020.08.08.242503.abstract","","2020","2024-10-05 14:36:41","2024-10-05 14:36:41","2024-10-05 14:35:59","2020–08","","","","","","","","","","","","","","","","","","Google Scholar","","Publisher: Cold Spring Harbor Laboratory","","C:\Users\rache\Zotero\storage\KHYKS4MF\Goebl et al. - 2020 - Contrasting selection at multiple life stages main.pdf","","","","","","","","","","","","","","","","","","","","","","","","","","","","","","","","","","","","","","","","","","","","","","","","",""
"PPIECA3T","journalArticle","2010","Wevill, Tricia; Read, Jennifer","Fine-scale patterns in the distribution of semi-arid tree species at Wyperfeld National Park, southeastern Australia–The potential roles of resource gradients vs disturbance","Journal of arid environments","","","","https://www.sciencedirect.com/science/article/pii/S014019630900322X","","2010","2024-10-05 14:36:41","2024-10-05 14:36:41","2024-10-05 14:36:02","482–490","","4","74","","","","","","","","","","","","","","","Google Scholar","","Publisher: Elsevier","","C:\Users\rache\Zotero\storage\9WYL23MJ\S014019630900322X.html","","","","","","","","","","","","","","","","","","","","","","","","","","","","","","","","","","","","","","","","","","","","","","","","",""
"NUF4RZ4P","journalArticle","1993","Seagle, StevenW.; McNaughton, S.J.","Simulated effects of precipitation and nitrogen on Serengeti grassland productivity","Biogeochemistry","","0168-2563, 1573-515X","10.1007/BF00000645","http://link.springer.com/10.1007/BF00000645","","1993","2024-10-05 14:36:41","2024-10-05 14:36:41","2024-10-05 14:36:02","","","3","22","","Biogeochemistry","","","","","","","","en","http://www.springer.com/tdm","","","","DOI.org (Crossref)","","","","C:\Users\rache\Zotero\storage\UN27X26V\Seagle and McNaughton - 1993 - Simulated effects of precipitation and nitrogen on.pdf","","","","","","","","","","","","","","","","","","","","","","","","","","","","","","","","","","","","","","","","","","","","","","","","",""
"LSEWA9V4","journalArticle","2003","Brown, Gary; Peacock, John; Loughland, Ron; Aldrami, Ghaleb A.","Coastal and terrestrial ecosystem management requirements in the GCC States","Environmental Research and Wildlife Development Agency, Abu Dhabi","","","","https://citeseerx.ist.psu.edu/document?repid=rep1&type=pdf&doi=4838fde1d15f2a7925cff667e668bd8f902092db","","2003","2024-10-05 14:36:41","2024-10-05 14:36:41","2024-10-05 14:36:05","","","","","","","","","","","","","","","","","","","Google Scholar","","Publisher: Citeseer","","C:\Users\rache\Zotero\storage\R8VJM265\Brown et al. - 2003 - Coastal and terrestrial ecosystem management requi.pdf","","","","","","","","","","","","","","","","","","","","","","","","","","","","","","","","","","","","","","","","","","","","","","","","",""
"GGMISD4U","journalArticle","2022","Havrilla, Caroline A.; Bradford, John B.; Yackulic, Charles B.; Munson, Seth M.","Divergent climate impacts on C","","","","","https://www.researchgate.net/profile/Caroline-Havrilla/publication/366604640_Divergent_climate_impacts_on_C3_versus_C4_grasses_imply_widespread_21st_century_shifts_in_grassland_functional_composition/links/63ac76dd097c7832ca7215ef/Divergent-climate-impacts-on-C3-versus-C4-grasses-imply-widespread-21st-century-shifts-in-grassland-functional-composition.pdf","","2022","2024-10-05 14:36:41","2024-10-05 14:36:41","2024-10-05 14:36:11","","","","","","","","","","","","","","","","","","","Google Scholar","","","","C:\Users\rache\Zotero\storage\LMCGEAAH\Havrilla et al. - 2022 - Divergent climate impacts on C.pdf","","","","","","","","","","","","","","","","","","","","","","","","","","","","","","","","","","","","","","","","","","","","","","","","",""
"64RLCTUY","journalArticle","2018","Havrilla, Caroline A.; Barger, Nichole N.","Biocrusts and their disturbance mediate the recruitment of native and exotic grasses from a hot desert ecosystem","Ecosphere","","2150-8925, 2150-8925","10.1002/ecs2.2361","https://esajournals.onlinelibrary.wiley.com/doi/10.1002/ecs2.2361","Abstract                            In dryland ecosystems, biocrusts coexist in patchy mosaics with vascular plants and can influence plant performance through modifications of soil stability, hydrology, microclimate, and fertility. Biocrusts often have species‐specific effects on vascular plant recruitment and hypothesized to promote native over exotic plant establishment. While there is considerable interest in potential contributions of biocrusts to the biotic resistance of plant communities, relatively few studies have investigated this relationship. Particularly, we have a limited understanding of how biocrusts may impact exotic plant recruitment in hot desert ecosystems and how these relationships may be affected by biocrust disturbance. In a greenhouse setting, we investigated the effects of two biocrust types (cyanobacteria‐ and lichen‐dominated) from the hot, Chihuahuan Desert and their removal on the emergence, survival, growth, and overall recruitment performance of three perennial bunchgrasses: native species               Aristida purpurea               (Nutt.) and               Bouteloua eriopoda               (Torr.)               ,               and exotic               Eragrostis lehmanniana               (Nees.). Specifically, we tested two hypotheses: (1) Intact biocrusts offer favorable microhabitats for increased performance of native vascular grass species but decrease performance and recruitment of exotic species               E. lehmanniana,               and (2) biocrust removal increases the recruitment of               E. lehmanniana               . Overall, we found cyanobacteria‐dominated biocrusts decreased seedling performance, while lichen‐dominated biocrusts increased performance. While biocrusts promoted               E. lehmanniana               emergence over that of the two natives, conversely, native species survival and growth responded more positively to biocrusts than the exotic. Biocrust removal increased               E. lehmanniana               recruitment, but had mixed effects on the two natives. These results indicate the importance of biocrusts and biocrust disturbance in shaping dryland plant community structure and generate interesting questions about possible contributions of biocrusts to the biotic resistance of plant communities.","2018-07","2024-10-05 14:36:41","2024-10-05 14:36:41","2024-10-05 14:36:11","e02361","","7","9","","Ecosphere","","","","","","","","en","","","","","DOI.org (Crossref)","","","","C:\Users\rache\Zotero\storage\WQT6DQ85\Havrilla and Barger - 2018 - Biocrusts and their disturbance mediate the recrui.pdf","","","","","","","","","","","","","","","","","","","","","","","","","","","","","","","","","","","","","","","","","","","","","","","","",""
"XDP66RGV","journalArticle","2016","Beal, Lakin K.; Huber, David P.; Godsey, Sarah E.; Nawotniak, Shannon K.; Lohse, Kathleen A.","Controls on ecohydrologic properties in desert ecosystems: Differences in soil age and volcanic morphology","Geoderma","","","","https://www.sciencedirect.com/science/article/pii/S0016706116300301","","2016","2024-10-05 14:36:41","2024-10-05 14:36:41","2024-10-05 14:36:14","32–41","","","271","","","Controls on ecohydrologic properties in desert ecosystems","","","","","","","","","","","","Google Scholar","","Publisher: Elsevier","","","","","","","","","","","","","","","","","","","","","","","","","","","","","","","","","","","","","","","","","","","","","","","","","","",""
"Y3I8S23M","journalArticle","2019","Díaz, Ismael; Achkar, Marcel; Crisci, Carolina; Mazzeo, Nestor","Natural and land-use drivers of primary production in a highly vulnerable region of livestock production (Sierras del Este–Uruguay)","","","","","https://kobra.uni-kassel.de/handle/123456789/11079","","2019","2024-10-05 14:36:41","2024-10-05 14:36:41","2024-10-05 14:36:20","","","","","","","","","","","","","","","","","","","Google Scholar","","","","C:\Users\rache\Zotero\storage\CCGXJBEA\Díaz et al. - 2019 - Natural and land-use drivers of primary production.pdf","","","","","","","","","","","","","","","","","","","","","","","","","","","","","","","","","","","","","","","","","","","","","","","","",""
"ZMMQVVKB","journalArticle","2007","Strohbach, Ben J.; Petersen, Andreas","Vegetation of the central Kavango woodlands in Namibia: An example from the Mile 46 Livestock Development Centre","South African Journal of Botany","","","","https://www.sciencedirect.com/science/article/pii/S025462990700213X","","2007","2024-10-05 14:36:41","2024-10-05 14:36:41","2024-10-05 14:36:23","391–401","","3","73","","","Vegetation of the central Kavango woodlands in Namibia","","","","","","","","","","","","Google Scholar","","Publisher: Elsevier","","C:\Users\rache\Zotero\storage\C525Y738\S025462990700213X.html","","","","","","","","","","","","","","","","","","","","","","","","","","","","","","","","","","","","","","","","","","","","","","","","",""
"HAYPDVYT","journalArticle","2006","Norris, Jodi R.; Jackson, Stephen T.; Betancourt, Julio L.","Classification tree and minimum‐volume ellipsoid analyses of the distribution of ponderosa pine in the western USA","Journal of Biogeography","","0305-0270, 1365-2699","10.1111/j.1365-2699.2005.01396.x","https://onlinelibrary.wiley.com/doi/10.1111/j.1365-2699.2005.01396.x","Abstract                            Aim                Ponderosa pine (               Pinus ponderosa               Douglas ex Lawson & C. Lawson) is an economically and ecologically important conifer that has a wide geographic range in the western USA, but is mostly absent from the geographic centre of its distribution – the Great Basin and adjoining mountain ranges. Much of its modern range was achieved by migration of geographically distinct Sierra Nevada (               P. ponderosa               var.               ponderosa               ) and Rocky Mountain (               P. ponderosa               var.               scopulorum               ) varieties in the last 10,000 years. Previous research has confirmed genetic differences between the two varieties, and measurable genetic exchange occurs where their ranges now overlap in western Montana. A variety of approaches in bioclimatic modelling is required to explore the ecological differences between these varieties and their implications for historical biogeography and impending changes in western landscapes.                                         Location                Western USA.                                         Methods                We used a classification tree analysis and a minimum‐volume ellipsoid as models to explain the broad patterns of distribution of ponderosa pine in modern environments using climatic and edaphic variables. Most biogeographical modelling assumes that the target group represents a single, ecologically uniform taxonomic population. Classification tree analysis does not require this assumption because it allows the creation of pathways that predict multiple positive and negative outcomes. Thus, classification tree analysis can be used to test the ecological uniformity of the species. In addition, a multidimensional ellipsoid was constructed to describe the niche of each variety of ponderosa pine, and distances from the niche were calculated and mapped on a 4‐km grid for each ecological variable.                                         Results                The resulting classification tree identified three dominant pathways predicting ponderosa pine presence. Two of these three pathways correspond roughly to the distribution of var.               ponderosa               , and the third pathway generally corresponds to the distribution of var.               scopulorum               . The classification tree and minimum‐volume ellipsoid model show that both varieties have very similar temperature limitations, although var.               ponderosa               is more limited by the temperature extremes of the continental interior. The precipitation limitations of the two varieties are seasonally different, with var.               ponderosa               requiring significant winter moisture and var.               scopulorum               requiring significant summer moisture. Great Basin mountain ranges are too cold at higher elevations to support either variety of ponderosa pine, and at lower elevations are too dry in summer for var.               scopulorum               and too dry in winter for var.               ponderosa               .                                         Main conclusions                The classification tree analysis indicates that var.               ponderosa               is ecologically as well as genetically distinct from var.               scopulorum               . Ecological differences may maintain genetic separation in spite of a limited zone of introgression between the two varieties in western Montana. Two hypotheses about past and future movements of ponderosa pine emerge from our analyses. The first hypothesis is that, during the last glacial period, colder and/or drier summers truncated most of the range of var.               scopulorum               in the central Rockies, but had less dramatic effects on the more maritime and winter‐wet distribution of var.               ponderosa               . The second hypothesis is that, all other factors held constant, increasing summer temperatures in the future should produce changes in the distribution of var.               scopulorum               that are likely to involve range expansions in the central Rockies with the warming of mountain ranges currently too cold but sufficiently wet in summer for var.               scopulorum               . Finally, our results underscore the growing need to focus on genotypes in biogeographical modelling and ecological forecasting.","2006-02","2024-10-05 14:36:41","2024-10-05 14:36:41","2024-10-05 14:36:23","342-360","","2","33","","Journal of Biogeography","","","","","","","","en","http://onlinelibrary.wiley.com/termsAndConditions#vor","","","","DOI.org (Crossref)","","","","","","","","","","","","","","","","","","","","","","","","","","","","","","","","","","","","","","","","","","","","","","","","","","","","",""
"M9U9KL5Q","book","2011","Geldenhuys, Conrad","A functional analysis of the response of the Southern Kalahari dune vegetation to land-use intensity","","","","","https://search.proquest.com/openview/7b9c1980094edf8454db37afe589e65f/1?pq-origsite=gscholar&cbl=2026366&diss=y","","2011","2024-10-05 14:36:41","2024-10-05 14:36:41","2024-10-05 14:36:26","","","","","","","","","","","","University of Pretoria (South Africa)","","","","","","","Google Scholar","","","","C:\Users\rache\Zotero\storage\AYQNKS47\intermediateredirectforezproxy.html","","","","","","","","","","","","","","","","","","","","","","","","","","","","","","","","","","","","","","","","","","","","","","","","",""
"S8DEUHDL","journalArticle","2023","Dongzhi, Huangqing; Xueying, Chen; Mingming, Shi; Liusheng, Yang; Baoxi, Ou; Duiming, Yan; Baolong, Wang; Xiaodong, Guo; Zeyu, Li; Peili, Shi","The Spatial Distribution and Driving Factors of Carbon Storage in the Grassland Ecosystems of the Northern Tibetan Plateau","Journal of Resources and Ecology","","1674-764X","10.5814/j.issn.1674-764x.2023.05.001","https://bioone.org/journals/journal-of-resources-and-ecology/volume-14/issue-5/j.issn.1674-764x.2023.05.001/The-Spatial-Distribution-and-Driving-Factors-of-Carbon-Storage-in/10.5814/j.issn.1674-764x.2023.05.001.full","","2023-08-22","2024-10-05 14:36:41","2024-10-05 14:36:41","2024-10-05 14:36:26","","","5","14","","Journal of Resources and Ecology","","","","","","","","","","","","","DOI.org (Crossref)","","","","C:\Users\rache\Zotero\storage\QSX52MHL\Dongzhi et al. - 2023 - The Spatial Distribution and Driving Factors of Ca.pdf","","","","","","","","","","","","","","","","","","","","","","","","","","","","","","","","","","","","","","","","","","","","","","","","",""
"68QKLJGG","journalArticle","2015","Shepard, Christopher; Schaap, Marcel G.; Crimmins, Michael A.; van Leeuwen, Willem JD; Rasmussen, Craig","Subsurface soil textural control of aboveground productivity in the US Desert Southwest","Geoderma Regional","","","","https://www.sciencedirect.com/science/article/pii/S2352009414000455","","2015","2024-10-05 14:36:41","2024-10-05 14:36:41","2024-10-05 14:36:35","44–54","","","4","","","","","","","","","","","","","","","Google Scholar","","Publisher: Elsevier","","C:\Users\rache\Zotero\storage\2IMWASHC\S2352009414000455.html","","","","","","","","","","","","","","","","","","","","","","","","","","","","","","","","","","","","","","","","","","","","","","","","",""
"76T3QQPE","journalArticle","2018","Díaza, Ismael; Achkara, Marcel; Criscib, Carolina; Mazzeoc, Néstor","Natural and land-use drivers of primary production in a highly vulnerable region of livestock production (Sierras del Este–Uruguay)","","","","","https://www.researchgate.net/profile/Ismael-Diaz/publication/331287488_Natural_and_land-use_drivers_of_primary_production_in_a_highly_vulnerable_region_of_livestock_production_Sierras_del_Este-Uruguay/links/5c706b71299bf1268d1e07d2/Natural-and-land-use-drivers-of-primary-production-in-a-highly-vulnerable-region-of-livestock-production-Sierras-del-Este-Uruguay.pdf","","2018","2024-10-05 14:36:41","2024-10-05 14:36:41","2024-10-05 14:36:38","","","","","","","","","","","","","","","","","","","Google Scholar","","","","C:\Users\rache\Zotero\storage\WPQZ7XKR\Díaza et al. - 2018 - Natural and land-use drivers of primary production.pdf","","","","","","","","","","","","","","","","","","","","","","","","","","","","","","","","","","","","","","","","","","","","","","","","",""
"MM7EFGWS","journalArticle","2024","Bargués‐Tobella, Aida; Winowiecki, Leigh Ann; Sheil, Douglas; Vågen, Tor‐Gunnar","Determinants of Field‐Saturated Soil Hydraulic Conductivity Across Sub‐Saharan Africa: Texture and Beyond","Water Resources Research","","0043-1397, 1944-7973","10.1029/2023WR035510","https://agupubs.onlinelibrary.wiley.com/doi/10.1029/2023WR035510","Abstract                            Soil infiltration is critical for water security and related ecosystem services. This infiltration, the ability of soils to absorb water at their surface, is controlled by the soil hydraulic conductivity. Despite recent efforts in assembling measurements of soil hydraulic conductivity, global databases and derived pedotransfer functions lack coverage in the tropics. Here, we present soil infiltration measurements and other indicators of soil and land health collected systematically in 3,573 plots from 83 100 km               2               sites across 19 countries in sub‐Saharan Africa. We use these data to (a) determine field‐saturated hydraulic conductivity (               K               fs               ) and (b) explore which variables best predict variation in               K               fs               . Our results show that sand content, soil organic carbon (SOC), and woody cover had a positive relationship with               K               fs               , whereas grazing intensity and soil pH had a negative relationship. Our findings highlight that, despite soil texture being important, structure also plays a critical role. These results indicate considerable potential to improve soil hydrological functioning through management and restoration practices that target soil structure. Enhancing SOC content, limiting animal stocking, promoting trees, shrubs, and other vegetation cover, and preventing soil erosion can increase               K               fs               and improve water security. This data set can contribute to improving Earth system and land surface models for applications in Africa.                        ,              Key Points                                                                We present field infiltration measurements and accompanying indicators of soil and land health from 3,573 plots across sub‐Saharan Africa                                                                          Field‐saturated hydraulic conductivity (                     K                     fs                     ) is associated with soil texture and factors related to soil structure                                                                        Our results suggest that soil hydrological functioning can be enhanced through management practices that target soil structure","2024-01","2024-10-05 14:36:41","2024-10-05 14:36:41","2024-10-05 14:36:38","e2023WR035510","","1","60","","Water Resources Research","Determinants of Field‐Saturated Soil Hydraulic Conductivity Across Sub‐Saharan Africa","","","","","","","en","","","","","DOI.org (Crossref)","","","","","","","","","","","","","","","","","","","","","","","","","","","","","","","","","","","","","","","","","","","","","","","","","","","","",""
"CMZA7MXR","journalArticle","2009","Armstrong, R. D.; Fitzpatrick, J.; Rab, M. A.; Abuzar, M.; Fisher, P. D.; O’Leary, G. J.","Advances in precision agriculture in south-eastern Australia. III. Interactions between soil properties and water use help explain spatial variability of crop production in the Victorian Mallee","Crop and Pasture Science","","","","https://www.publish.csiro.au/cp/CP08349","","2009","2024-10-05 14:36:41","2024-10-05 14:36:41","2024-10-05 14:36:41","870–884","","9","60","","","","","","","","","","","","","","","Google Scholar","","Publisher: CSIRO Publishing","","","","","","","","","","","","","","","","","","","","","","","","","","","","","","","","","","","","","","","","","","","","","","","","","","",""
"G8VX4TGN","journalArticle","2022","Mucina, Ladislav; Lötter, Mervyn C.; Rutherford, Michael C.; Van Niekerk, Adriaan; Macintyre, Paul D.; Tsakalos, James L.; Timberlake, Jonathan; Adams, Janine B.; Riddin, Taryn; Mccarthy, Lauren K.","Forest biomes of Southern Africa","New Zealand Journal of Botany","","0028-825X, 1175-8643","10.1080/0028825X.2021.1960383","https://www.tandfonline.com/doi/full/10.1080/0028825X.2021.1960383","","2022-10-02","2024-10-05 14:57:46","2024-10-05 14:57:46","2024-10-05 14:56:44","377-428","","4","60","","New Zealand Journal of Botany","","","","","","","","en","","","","","DOI.org (Crossref)","","","","C:\Users\rache\Zotero\storage\4BPB5LX7\Mucina et al. - 2022 - Forest biomes of Southern Africa.pdf","","","","","","","","","","","","","","","","","","","","","","","","","","","","","","","","","","","","","","","","","","","","","","","","",""
"CJKX3Y5N","thesis","1999","Andersen, Gidske L.","Change and variation in a hyer-arid cultural landscape: A merhodological approach using remote sensing timeseries (Landsat MSS and TM, 1973-1996) from the Wadi vegetation of the eastern desert of Egypt","","","","","https://bora.uib.no/bora-xmlui/handle/1956/2116","","1999","2024-10-05 14:57:46","2024-10-05 14:57:46","2024-10-05 14:56:52","","","","","","","Change and variation in a hyer-arid cultural landscape","","","","","The University of Bergen","","","","Master's Thesis","","","Google Scholar","","","","C:\Users\rache\Zotero\storage\ETRLCGMT\Andersen - 1999 - Change and variation in a hyer-arid cultural lands.pdf","","","","","","","","","","","","","","","","","","","","","","","","","","","","","","","","","","","","","","","","","","","","","","","","",""
"M5723KSM","journalArticle","2007","Miller, M.; Mann, Rebecca K.; Goldstein, Harland; Yount, James D.","Ecological investigations of the federally endangered Shivwits milk-vetch (Astragalus ampullarioides)–2006 annual report","US Geological Survey Open-File Report","","","","https://pubs.usgs.gov/of/2007/1050/of2007-1050.pdf","","2007","2024-10-05 14:57:46","2024-10-05 14:57:46","2024-10-05 14:56:55","","","","1050","","","","","","","","","","","","","","","Google Scholar","","","","C:\Users\rache\Zotero\storage\EVQU55HI\Miller et al. - 2007 - Ecological investigations of the federally endange.pdf","","","","","","","","","","","","","","","","","","","","","","","","","","","","","","","","","","","","","","","","","","","","","","","","",""
"Y3QZPUEG","book","2011","Weng, Ensheng","Understanding ecosystem carbon dynamics by modeling approaches","","","","","https://search.proquest.com/openview/4ac8363d0f0a369c9c3b8d9fde6adf60/1?pq-origsite=gscholar&cbl=18750","","2011","2024-10-05 14:57:46","2024-10-05 14:57:46","2024-10-05 14:56:58","","","","","","","","","","","","The University of Oklahoma","","","","","","","Google Scholar","","","","C:\Users\rache\Zotero\storage\A7P7KAPS\Weng - 2011 - Understanding ecosystem carbon dynamics by modelin.pdf","","","","","","","","","","","","","","","","","","","","","","","","","","","","","","","","","","","","","","","","","","","","","","","","",""
"CDKF6UC8","journalArticle","2012","Luther‐Mosebach, Jona; Dengler, Jürgen; Schmiedel, Ute; Röwer, Inga Ute; Labitzky, Timo; Gröngröft, Alexander","A first formal classification of the <span style=""font-variant:small-caps;"">H</span> ardeveld vegetation in <span style=""font-variant:small-caps;"">N</span> amaqualand, <span style=""font-variant:small-caps;"">S</span> outh <span style=""font-variant:small-caps;"">A</span> frica","Applied Vegetation Science","","1402-2001, 1654-109X","10.1111/j.1654-109X.2011.01173.x","https://onlinelibrary.wiley.com/doi/10.1111/j.1654-109X.2011.01173.x","Abstract                            Questions                                The                 S                 ucculent                 K                 aroo is a winter‐rainfall desert in southern                 A                 frica with a highly diverse flora. Which environmental factors differentiate vegetation composition at the plot level: How can compositional pattern be best represented by a formal phytosociological classification.                                                        Location                                Soebatsfontein communal area and surroundings in the                 N                 amaqualand                 H                 ardeveld                 B                 ioregion of the                 S                 ucculent                 K                 aroo                 B                 iome,                 N                 orthern                 C                 ape                 P                 rovince,                 S                 outh                 A                 frica.                                                        Methods                                We recorded vascular plant species composition, together with a range of structural and soil parameters as well as grazing intensity, in 355 plots of 100 m² size. This sample covered all vegetation types of the study area except those of river beds and anthropogenic sites. Vegetation classification was carried out using modified                 TWINSPAN                 followed by manual re‐arrangement of a subset of plots with the aim of increasing floristic distinctiveness of the vegetation units. For the final vegetation units, we determined diagnostic species and environmental parameters, according to phi‐values and                 ANOVA                 , respectively, and translated these into a phytosociological classification.                                                        Results                                The major factor influencing species composition and richness was soil salinity. At a broad scale, the less saline sites could be differentiated into sandy plains and rocky hills, and the saline sites into quartz fields, the centres of                 heuweltjies                 (termitaria) and the matrix between. We translated these patterns into two phytosociological classes with four orders, six alliances and 16 associations. Most of the syntaxa are very well defined in floristic terms, and all except the                                    O                   thonnion cylindricae                                  are new to science. The                                    H                   ermannio trifurcae‐                   Z                   ygophylletea morgsanae                                  represents the zonal vegetation of marginally saline soils, the                                    D                   idelto carnosae‐                   C                   ephalophylletea inaequalis                                  the vegetation of saline soils. The vegetation of the extremely saline quartz patches probably belongs to a third class not described here due to the scarcity of representative plots.                                                        Conclusions                                Our phytosociological approach allowed the various degrees of ecological and floristic similarity to be represented by syntaxa of different ranks. A comparison with previous classifications from the                 S                 ucculent                 K                 aroo revealed a high spatial turnover, with only two of our alliances and none of our associations coinciding with those found in previously studied areas of the                 S                 ucculent                 K                 aroo. Our formal classification has the potential to be a powerful tool for local land use, ecological comparison and conservation, and to contribute to a future national phytosociological classification of                 S                 outh                 A                 frica.","2012-08","2024-10-05 14:57:46","2024-10-05 14:57:46","2024-10-05 14:56:58","401-431","","3","15","","Applied Vegetation Science","A first formal classification of the <span style=""font-variant","","","","","","","en","http://onlinelibrary.wiley.com/termsAndConditions#vor","","","","DOI.org (Crossref)","","","","","","","","Schaminée, Joop","","","","","","","","","","","","","","","","","","","","","","","","","","","","","","","","","","","","","","","","","","","","",""
"IIWBGR9V","journalArticle","2023","Ali, Arshad","Biodiversity–ecosystem functioning research: Brief history, major trends and perspectives","Biological Conservation","","","","https://www.sciencedirect.com/science/article/pii/S0006320723003117","","2023","2024-10-05 14:57:46","2024-10-05 14:57:46","2024-10-05 14:57:01","110210","","","285","","","Biodiversity–ecosystem functioning research","","","","","","","","","","","","Google Scholar","","Publisher: Elsevier","","C:\Users\rache\Zotero\storage\YJTSSNXH\S0006320723003117.html","","","","","","","","","","","","","","","","","","","","","","","","","","","","","","","","","","","","","","","","","","","","","","","","",""
"3JPW7EP5","journalArticle","2010","Dwyer, John M.; Fensham, Rod J.; Fairfax, Russell J.; Buckley, Yvonne M.","Neighbourhood effects influence drought-induced mortality of savanna trees in Australia","Journal of Vegetation Science","","11009233, 16541103","10.1111/j.1654-1103.2009.01167.x","https://onlinelibrary.wiley.com/doi/10.1111/j.1654-1103.2009.01167.x","","2010-06","2024-10-05 14:57:46","2024-10-05 14:57:46","2024-10-05 14:57:01","573-585","","3","21","","","","","","","","","","en","http://doi.wiley.com/10.1002/tdm_license_1.1","","","","DOI.org (Crossref)","","","","C:\Users\rache\Zotero\storage\2DK7247Y\Dwyer et al. - 2010 - Neighbourhood effects influence drought-induced mo.pdf","","","","","","","","","","","","","","","","","","","","","","","","","","","","","","","","","","","","","","","","","","","","","","","","",""
"Q8CDUL3T","journalArticle","2018","Eldridge, David J.; Delgado‐Baquerizo, Manuel; Travers, Samantha K.; Val, James; Oliver, Ian; Dorrough, Josh W.; Soliveres, Santiago","Livestock activity increases exotic plant richness, but wildlife increases native richness, with stronger effects under low productivity","Journal of Applied Ecology","","0021-8901, 1365-2664","10.1111/1365-2664.12995","https://besjournals.onlinelibrary.wiley.com/doi/10.1111/1365-2664.12995","Abstract                                                                Grazing by domestic livestock is one of the most widespread land uses world‐wide, particularly in rangelands, where it co‐occurs with grazing by wild herbivores. Grazing effects on plant diversity are likely to depend on intensity of grazing, herbivore type, co‐evolution with plants and prevailing environmental conditions.                                                                          We collected data on climate, plant productivity, soil properties, grazing intensity and herbivore type, and we measured their effects on plant species richness from 451 sites across 0.4 M km                     2                     of semi‐arid rangelands in eastern Australia. We used structural equation modelling to examine the direct and indirect effects of increasing grazing intensity by different herbivores (cattle, sheep, kangaroos, rabbits) on native and exotic plant species richness across all sites, and in subsets focusing on three woodland communities spanning a gradient in productivity.                                                                        Direct effects of grazing by all herbivores were strongest under low productivity but waned with increasing productivity. Increases in the intensity of recent and historic livestock grazing corresponded with greater exotic plant richness under low productivity and less native plant richness under both low and moderate productivity. Rabbit effects were greatest under moderate productivity. Overall, the effects of kangaroos were benign. Grazing indirectly affected native and exotic plant richness by increasing soil phosphorus and reducing soil health (i.e. nutrient cycling).                                                                          Synthesis and applications                     . Our study shows that livestock grazing increases exotic species richness but reduces native richness, while kangaroo grazing increases native richness in environments with low productivity. The results provide clear messages for land managers and policy makers: (1) the coexistence of livestock grazing and plant diversity is only possible within more productive environments and (2) grazing under low or moderate productivity will impact upon native and exotic plant richness.                                                                           ,              Our study shows that livestock grazing increases exotic species richness but reduces native richness, while kangaroo grazing increases native richness in environments with low productivity. The results provide clear messages for land managers and policy makers: (1) the coexistence of livestock grazing and plant diversity is only possible within more productive environments and (2) grazing under low or moderate productivity will impact upon native and exotic plant richness.                            Editor's Choice","2018-03","2024-10-05 14:57:46","2024-10-05 14:57:46","2024-10-05 14:57:08","766-776","","2","55","","Journal of Applied Ecology","","","","","","","","en","http://onlinelibrary.wiley.com/termsAndConditions#vor","","","","DOI.org (Crossref)","","","","","","","","Müller, Jörg","","","","","","","","","","","","","","","","","","","","","","","","","","","","","","","","","","","","","","","","","","","","",""
"MZZ2ZRQW","thesis","2013","Ruoss, Sacha B.","Restoration ecology of rare shallow-soil endemic flora from a semi-arid biodiversity hotspot","","","","","https://research-repository.uwa.edu.au/files/3227644/Ruoss_Sacha_B_2013.pdf","","2013","2024-10-05 14:57:46","2024-10-05 14:57:46","2024-10-05 14:57:10","","","","","","","","","","","","University of Western Australia","","","","PhD Thesis","","","Google Scholar","","","","C:\Users\rache\Zotero\storage\NL4X8XC6\Ruoss - 2013 - Restoration ecology of rare shallow-soil endemic f.pdf","","","","","","","","","","","","","","","","","","","","","","","","","","","","","","","","","","","","","","","","","","","","","","","","",""
"UY8FPTN2","journalArticle","2000","Valleys, Intermountain; Slopes, Lower Mountain","NEIL E. WEST JAMES A. YOUNG","North American Terrestrial Vegetation","","","","https://books.google.com/books?hl=en&lr=&id=IZZZd6qdwEcC&oi=fnd&pg=PA255&dq=%22inverse+texture%22+OR+%22inverse-texture%22&ots=oQh4X5FeWl&sig=d9qce4KIJAwcfnUzfi0Ak5FVkIE","","2000","2024-10-05 14:57:46","2024-10-05 14:57:46","2024-10-05 14:57:16","255","","","","","","","","","","","","","","","","","","Google Scholar","","Publisher: Cambridge University Press","","","","","","","","","","","","","","","","","","","","","","","","","","","","","","","","","","","","","","","","","","","","","","","","","","",""
"I5PT9YEF","book","2009","Grigg, Alasdair M.","An ecophysiological approach to determine problems associated with mine-site rehabilitation: a case study in the Great Sandy Desert, north-western Australia","","","","","https://research-repository.uwa.edu.au/files/3219086/Grigg_M_Alasdair_2009.pdf","","2009","2024-10-05 14:57:46","2024-10-05 14:57:46","2024-10-05 14:57:19","","","","","","","An ecophysiological approach to determine problems associated with mine-site rehabilitation","","","","","University of Western Australia","","","","","","","Google Scholar","","","","C:\Users\rache\Zotero\storage\ETD5AUP2\Grigg - 2009 - An ecophysiological approach to determine problems.pdf","","","","","","","","","","","","","","","","","","","","","","","","","","","","","","","","","","","","","","","","","","","","","","","","",""
"NJIZQ8WM","journalArticle","2014","Alcalay, Yehonatan; Ovadia, Ofer; Scharf, Inon","Behavioral repeatability and personality in pit-building antlion larvae under differing environmental contexts","Behavioral Ecology and Sociobiology","","0340-5443, 1432-0762","10.1007/s00265-014-1804-x","http://link.springer.com/10.1007/s00265-014-1804-x","","2014-12","2024-10-05 14:57:46","2024-10-05 14:57:46","2024-10-05 14:57:19","1985-1993","","12","68","","Behav Ecol Sociobiol","","","","","","","","en","","","","","DOI.org (Crossref)","","","","C:\Users\rache\Zotero\storage\8GXYU3T9\Alcalay et al. - 2014 - Behavioral repeatability and personality in pit-bu.pdf","","","","","","","","","","","","","","","","","","","","","","","","","","","","","","","","","","","","","","","","","","","","","","","","",""
"TUVX3LD8","book","2011","McCallum, Kimberly C.","Regeneration in a changing climate: Modeling and experimental investigations of Pinus edulis recruitment","","","","","https://search.proquest.com/openview/90caafbc85b31b9b5f3c09c1726e9543/1?pq-origsite=gscholar&cbl=18750","","2011","2024-10-05 14:57:46","2024-10-05 14:57:46","2024-10-05 14:57:22","","","","","","","Regeneration in a changing climate","","","","","Northern Arizona University","","","","","","","Google Scholar","","","","","","","","","","","","","","","","","","","","","","","","","","","","","","","","","","","","","","","","","","","","","","","","","","","","",""
"DDM9XXFM","thesis","2017","Yang, Xuebin","Research on Texas savannas: fractional woody cover mapping, potential woody cover modelling, and woody plant encroachment analysis","","","","","https://repositories.lib.utexas.edu/items/379e5f60-cf67-4eb9-a7ca-f793e7542dec","","2017","2024-10-05 14:57:46","2024-10-05 14:57:46","2024-10-05 14:57:28","","","","","","","Research on Texas savannas","","","","","","","","","PhD Thesis","","","Google Scholar","","","","C:\Users\rache\Zotero\storage\4NCQAYYI\Yang - 2017 - Research on Texas savannas fractional woody cover.pdf","","","","","","","","","","","","","","","","","","","","","","","","","","","","","","","","","","","","","","","","","","","","","","","","",""
"Z9CRDQBD","journalArticle","2019","Sanaei, Anvar; Ali, Arshad","What is the role of perennial plants in semi-steppe rangelands? Direct and indirect effects of perennial on annual plant species","Ecological Indicators","","","","https://www.sciencedirect.com/science/article/pii/S1470160X18308744","","2019","2024-10-05 14:57:46","2024-10-05 14:57:46","2024-10-05 14:57:31","389–396","","","98","","","What is the role of perennial plants in semi-steppe rangelands?","","","","","","","","","","","","Google Scholar","","Publisher: Elsevier","","C:\Users\rache\Zotero\storage\WDV28MCZ\S1470160X18308744.html","","","","","","","","","","","","","","","","","","","","","","","","","","","","","","","","","","","","","","","","","","","","","","","","",""
"TPGA5DQF","book","2003","Brown, Karl Eric","Mapping and modeling leafy spurge spread in Theodore Roosevelt National Park, North Dakota using spatial information and spatial statistics","","","","","https://search.proquest.com/openview/bad71785125c1fa19a4c1766a26c7752/1?pq-origsite=gscholar&cbl=18750&diss=y","","2003","2024-10-05 14:57:46","2024-10-05 14:57:46","2024-10-05 14:57:34","","","","","","","","","","","","Colorado State University","","","","","","","Google Scholar","","","","C:\Users\rache\Zotero\storage\QXKDS87U\305337328.html","","","","","","","","","","","","","","","","","","","","","","","","","","","","","","","","","","","","","","","","","","","","","","","","",""
"6NQGADXS","book","2008","Buyantuyev, Alexander","Effects of urbanization on landscape pattern and ecosystem function in Phoenix: A multiscale study","","","","","https://search.proquest.com/openview/4be446df3a56b26e3b9a234a3b9e1921/1?pq-origsite=gscholar&cbl=18750","","2008","2024-10-05 14:57:46","2024-10-05 14:57:46","2024-10-05 14:57:37","","","","","","","Effects of urbanization on landscape pattern and ecosystem function in Phoenix","","","","","Arizona State University","","","","","","","Google Scholar","","","","","","","","","","","","","","","","","","","","","","","","","","","","","","","","","","","","","","","","","","","","","","","","","","","","",""
"MZFLX8TL","journalArticle","2012","Stark, Brian Jameson","Assessing Eolian Dust Inputs to Soils in Dry Creek Experimental Watershed, SW Idaho","","","","","https://scholarworks.boisestate.edu/td/323/","","2012","2024-10-05 14:57:46","2024-10-05 14:57:46","2024-10-05 14:57:40","","","","","","","","","","","","","","","","","","","Google Scholar","","","","C:\Users\rache\Zotero\storage\35953KYJ\Stark - 2012 - Assessing Eolian Dust Inputs to Soils in Dry Creek.pdf","","","","","","","","","","","","","","","","","","","","","","","","","","","","","","","","","","","","","","","","","","","","","","","","",""
"IZPG2FJB","journalArticle","2019","Whipple, Amy V.; Cobb, Neil S.; Gehring, Catherine A.; Mopper, Susan; Flores-Rentería, Lluvia; Whitham, Thomas G.","Long-term studies reveal differential responses to climate change for trees under soil-or herbivore-related stress","Frontiers in Plant Science","","","","https://www.frontiersin.org/articles/10.3389/fpls.2019.00132/full","","2019","2024-10-05 14:57:46","2024-10-05 14:57:46","2024-10-05 14:57:43","132","","","10","","","","","","","","","","","","","","","Google Scholar","","Publisher: Frontiers Media SA","","C:\Users\rache\Zotero\storage\AI7XU3PF\Whipple et al. - 2019 - Long-term studies reveal differential responses to.pdf","","","","","","","","","","","","","","","","","","","","","","","","","","","","","","","","","","","","","","","","","","","","","","","","",""
"PHPVBU86","book","1997","Dodd, Michael Bryan","The control of vegetation structure by soil texture effects in the North American shortgrass steppe","","","","","https://search.proquest.com/openview/035d0f7308b287ea08175a36ad970b6f/1?pq-origsite=gscholar&cbl=18750&diss=y","","1997","2024-10-05 14:57:46","2024-10-05 14:57:46","2024-10-05 14:57:46","","","","","","","","","","","","Colorado State University","","","","","","","Google Scholar","","","","C:\Users\rache\Zotero\storage\ELAIJYP9\304334329.html","","","","","","","","","","","","","","","","","","","","","","","","","","","","","","","","","","","","","","","","","","","","","","","","",""
"M7HPIDUF","journalArticle","1989","Tongway, D. J.; Ludwig, J. A.; Whitford, W. G.","Mulga log mounds: Fertile patches in the semi-arid woodlands of eastern Australia","Australian Journal of Ecology","","1442-9993","10.1111/j.1442-9993.1989.tb01436.x","https://onlinelibrary.wiley.com/doi/abs/10.1111/j.1442-9993.1989.tb01436.x","In the semi-arid woodland of eastern Australia, soil mounds are often associated with fallen mulga (Acacia aneura) trees. Measurements of the physical and chemical properties of the soils in these mounds compared with surrounding soils, together with differences in herbage growth responses, indicate that these mounds are fertile patches, with possible importance as habitats for soil fauna and as refugia for a range of organisms during drought. The mound soil material may accumulate by fluvial, aeolian or rain-splash deposition about the fallen log, however, some of the mound material was derived from termite feeding gallery structures. The surface feeding gallery material may be comprised of soil particles from within the mound or from tunnels and storage galleries below the mound, and probably depends on the termite species.","1989","2024-10-05 16:08:09","2024-10-05 16:08:09","2024-10-05 16:08:09","263-268","","3","14","","","Mulga log mounds","","","","","","","en","","","","","Wiley Online Library","","_eprint: https://onlinelibrary.wiley.com/doi/pdf/10.1111/j.1442-9993.1989.tb01436.x","","C:\Users\rache\Zotero\storage\3PSNAQDM\j.1442-9993.1989.tb01436.html; C:\Users\rache\Zotero\storage\IQL89VLT\Tongway et al. - 1989 - Mulga log mounds Fertile patches in the semi-arid.pdf","","","","","","","","","","","","","","","","","","","","","","","","","","","","","","","","","","","","","","","","","","","","","","","","",""
"QGTUHDIL","journalArticle","2023","Zhang, Hongwei; Tian, Lihui; Hasi, Eerdun; Zhang, Dengshan; Wu, Wangyang","Vegetation–soil dynamics in an alpine desert ecosystem of the Qinghai Lake watershed, northeastern Qinghai–Tibet Plateau","Frontiers in Environmental Science","","2296-665X","10.3389/fenvs.2023.1119605","https://www.frontiersin.org/journals/environmental-science/articles/10.3389/fenvs.2023.1119605/full","<p>Different types of dunes cause habitat differences, which can affect vegetation growth. In turn, water utilized by vegetation leads to the differential distribution of soil moisture in different dunes. However, vegetation–soil dynamics in the alpine desert of the Qinghai–Tibet Plateau remain poorly understood. We chose the largest section of desert along the eastern shore of Qinghai Lake as a study area to test the hypotheses that plant community characteristics and soil physicochemical properties show differences in different sand-binding communities, in addition to soil moisture content, based on methods of field investigations and <italic>in situ</italic> observations. The main results were as follows:1) Plant community species diversity and herb coverage increased with the stabilization status of dunes; meanwhile, coverage increased with the age of the added artificial semi-fixed dunes. 2) Surface deposits were mainly composed of medium sand, leading to low organic matter and nutrient content in the study area; this being different from other deserts in northern China. 3) Soil moisture’s seasonal variation was consistent with rainfall seasonality and lacked significant interannual differences, while its vertical distribution was influenced by precipitation infiltration. 4) Soil crust forms beneath specific species, such as leguminous plants in the study area, which should be effective at preventing wind erosion. Our findings will facilitate a mechanistic understanding of plant–soil–water relationships in alpine deserts and provide timely information for screening introduced species for enhancing sand-fixation effectiveness.</p>","2023-02-16","2024-10-06 15:29:17","2024-10-06 15:29:17","2024-10-06 15:29:17","","","","11","","Front. Environ. Sci.","","","","","","","","English","","","","","Frontiers","","Publisher: Frontiers","","C:\Users\rache\Zotero\storage\T82YSADS\Zhang et al. - 2023 - Vegetation–soil dynamics in an alpine desert ecosy.pdf","","","Qinghai Lake; Sand dunes; soil moisture; soil properties; vegetation communities","","","","","","","","","","","","","","","","","","","","","","","","","","","","","","","","","","","","","","","","","","","","","",""
"8AKNHESE","thesis","2008","Herpel, Nicole","The Scale-Dependent Variability of Topsoil Properties Reflecting Ecosystem Patchiness in Drylands of Southern Africa","","","","","https://ediss.sub.uni-hamburg.de/handle/ediss/2264","A part of the ecosystem, soils control the composition and abundance of plants and animals and vice versa. Thus biodiversity and pedodiversity are directly linked and also reflect geologic, topographic, climatic and anthropogenic influences. In drylands, small scale patchiness of soil properties and vegetation affects the distribution of water and nutrients and therefore ecosystem functions. However, despite this obvious significance, processes linking pattern and scale are not yet completely understood in these environments. Therefore, this work aims at investigating the variability of topsoil properties, their scale-dependent patterns, their drivers and underlying processes with the focus on the micro- (dm2 - 1 m2) and the mesoscale (1 m2 - 1000 m2). The work was conducted within the scope of the BIOTA Southern Africa project and ties in with the work of Petersen (2008), who analysed soils on a habitat and landscape scale on the same sites. Field work was conducted on or in direct vicinity to three standardised BIOTA observatories of which the ""Soebatsfontein"" observatory was located in the Succulent Karoo of South Africa and ""Gellap"" and ""Nabaos"" in the Namibian Nama Karoo. The study sites were comparable in terms of geologic and geomorphologic diversity and the annual amount of precipitation; yet they differed in rain regime (Succulent Karoo: winter rain, Nama Karoo: summer rain), vegetation and landscape dynamics. The two sites in the Nama Karoo were furthermore differentiated by contrasting landuse practices (Nabaos: communal open access farming, Gellap: commercial land management with fenced camps and grazing control). A special feature of Soebatsfontein is the occurrence of fossil termite mounds, so-called ""heuweltjies"", in the landscape that exhibit a noteworthy structuring effect. For the assessment of topsoil variability, the landscapes were subdivided into nested scales in a hierarchical system with • D1: representing the landscape scale and its degradation state (Succulent Karoo, severely and weakly degraded Nama Karoo) • D2: structuring the landscape into habitat units (e.g. Mountain Top, Slopes) • D3: subdividing habitats into mesoscale units (e.g. Matrix soils, heuweltjie centres, heuweltjie margins, different deposits of sedimentation) • D4: representing the microscale patches (e.g. open soil, plant canopy, biological soil crusts). Seven small scale study sites covering the most abundant D3-units were established in Soebatsfontein, ranging in size between 20 and 150 m2. High precision surveys were conducted on each of these sites that generated the basic data for the creation of digital elevation models (DEM). These provided information about the areal range of D3 and D4-units, the distribution of perennial plant species and test- and sampling points. The same approach was applied for Gellap and Nabaos. Here, two small scale study areas were established and surveyed on each site, ranging in size between 1,050 and 5,600 m2.  Samples of the 0-10 cm topsoil were taken separately with regard to three layers 0-1, 1-5 and 5-10 cm on five locations within each D4-unit. With this procedure, a statistical analysis was assured. The samples were analysed in the laboratory according to a set of standardised parameters that comprised pH, EC, Corg, Nt, Cinorg, total element contents, watersoluble ions, texture (in composite samples) and plant available nutrients (Kdl, Pdl). Furthermore, field tests were conducted on selected D4-units on all observatories (determination of topsoil water contents after rain events, single ring infiltration rates). The data set derived from 498 soil samples in Soebatsfontein and 363 soil samples in Gellap and Nabaos was analysed with regard to the detection of patterns on the D3- and D4-scale, the influence of microtopography and the composition of total variability in the data set in terms of differentiation into units of the scales D1 to D4, differentiation into the three topsoil layers and residual variability, the latter representing the unexplained variability occurring within the scale-units. An additional subchapter dealt with the field test measuring of small-scale hydrology effects. The main results derived for Soebatsfontein comprised the following findings: • Total variability was most strongly explained by differentiation of the data into D4- and D3-units, whereas the differentiation into D2-units explained only a small percentage of variability. • On the D3-scale, differentiation of slopes into heuweltjies and matrix had strong influence on topsoil variability in terms of pH, Cat, Mnt, Znt, Pt and plant available nutrients. The expected influence of rock fringe units on rocky outcrop areas in terms of additional nutrient supply was only partly confirmed. • On the D4-scale, comparisons of biological encrusted (BSC) and non-crusted open soil resulted in higher pH-values, lower C/N-ratios, higher silt contents within the first centimetre and corresponding increased values of particular total element contents (e.g. Mnt) on BSC-sites. Expected increased values of Nt, Corg and nutrients as described in literature were not found. • Plant canopy sites showed the fertility island-effect: topsoil below plant crowns relative to adjacent open soil was enriched in organic matter, had increased pH-values and higher contents of coarse fractions when comparing the texture. Partly,the soil was also enriched in nutrients. • Smallscale-topography showed effects on the mesoscale and in some examples explained the variability between D4-units. Correlations between microtopography and selected soil properties within D4-units were not found and could therefore not be used to explain additional percentages of variability below the D4 and Layer-hierarchical level. The main results derived for Gellap and Nabaos can be summarised as follows: • D3-units were far less determinant with regard to variability compared to Soebatsfontein due to a strong homogenising effect of landscape dynamics • D4-patchiness was far less pronounced compared to Soebatsfontein: apart from one crusted and one grassy patch, differentiation on D4-scale was limited to the alteration of open soil and much less abundant shrub patches. • The comparison of the D4-units open soil and shrub canopy resulted in strong differentiation in terms of increased Nt-, Corg, C/N- and EC-values as well as increased infiltration rates below shrubs. • In terms of microtopography, the size of phytogenic mounds showed strong positive correlations with the parameters pH, EC, Kdl and St. Between phytogenic mounds and the parameters Corg, Nt and C/N-ratios lower r-values were obtained. • Total variability was not affected by D2 in terms of pHH2O and EC2.5, but was more strongly determined by D2 with regard to those parameters that indicated parent material. • Differences in the two grazing systems were found with regard to higher pH-values in Nabaos which were attributed to geologic effects; lower nutrient contents in Nabaos indicated by lower NO3-, Corg-, Nt- and EC-values; and stronger pronounciation of shrub - open soil differentiation which was referred to either a stronger need of plants for facilitation, or the stronger destruction of Corg in open soil patches due to the degradation-induced lack of grasses and other structuring elements. • Hydrology experiments could exemplify the infiltration-controlled interaction of run-off and run-on on the small scale and the corresponding patchiness of soil water contents after a rain-event. From the findings on topsoil patchiness in the two case studies, processes on the D4-scale were deduced that are regarded as potential drivers of differentiation in dryland ecosystems in general. The main processes were combined to the process complexes small scale distribution of water, distribution of water-soluble ions, humus and nutrient accumulation and organic matter decomposition, establishment of BSC, bioturbation and trampling, wind erosion and wind accumulation. On the next hierarchical level, D3, which was also a focus of this work, differentiations were mainly driven by water- and material translocations and by biological activity. The Succulent Karoo and the Nama Karoo were found to vary strongly in terms of small-scale patterning despite the above-mentioned comparable preconditions. The causes for this phenomenon were linked to large scale impacts such as climate, geology and landuse. In the conclusion, the implications for further research and future challenges for the management of drylands are outlined.","2008","2024-10-06 15:29:35","2024-10-06 15:29:35","2024-10-06 15:29:35","","","","","","","","","","","","Staats- und Universitätsbibliothek Hamburg Carl von Ossietzky","","en","http://purl.org/coar/access_right/c_abf2","doctoralThesis","","","ediss.sub.uni-hamburg.de","","Accepted: 2020-10-19T12:22:36Z Journal Abbreviation: Die skalenabhängige Variabilität von Oberboden-Eigenschaften als Indikator kleinräumiger Musterbildungen in Trockengebieten des südlichen Afrikas","","C:\Users\rache\Zotero\storage\5NHKJXZU\2264.html","","","","","","","","","","","","","","","","","","","","","","","","","","","","","","","","","","","","","","","","","","","","","","","","",""
"ZRUZS3WQ","journalArticle","2022","Holguin, Jennifer; Collins, Scott L.; McLaren, Jennie R.","Belowground responses to altered precipitation regimes in two semi-arid grasslands","Soil Biology and Biochemistry","","0038-0717","10.1016/j.soilbio.2022.108725","https://www.sciencedirect.com/science/article/pii/S0038071722001821","Predicted climate change extremes, such as severe or prolonged drought, may considerably impact carbon (C) and nitrogen (N) cycling in water-limited ecosystems. However, we lack a clear and mechanistic understanding of how extreme climate change events impact ecosystem processes belowground. This study investigates the effects of five years of reoccurring extreme growing season drought (66% reduction, extreme drought treatment) and two-month delay in monsoon precipitation (delayed monsoon treatment) on belowground productivity and biogeochemistry in two geographically adjacent semi-arid grasslands: Chihuahuan Desert grassland dominated by Bouteloua eriopoda and Great Plains grassland dominated by B. gracilis. After five years, extreme drought reduced belowground net primary productivity (BNPP) in the Chihuahuan Desert grassland but not in the Great Plains grassland. Across both grasslands, extreme drought increased soil pH and available soil nutrients nitrate and phosphate. The delayed monsoon treatment reduced BNPP in both grasslands. However, while available soil nitrate decreased in the Chihuahuan Desert grassland, the delayed monsoon treatment overall had little effect on soil ecosystem properties. Extreme drought and delayed monsoon treatments did not significantly impact soil microbial biomass, exoenzyme potentials, or soil C stocks relative to ambient conditions. Our study demonstrates that soil microbial biomass and exoenzyme activity in semi-arid grasslands are resistant to five years of extreme and prolonged growing season drought despite changes to soil moisture, belowground productivity, soil pH, and nutrient availability.","2022-08-01","2024-10-06 15:30:05","2024-10-06 15:30:05","2024-10-06 15:30:05","108725","","","171","","Soil Biology and Biochemistry","","","","","","","","","","","","","ScienceDirect","","","","C:\Users\rache\Zotero\storage\PI7KZUT3\S0038071722001821.html","","","Belowground net primary productivity; Extracellular enzymes; Extreme drought; Microbial biomass; Precipitation seasonality; Soil C and N","","","","","","","","","","","","","","","","","","","","","","","","","","","","","","","","","","","","","","","","","","","","","",""
"L63MHCJG","journalArticle","2015","Xu, Xiaoming; Li, Dejun; Luo, Yiqi","Modeled ecosystem responses to intra-annual redistribution and levels of precipitation in a prairie grassland","Ecological Modelling","","0304-3800","10.1016/j.ecolmodel.2014.11.010","https://www.sciencedirect.com/science/article/pii/S0304380014005687","Global models projected that, precipitation in Great Plains of the United States will decrease in summer and increase in spring and winter. However, few studies had carefully examined ecosystem responses to this intra-annual redistribution of precipitation. Here we used a process-based model, Terrestrial ECOsystem (TECO) Model, to evaluate responses of ecosystem carbon processes (including net primary production (NPP), heterotrophic respiration (Rh), and net ecosystem production (NEP)) and hydrological cycles (including evapotranspiration, and runoff) to precipitation redistribution at three levels (−50%, ambient, and +50% precipitation) in five soil textures (sand, sandy loam, loam, silt loam, and clay loam). Redistribution was designed by subtracting 40% summer precipitation and adding to spring and fall. Results showed that precipitation redistribution decreased NPP, Rh, and NEP at all three precipitation levels. Responses of NPP, Rh, and NEP differed in five soil textures. Redistribution slightly increased runoff and decreased evapotranspiration. Runoff was higher in coarse textured soils and lower in fine textured soils. Responses of evapotranspiration were contrary to runoff. Precipitation levels and redistribution had little effect on mean annual soil water content (SWC), especially in coarse textured soils. Our results indicated that, besides amount and timing of precipitation, the intra-annual redistribution could also affect ecosystem carbon and water processes. Moreover, the extent to which the ecosystem responses to redistribution of precipitation is largely controlled by soil texture.","2015-02-10","2024-10-06 15:30:39","2024-10-06 15:30:39","2024-10-06 15:30:39","33-41","","","297","","Ecological Modelling","","","","","","","","","","","","","ScienceDirect","","","","C:\Users\rache\Zotero\storage\NRREHZDC\S0304380014005687.html","","","Carbon processes; Hydrological cycles; Intra-annual redistribution; Prairie grassland; Precipitation","","","","","","","","","","","","","","","","","","","","","","","","","","","","","","","","","","","","","","","","","","","","","",""
"CGTLT859","thesis","2006","Ignace, Danielle Denise","Functional responses of Sonoran Desert plant species to precipitation","","","","","https://www.proquest.com/docview/305351946/abstract/A84857E459744166PQ/1","Arid and semi-arid ecosystems of the southwestern U.S. are experiencing major changes that have profound impacts for community structure and ecosystem function. First, these ecosystems are experiencing dramatic shifts in vegetation composition as a result of the invasion of non-native species. Second these ecosystems are predicted to undergo substantial shifts in climate regime, which include increases in the variability and frequency of extreme temperature and precipitation events. It is not well understood how these current and predicted changes will affect the physiological performance of different plant types in arid and semi-arid ecosystems. To address the effect of these changes, this dissertation focused on the photosynthetic response of a native and non-native grass species, and dominant shrub species to precipitation across contrasting soil surfaces in southeastern Arizona. The native and non-native grasses were exposed to wet and dry seasonal precipitation and responses to precipitation events ('pulses') were measured over the course of a summer growing season. To gain a mechanistic understanding of these patterns, the biochemical and diffusion limitations to photosynthetic function were measured over the course of a pulse period. Building on this foundation, natural stands of the non-native grass species were exposed to sequences of different sized pulse events. The physiological performance of a dominant shrub species, Larrea tridentata , was measured in order to determine the biochemical and diffusional constraints to photosynthetic function across seasons and contrasting soil surfaces. The results showed that leaf area development of these grass species affects water availability and time lags in 15 photosynthetic response. Initial soil moisture conditions across contrasting soil surfaces influence the magnitude of photosynthetic response in grasses. Large photosynthetic responses of the non-native grass require large and consecutive precipitation pulses. Co-limitation of photosynthesis of Larrea tridentata by diffusion and biochemistry does not illustrate typical trends across seasons and soil surfaces. Overall results demonstrate the importance of determining the mechanisms responsible for observed leaf-level photosynthetic patterns across individual pulse events, seasons, and contrasting soil surfaces. This is especially important for predicting the magnitude of the response of plant communities in arid and semi-arid ecosystems to species invasions and changes in climate.","2006","2024-10-06 15:31:11","2024-10-06 15:43:33","2024-10-06 15:31:11","","216","","","","","","","","","","The University of Arizona","United States -- Arizona","English","Database copyright ProQuest LLC; ProQuest does not claim copyright in the individual underlying works.","Ph.D.","","","ProQuest","","ISBN: 9780542999604","","C:\Users\rache\Zotero\storage\B56FRL8Q\Ignace - Functional responses of Sonoran Desert plant speci.pdf","","","Biological sciences; Botany; Ecology; Nonnative plants; Plant; Precipitation; Sonoran Desert","","","","","","","","","","","","","","","","","","","","","","","","","","","","","","","","","","","","","","","","","","","","","",""
"IBPY6YDM","thesis","1999","Menezes, Romulo Simoes Cezar","Soil -plant -herbivore interactions and nutrient dynamics in semiarid grazing systems in northeastern Brazil and western USA","","","","","https://www.proquest.com/docview/304499464/abstract/7BEC104A61EB4AD0PQ/1","Nutrient cycling, availability, and use efficiency are key issues of sustainability and control important aspects of ecosystem function. In the series of studies in this dissertation, we evaluate how human-induced disturbances and interactions between soil, plants, and herbivores influence nutrient cycling, productivity, and ecosystem structure in semi-arid grazing systems in northeastern Brazil and Colorado, USA. We found that the presence of tree species within pastures of C. ciliaris in northeastern Brazil led to increases in soil nutrient levels, cycling rates, and availability in comparison to areas where all trees were removed. In Rocky Mountain National Park (RMNP), Colorado, we found that herbivores had a significant influence on nutrient pools, fluxes between pools, and also on ecosystem structure by possibly reducing the ability of Salix shrubs to take up N from the groundwater, which may affect the regeneration of Salix communities in that site. Overall, our findings indicate that the presence and preservation of trees or shrubs in the semi-arid grazing systems in northeastern Brazil and RMNP contributed to the maintenance of ecosystem function by increasing the capture, retention, and availability of nutrients and plant productivity in comparison to disturbed systems where the density of trees or shrubs was reduced.","1999","2024-10-06 15:31:39","2024-10-06 15:43:17","2024-10-06 15:31:39","","214","","","","","","","","","","Colorado State University","United States -- Colorado","English","Database copyright ProQuest LLC; ProQuest does not claim copyright in the individual underlying works.","Ph.D.","","","ProQuest","","ISBN: 9780599532922","","C:\Users\rache\Zotero\storage\MYKDP4GM\Menezes - Soil -plant -herbivore interactions and nutrient d.pdf","","","Biological sciences; Brazil; Ecology; Grazing; Nutrient dynamics; Semiarid; Soil sciences; Soil-plant-herbivore; Zoology","","","","","","","","","","","","","","","","","","","","","","","","","","","","","","","","","","","","","","","","","","","","","",""
"QIW8QH4Z","thesis","2006","Cable, Jessica Marie","Precipitation effects on soil carbon cycling in the Sonoran Desert","","","","","https://www.proquest.com/docview/305355780/abstract/53BC92A2350C48C8PQ/1","Biological activity in desert soils is driven by water availability. The nature of individual precipitation events is critical to understanding soil moisture availability. Rain falls as discrete events (pulses) that vary in size and sequencing, resulting in soil ""wet-dry cycles"". Soil organisms are responsive to wet-dry cycles with rapid changes inactivity. How soil activity is driven by changes in water content associated with individual pulses is poorly understood. The effects of precipitation on soil processes likely depend on ecosystem structure, which influences the soil environment. The goal of this dissertation was to determine how soil carbon cycling responds to precipitation in the context of ecosystem structure (plant composition, geomorphology) and climate. I used differences in stable carbon isotopic composition of soil organisms and plants to understand how positioning in the soil profile influences biological responses to different sized pulses. I evaluated how soil texture and grass species composition affect soil process response to rainfall in different seasons. I manipulated rainfall sequence to understand the interaction between closely spaced rainfall events of different sizes on soil processes. I evaluated the role of plant functional types in influencing soil microclimate and litter deposition and the response of soil processes to seasonal rainfall. Chamber measurements of soil and plant CO2 flux were used to understand their response to rainfall. I found that surface organisms are more responsive to small rainfall events due to the relationship between pulse size and infiltration. While soil texture and season of rainfall are important, the best predictor of the response of soil respiration to rainfall was initial activity levels. Grass species was not important. Grass roots and soil microbes differ in response to sequences of precipitation. Grasses responded less to subsequent large events if they were already 'activated' by a recent rainfall event. The effect of plant functional type was size dependent with differences occurring only with large shrubs. This work suggests that large scale simulations of soil carbon cycling in deserts should carefully consider wet-dry transitions in the context of plant functional type and initial soil condition in order to predict the responses to global change.","2006","2024-10-06 15:31:51","2024-10-06 15:47:18","2024-10-06 15:31:51","","200","","","","","","","","","","The University of Arizona","United States -- Arizona","English","Database copyright ProQuest LLC; ProQuest does not claim copyright in the individual underlying works.","Ph.D.","","","ProQuest","","ISBN: 9780542559334","","C:\Users\rache\Zotero\storage\T5L4RC76\Cable - Precipitation effects on soil carbon cycling in th.pdf","","","Biogeochemistry; Biological sciences; Carbon cycling; Earth sciences; Ecology; Precipitation; Soil carbon; Sonoran Desert","","","","","","","","","","","","","","","","","","","","","","","","","","","","","","","","","","","","","","","","","","","","","",""
"28FWXHDG","journalArticle","2007","Collins, D. B. G.; Bras, R. L.","Plant rooting strategies in water-limited ecosystems","Water Resources Research","","1944-7973","10.1029/2006WR005541","https://onlinelibrary.wiley.com/doi/abs/10.1029/2006WR005541","Root depth and distribution are vital components of a plant's strategy for growth and survival in water-limited ecosystems and play significant roles in hydrologic and biogeochemical cycling. Knowledge of root profiles is invaluable in measuring and predicting ecosystem dynamics, yet data on root profiles are difficult to obtain. We developed an ecohydrological model of environmental forcing, soil moisture dynamics, and transpiration to explore dependencies of optimal rooting on edaphic, climatic, and physiological factors in water-limited ecosystems. The analysis considers individual plants with fixed biomass. Results of the optimization approach are consistent with profiles observed in nature. Optimal rooting was progressively deeper, moving from clay to loam, silt and then sand, and in wetter and cooler environments. Climates with the majority of the rainfall in winter produced deeper roots than if the rain fell in summer. Long and infrequent storms also favored deeper rooting. Plants that exhibit water stress at slight soil moisture deficiencies consistently showed deeper optimal root profiles. Silt generated the greatest sensitivity to differences in climatic and physiological parameters. The depth of rooting is governed by the depth to which water infiltrates, as influenced by soil properties and the timing and magnitude of water input and evaporative demand. These results provide a mechanistic illustration of the diversity of rooting strategies in nature.","2007","2024-10-06 15:32:06","2024-10-06 15:32:06","2024-10-06 15:32:06","","","6","43","","","","","","","","","","en","Copyright 2007 by the American Geophysical Union.","","","","Wiley Online Library","","_eprint: https://onlinelibrary.wiley.com/doi/pdf/10.1029/2006WR005541","","C:\Users\rache\Zotero\storage\KTQL6WNR\Collins and Bras - 2007 - Plant rooting strategies in water-limited ecosyste.pdf; C:\Users\rache\Zotero\storage\VPW3TGV4\2006WR005541.html","","","Ecohydrology; optimization; roots; soil moisture","","","","","","","","","","","","","","","","","","","","","","","","","","","","","","","","","","","","","","","","","","","","","",""
"6IGTZY4S","journalArticle","2022","Abbasi, Umar Aftab; Mattsson, Eskil; Nissanka, Sarath Premalal; Ali, Arshad","Biological, structural and functional responses of tropical forests to environmental factors","Biological Conservation","","0006-3207","10.1016/j.biocon.2022.109792","https://www.sciencedirect.com/science/article/pii/S0006320722003457","As compared to temperate and boreal forests, the majority of tropical forests are biodiverse, structurally-complex and high-functioning ecosystems, yet their potential attributes are vulnerable to anthropogenic disturbances and environmental factors. Here, we hypothesize that the biological, structural and functional attributes of tropical forests respond to water-related climatic and soil nutrient-related factors. Thus, we quantified 27 forest attributes and 20 environmental factors across 189 plots of Sri Lankan tropical forests. Our results suggest that environmental conditions were characterized by both water-related and temperature-related factors, and as such, both coarse-textured and compacted-structured soils determined soil conditions. Forest conditions were characterized by high species-functional diversity, structural complexity and aboveground biomass-related functions. We found strong positive effects of water-related climatic factors (particularly mean annual precipitation) followed by temperature-related climatic factors (i.e., growing degree days) but negligible positive to negative effects of textured-related (i.e., gravel contents) and nutrient-related (i.e., bulk density) soil factors on most of the biological, structural and functional attributes. Overall the biodiversity and carbon stocks of Sri Lankan tropical forests are likely to increase with water-energy balance and improved soil conditions, and thus, studied forests could offset a substantial quantity of anthropogenic carbon emissions to achieve carbon neutrality which can have both regional and global significance if protected from anthropogenic disturbances. Broadly, this study suggests that conservation practices should consider multiple environmental and biotic attributes of the tropical forests during forest management which can have a win-win situation for biodiversity conservation and climate change mitigation.","2022-12-01","2024-10-06 15:34:10","2024-10-06 15:34:10","2024-10-06 15:34:10","109792","","","276","","Biological Conservation","","","","","","","","","","","","","ScienceDirect","","","","C:\Users\rache\Zotero\storage\XZDZVX4T\S0006320722003457.html","","","Biodiversity; Climate change; Drought; Ecosystem functions; Forest structure; Soil","","","","","","","","","","","","","","","","","","","","","","","","","","","","","","","","","","","","","","","","","","","","","",""
"9CEPCMYR","thesis","2015","Field, John L.","Towards the systematic identification of low-cost ecosystem-mediated carbon sequestration opportunities in bioenergy supply chains","","","","","https://www.proquest.com/docview/1719467003/abstract/7B87883E81DD46E7PQ/1","Because the dedicated production of terrestrial biomass feedstocks involves the fixation of atmospheric carbon, carefully managed biofuel and bioenergy supply chains are increasingly recognized as an opportunity for carbon sequestration in soils or geological reservoirs in addition to their climate change mitigation value via the displacement of fossil fuel use. Bioenergy involves the coupling of agricultural systems and industrial supply chains, and finding optimal system designs often requires navigating a fundamental tension between maximizing overall system productivity while simultaneously limiting the intensification of feedstock exploitation to sustainable levels. Bioenergy sustainability analyses are further complicated by strong spatial heterogeneities in feedstock production performance, fundamentally different emission mechanisms across the agricultural and industrial phases of the biofuel lifecycle, and the tendency to perform environmental assessments and economic analyses in isolation. Well-designed integrated assessments are necessary to identify the total amounts and time dynamics of sequestration possible in such systems, to put those results in context relative to other supply chain impacts, and to understand tradeoffs between various environmental impact criteria and production costs. This dissertation starts with a thorough review of the bioenergy lifecycle assessment (LCA) literature to identify outstanding climate impact accounting challenges and inform the integration of production cost estimates. Two integrated assessment case studies are then undertaken to identify low-cost opportunities for improving carbon sequestration at different points in the bioenergy supply chain. The first focuses on feedstock production, assessing the potential for increasing soil carbon sequestration in bioenergy landscapes based on the cultivation of perennial grasses. A spatially-explicit landscape analysis system is created around a newly-parameterized version of the DayCent biogeochemistry model, and switchgrass productivity and soil greenhouse gas balance are assessed across gradients of land quality and cultivation intensity in a real-world bioenergy landscape in western Kansas. Integrating these ecosystem simulation results with existing LCA, farm enterprise budget, and biomass transport models allows for the quantification of landscape level cost – mitigation tradeoffs under various system design strategies and policy constraints. The second case study focuses downstream in the supply chain, considering the use of low-value conversion co-products as soil amendments to improve agroecosystem sustainability. The biochar co-product from a hypothetical thermochemical conversion system in the Colorado Front Range is assessed using simplified models of biochar recalcitrance and agronomic benefits as a function of feedstock material and conversion method. Together, these case study results are illustrative of the potential costs of improving ecosystem-mediated carbon sequestration in bioenergy systems, and the ongoing work required for full global supply chain optimization.","2015","2024-10-06 15:34:27","2024-10-06 15:43:46","2024-10-06 15:34:27","","250","","","","","","","","","","Colorado State University","United States -- Colorado","English","Database copyright ProQuest LLC; ProQuest does not claim copyright in the individual underlying works.","Ph.D.","","","ProQuest","","ISBN: 9781339014913","","C:\Users\rache\Zotero\storage\XZ29GA2N\Field - Towards the systematic identification of low-cost .pdf","","","Alternative energy; Applied sciences; Biochar; Bioenergy; Biofuels; Biogeochemistry; Environmental management; Health and environmental sciences; Lifecycle assessment; Mechanical engineering","","","","","","","","","","","","","","","","","","","","","","","","","","","","","","","","","","","","","","","","","","","","","",""
"XNQNYYCV","thesis","2007","Begzsuren, Shurentuya","Integrated desertification assessment in Southern Mongolia","","","","","https://bonndoc.ulb.uni-bonn.de/xmlui/handle/20.500.11811/2743","The Bulgan soum in southern Mongolia is a part of the Gobi Three Beauty National Park. The territory is composed of arid and semi-arid desert, encompassing 720 000 ha. A desertification threat, which was virtually unknown for many years, has become a serious environmental problem in the last 20 years. Climatic variations, low variable rainfall, and dust storms overlaid by unsustainable human land-use practices, primarily poorly managed livestock grazing, are contributing to accelerated desertification.<br /> The primary objective of this study is to assess desertification based on soil, vegetation, climate and socio-economic indicators including modified soil adjusted vegetation index (MSAVI), topsoil grain size index (GSI), shrinkage of groundwater sources, and extent of sand movement. Those were directly derived from Landsat MSS, TM, and ETM remote sensing images for the growing season months for the years of 1973, 1990, 1991, 2002 and 2005. The results show that the MSAVI is highly correlated to aboveground plant biomass and indicates a general decrease in vegetation biomass, while GSI manifests topsoil coarsening over the last 25 years. <br /> In terms of climatic indicators, the historical climate records for the Bulgan soum show warming of approximately 0.7°C over the period 1970 to 2002. Drought occurs once every 2-3 years according to the SPI and Pedi indices (with 50% probability). The frequency of dust storms in the 1987-2002 period was about twice that during the period 1970-1986. There was however, no dust haze after 1994. Plant biomass was largely controlled by low variable rainfall, by dust storms, and temperature. Climate change scenarios, based on results from time series forecasting, indicate future warming by 0.05°C per year (with 37% probability) and by 0.4 dust storm frequencies per year (with 31% probability). It results in a decline of plant biomass of 2 kg ha<sup>-1</sup> yr<sup>-1</sup> (with 26% probability) that will likely to exacerbate desertification. <br /> In terms of the socio-economy of the herders, Chi-square tests show degradation classes to be associated with wealth groups, and the greater the livestock numbers, the greater the degradation. Large family size (triggers large stock numbers), older age, former herding households and decreased livestock moves were the causes of desertification. A time trend forecasting analysis projects an increase in livestock numbers (7000 standard stock units per year), particularly goats. <br /> In general, land degradation in the study area increased from 1990 to 2005, and 94% of the area is considered to be degraded to varying degrees. The slightly degraded class covered 12%, the moderate class 44% and the severely degraded class 38% of the Bulgan soum in 2005. Sand encroachments occurred in 35% of the landscape, which have increased by 19% since 1973. 1.7% of total groundwater bodies in 1973 completely disappeared in 2005. Furthermore, the area affected by desertification has increased; the rate of desertification has also accelerated from 1% in the 1990s to 2% in 2005.","2007","2024-10-06 15:34:41","2024-10-06 15:34:41","2024-10-06 15:34:41","","","","","","","","","","","","Universitäts- und Landesbibliothek Bonn","","eng","In Copyright","Thesis","","","bonndoc.ulb.uni-bonn.de","","Accepted: 2020-04-09T09:00:33Z","","C:\Users\rache\Zotero\storage\YJRTVHF7\Begzsuren - 2007 - Integrated desertification assessment in Southern .pdf","","","","","","","","","","","","","","","","","","","","","","","","","","","","","","","","","","","","","","","","","","","","","","","","",""
"FEI8MQUH","journalArticle","2016","Glenn, Edward P.; Jarchow, Christopher J.; Waugh, W. Joseph","Evapotranspiration dynamics and effects on groundwater recharge and discharge at an arid waste disposal site","Journal of Arid Environments","","0140-1963","10.1016/j.jaridenv.2016.05.003","https://www.sciencedirect.com/science/article/pii/S0140196316300957","Deserts have been used for waste disposal due to presumed low groundwater recharge. The US Department of Energy is evaluating groundwater flow and contaminant transport at a former uranium mill site near Tuba City, Arizona. They developed a groundwater flow model to determine how fast contaminants were moving towards a downgradient stream, Moenkopi Wash, used to irrigate crops. We used remote sensing algorithms and precipitation (PPT) data to estimate ET and the ET/PPT ratios within the 3513 ha groundwater model domain (GMD) from 2000 to 2012. ET and PPT were nearly balanced (125 mm yr−1 and 130 mm yr−1, respectively). However, seasonal and interannual variability in ET and PPT were out of phase. Spatial variability in vegetation differentiated areas where ET was less than PPT (potential recharge areas) from those where ET exceeded PPT (potential discharge areas) within the GMD. ET estimates predicted that 0.2 million cubic meters per year of groundwater contributed to surface flows in Moenkopi Wash, supported by measurements of streamflow at the upstream and downstream boundaries of the GMD. Even small differences between ET and PPT can influence groundwater flow, hence land use practices that enhance discharge through ET can be part of an overall remediation strategy.","2016-10-01","2024-10-06 15:34:53","2024-10-06 15:34:53","2024-10-06 15:34:53","1-9","","","133","","Journal of Arid Environments","","","","","","","","","","","","","ScienceDirect","","","","C:\Users\rache\Zotero\storage\CUWBNV6Z\S0140196316300957.html","","","Desert soil; Evapotranspiration; Grazing; Remote sensing; Uranium mill tailings; Water balance","","","","","","","","","","","","","","","","","","","","","","","","","","","","","","","","","","","","","","","","","","","","","",""
"WJDHYUB9","journalArticle","2012","Fensham, R. J.; Fairfax, R. J.; Dwyer, J. M.","Potential aboveground biomass in drought-prone forest used for rangeland pastoralism","Ecological Applications","","1939-5582","10.1890/11-1123.1","https://onlinelibrary.wiley.com/doi/abs/10.1890/11-1123.1","The restoration of cleared dry forest represents an important opportunity to sequester atmospheric carbon. In order to account for this potential, the influences of climate, soils, and disturbance need to be deciphered. A data set spanning a region defined the aboveground biomass of mulga (Acacia aneura) dry forest and was analyzed in relation to climate and soil variables using a Bayesian model averaging procedure. Mean annual rainfall had an overwhelmingly strong positive effect, with mean maximum temperature (negative) and soil depth (positive) also important. The data were collected after a recent drought, and the amount of recent tree mortality was weakly positively related to a measure of three-year rainfall deficit, and maximum temperature (positive), soil depth (negative), and coarse sand (negative). A grazing index represented by the distance of sites to watering points was not incorporated by the models. Stark management contrasts, including grazing exclosures, can represent a substantial part of the variance in the model predicting biomass, but the impact of management was unpredictable and was insignificant in the regional data set. There was no evidence of density-dependent effects on tree mortality. Climate change scenarios represented by the coincidence of historical extreme rainfall deficit with extreme temperature suggest mortality of 30.1% of aboveground biomass, compared to 21.6% after the recent (2003–2007) drought. Projections for recovery of forest using a mapping base of cleared areas revealed that the greatest opportunities for restoration of aboveground biomass are in the higher-rainfall areas, where biomass accumulation will be greatest and droughts are less intense. These areas are probably the most productive for rangeland pastoralism, and the trade-off between pastoral production and carbon sequestration will be determined by market forces and carbon-trading rules.","2012","2024-10-06 15:35:18","2024-10-06 15:35:18","2024-10-06 15:35:18","894-908","","3","22","","","","","","","","","","en","© 2012 by the Ecological Society of America","","","","Wiley Online Library","","_eprint: https://onlinelibrary.wiley.com/doi/pdf/10.1890/11-1123.1","","C:\Users\rache\Zotero\storage\AF5HIAXK\Fensham et al. - 2012 - Potential aboveground biomass in drought-prone for.pdf; C:\Users\rache\Zotero\storage\9NKHX263\11-1123.html","","","Acacia aneura; Australia; biomass; carbon accounting; carbon sequestration; drought; dry forest; grazing; mulga; tree mortality","","","","","","","","","","","","","","","","","","","","","","","","","","","","","","","","","","","","","","","","","","","","","",""
"K5EUI5DR","thesis","2015","Tipton, Crystal Yates-White","Improving state-and-transition models for management of sagebrush steppe ecosystems","","","","","https://api.mountainscholar.org/server/api/core/bitstreams/3a3c10cb-62fa-4ccd-8469-1a7844ff0b7d/content","","2015","2024-10-06 15:37:38","2024-10-06 15:46:53","2024-10-06","","","","","","","","","","","","Colorado State University","","en","","Master's Thesis","","","Zotero","","","","C:\Users\rache\Zotero\storage\ESVT8NTI\Collins - For the Degree of Master of Science.pdf","","","","","","","","","","","","","","","","","","","","","","","","","","","","","","","","","","","","","","","","","","","","","","","","",""
"K22IPBBX","journalArticle","2021","Giddens, Jonathan","The effects of precipitation, tree size, and stand density on water use and drought tolerance of eastern redcedar in Oklahoma, USA","","","","","https://shareok.org/handle/11244/329584","Plant woody encroachment and its effects on the local water budget have become of increasing concern globally as woody plants continue to expand their geographic range into grasslands at a faster rate each year. In the Great Plains Region of the United States, woody plant encroachment has begun to replace native grasslands at an accelerating rate. The replacement of native grassland species with woody plants, such as trees and shrubs, affects the local water budget due to increased rooting depth and altered landscape phenology. Eastern redcedar (ERC, Juniperus virginiana, L.) is an evergreen tree that remains physiologically active year-round and is considered one of the fastest encroaching species in the Great Plains, converting grasslands into closed canopy forests in as little as 60 years. 	In Chapter 2 I aimed to identify the source of ERC water uptake, including groundwater, along a precipitation gradient in Oklahoma using stable hydrogen and oxygen isotopes from stem, soil, and groundwater samples. This will allow us to predict how ERC may respond to a changing climate that is predicted to be warmer and drier. As ERC expands its range, it is already thriving in areas that were historically unsuitable. In Chapter 3 I assess how ERC cellular and tree level water stress and stress tolerance varies with tree size in a sparsely versus highly encroached stand. Further, in chapter 4, I quantify transpiration of ERC at the tree and canopy level among ERC of varying size and density using Granier style thermal heat dissipation probes. As the replacement of native grasses with woody plants becomes increasingly common, it will be important to understand how the function of encroaching plants is shaped by environmental pressures.","2021-05-14","2024-10-06 15:37:46","2024-10-06 15:37:46","2024-10-06 15:37:46","","","","","","","","","","","","","","en_US","Attribution-NoDerivatives 4.0 International","","","","shareok.org","","Accepted: 2021-05-14T19:46:25Z","","C:\Users\rache\Zotero\storage\6ESFZCF9\Giddens - 2021 - The effects of precipitation, tree size, and stand.pdf","","","","","","","","","","","","","","","","","","","","","","","","","","","","","","","","","","","","","","","","","","","","","","","","",""
"U9W9TAE8","thesis","2014","Shepard, Christopher","Soil modulation of ecosystem response to climate forcing and change across the US Desert Southwest","","","","","https://www.proquest.com/docview/1552739901/abstract/27C2FB96B90443AEPQ/1","The dryland ecosystems of the US Desert Southwest (SW) are dependent on soil moisture for aboveground productivity; the generation of soil moisture in the SW is dependent on both soil physical properties and climate forcing. This study is one of the first regional point-scale analyses that explores the role of soil physical properties in modulating aboveground vegetation dynamics in response to climate forcing in the SW. Soil texture accounted for significant differences in average aboveground primary productivity across the SW. However, soil texture could not account for differences in inter-annual aboveground productivity variation across the SW. Subsurface soil texture was tightly coupled with precipitation seasonality in accounting for differences in long-term average seasonal aboveground productivity in the Mojave and Sonoran Deserts. The results of this study indicate that the subsurface is a significant factor in modulating aboveground primary productivity, and needs to be included in future modeling exercises of dryland ecosystem response to climate forcing and change.","2014","2024-10-06 15:38:01","2024-10-06 15:42:00","2024-10-06 15:38:01","","114","","","","","","","","","","The University of Arizona","United States -- Arizona","English","Database copyright ProQuest LLC; ProQuest does not claim copyright in the individual underlying works.","M.S.","","","ProQuest","","ISBN: 9781303961137","","C:\Users\rache\Zotero\storage\WZ4E5TA7\Shepard - Soil modulation of ecosystem response to climate f.pdf","","","Aboveground productivity; Biological sciences; Dryland; Soil sciences; Soil texture; Subsurface; US Southwest","","","","","","","","","","","","","","","","","","","","","","","","","","","","","","","","","","","","","","","","","","","","","",""
"W5HAWQRR","thesis","2003","Ogle, Kiona","Desert dogma revisited: Physiological and growth responses of Larrea tridentata (Creosotebush) to annual, seasonal, and pulse precipitation","","","","","https://www.proquest.com/docview/305351316/abstract/C33F17185CA24817PQ/1","The purpose of this study is to examine how changes in annual precipitation, its seasonal distribution, and its intra- and interannual variability might alter the structure and function of arid and semiarid plant communities. This general issue is addressed in an integrative way, using creosotebush (Larrea tridentata) as a model system and by coupling field studies and quantitative models. There are a paucity of field studies on this ecologically important species, yet there are numerous dogma regarding its ability to cope with its harsh, xeric environment. This motivated the work here, which reevaluates some key tenets associated with the physiology and growth of Larrea. To do this, a field study was conducted in New Mexico at the Jornada Long-Term Ecological Research (LTER) site in the northern Chihuahuan Desert. The field experiment encompassed a diversity of abiotic conditions and measured leaf-level gas exchange and stomatal behavior and evaluated root area and water uptake dynamics. Based on these data (and data from the literature), mathematical and statistical models of the aboveground (stomatal behavior, photosynthesis), belowground (root water uptake, root area dynamics), and whole-plant (growth, allocation, carbon and water balance) processes were developed to render a more integrated understanding of Larrea's primary production. The study uses the results for Larrea and synthesizes information from the literature to develop a conceptual model of how different desert plant functional types respond to precipitation variability. The results indicate that the timing, frequency, and magnitude of rainfall at the annual and especially seasonal and individual storm scales are critical to the short- and long-term physiological and growth dynamics of Larrea and other desert plant functional types. This study provides a comprehensive, mechanistic framework for inferring how arid and semiarid plants and plant communities will potentially respond to climate change, especially with regard to shifting precipitation patterns.","2003","2024-10-06 15:38:14","2024-10-06 15:43:02","2024-10-06 15:38:14","","267","","","","","Desert dogma revisited","","","","","Duke University","United States -- North Carolina","English","Database copyright ProQuest LLC; ProQuest does not claim copyright in the individual underlying works.","Ph.D.","","","ProQuest","","ISBN: 9780496624706","","C:\Users\rache\Zotero\storage\WKY43HS7\Ogle - Desert dogma revisited Physiological and growth r.pdf","","","Biological sciences; Botany; Creosotebush; Desert; Ecology; Larrea tridentata; Precipitation","","","","","","","","","","","","","","","","","","","","","","","","","","","","","","","","","","","","","","","","","","","","","",""
"U6QYK9KY","thesis","2010","Winter, Stephen L.","The interaction of fire and grazing in Oklahoma Artemisia filifolia shrubland","","","","","https://www.proquest.com/docview/855634233/abstract/A9A111F7D6FB4E72PQ/1","Scope and method of study. We conducted research in Artemisia filifolia shrublands located in Woodward County, Oklahoma to determine the effect of restoring the fire-grazing interaction on vegetation structure. Data were collected for three years (2006, 2007 and 2008) in replicated pastures grazed by cattle (Bos taurus) where the fire-grazing interaction had been restored (treatment pastures) and in pastures that were grazed but remained unburned (control pastures). Findings and conclusions. Vegetation structure in Artemisia filifolia shrublands of our study site was readily altered by the fire-grazing interaction but also demonstrated substantial resilience to these effects. Most measurements of vegetation structure returned to levels characteristic of unburned sites within one to four years after being burned. The fire-grazing interaction changed the total amount of heterogeneity characterizing this system, the scale at which heterogeneity in this system was expressed and the amount of heterogeneity expressed through time. Landscapes at our study site were characterized by an inherent amount of heterogeneity in vegetation structure due to variability in topoedaphic sites while the fire-grazing interaction superimposed an additional layer of heterogeneity.","2010","2024-10-06 15:38:28","2024-10-06 15:39:31","2024-10-06 15:38:28","","117","","","","","","","","","","Oklahoma State University","United States -- Oklahoma","English","Database copyright ProQuest LLC; ProQuest does not claim copyright in the individual underlying works.","Ph.D.","","","ProQuest","","ISBN: 9781124487342","","C:\Users\rache\Zotero\storage\G73NPCSA\Winter - The interaction of fire and grazing in Oklahoma Ar.pdf","","","Artemisia filifolia; Biological sciences; Botany; Disturbance; Ecology; Fire and grazing interaction; Great plains; Health and environmental sciences; Heterogeneity; Natural resource management; Patch-burn; Plant biology; Pyric herbivory; Sagebrush","","","","","","","","","","","","","","","","","","","","","","","","","","","","","","","","","","","","","","","","","","","","","",""
"PCZA6G2V","thesis","2006","Kurc, Shirley Anne","Dynamics and controls of ecosystem scale water, carbon, and energy cycling at semiarid grassland and shrubland","","","","","https://www.proquest.com/docview/305352702/abstract/76299FC238484E00PQ/1","Woody plants are invasive to native grasslands in arid and semiarid areas worldwide. Substantial changes in the water, carbon, and energy cycles are expected to accompany these woody invasions. At the Sevilleta National Wildlife Refuge in central New Mexico, the native grassland site is only about 2 km from the shrubland site. Because these sites are close together, differences in precipitation, incoming solar radiation, and other hydroclimatological factors are minimized. This allows for direct comparison of temporal variations in water, carbon, and energy, and the factors that control these variations between shrubland and grassland. Multi-year observations of ecosystem scale flux measurements are made using either the Bowen ratio method or the eddy covariance method, each accompanied by measurements of precipitation, soil moisture and radiation. The research presented here falls into three parts. First, we measured temporal fluctuations of evapotranspiration (ET) and identified key sources of the observed variability as a means to understand the coupled water and energy cycles in both semiarid grassland and shrubland. We show that timescales involved with the dynamics of ET are short, on the order of three days, largely because ET is strongly correlated with surface soil moisture. Second, having identified soil moisture distribution as the key link between hydrologic and ecologic processes in semiarid grassland and shrubland, we used ecosystem scale flux measurements to demonstrate how soil moisture influences respiration and assimilation. We show that timescales associated with assimilation are on the order of months and that assimilation is correlated with deep soil moisture. Additionally we show that timescales related to respiration just after rainstorms are short, which suggests a surface soil moisture control. Third, using our newly acquired knowledge of the relationships between soil moisture and the water and carbon cycles, we improved a well known simple hydro-ecological model based on vertically averaged root zone soil moisture by dividing the root zone into two layers: a shallow surface zone and a deep zone. Although the root zone model generates a reasonable assimilation time series, ET and respiration are better modeled with the addition of a separate surface soil moisture reservoir.","2006","2024-10-06 15:38:39","2024-10-06 15:38:39","2024-10-06 15:38:39","","169","","","","","","","","","","University of Colorado at Boulder","United States -- Colorado","English","Database copyright ProQuest LLC; ProQuest does not claim copyright in the individual underlying works.","Ph.D.","","","ProQuest","","ISBN: 9780542684609","","C:\Users\rache\Zotero\storage\FFVK3T6I\Kurc - 2006 - Dynamics and controls of ecosystem scale water, ca.pdf","","","Biogeochemistry; Bowen ratio; Carbon cycle; Earth sciences; Ecological models; Ecosystems; Energy; Environmental science; Evapotranspiration; Grassland; Grasslands; Health and environmental sciences; Invasive plants; Moisture control; Rainstorms; Respiration; Root zone; Semiarid; Shrubland; Shrublands; Soil moisture; Soil surfaces; Solar radiation; Water; Wildlife; Wildlife refuges; Woody plants","","","","","","","","","","","","","","","","","","","","","","","","","","","","","","","","","","","","","","","","","","","","","",""
"WJNIZ7P8","journalArticle","2018","Tipton, C. Y.; Ocheltree, T. W.; Mueller, K. E.; Turk, P.; Fernández‐Giménez, M. E.","Revision of a state‐and‐transition model to include descriptions of state functional attributes","Ecosphere","","2150-8925, 2150-8925","10.1002/ecs2.2201","https://esajournals.onlinelibrary.wiley.com/doi/10.1002/ecs2.2201","Abstract                            Successful conservation of ecosystems and ecosystem services requires understanding the structural–functional relationships underlying resilience to disturbance pressures. State‐and‐transition models (               STM               s) are box‐and‐arrow diagrams conceptualizing system resilience, but many               STM               s lack functional descriptions. For a cattle‐grazed sagebrush steppe ecosystem in northwestern Colorado, we aimed to update an existing               STM               by incorporating functional descriptions of the states to inform future hypotheses. In this               STM               , a diverse set of native perennial understory plants define a Diverse state, but long‐term exclusion of disturbances to sagebrush results in a shift to a               Depauperate               state with increased bare ground interspaces and sagebrush dominance. We hypothesized that herbaceous species were inferior competitors to sagebrush over the long term for soil nitrogen. To examine evidence for this hypothesis, develop functional descriptions of the               Diverse               and               Depauperate               states, and identify more specific hypotheses for future studies, we measured the following: the mass, C:N, and distribution of the litter layer; nitrogen mineralization rates; nitrate pools; and soil attributes on plots classified as               Diverse               (               n                = 5) or               Depauperate               (               n                = 5). Plots in the               Depauperate               state had ~20% higher soil bulk density, half the clay and soil moisture concentrations, and 30% lower percent soil nitrogen compared to               Diverse               state plots; litter layer patchiness was nearly three times greater on the               Depauperate               plots than on the               Diverse               plots, but there was no significant difference between states in mean litter layer mass or C:N. We detected no significant differences between states in nitrogen mineralization rates or nitrate pools. This may be due to our sampling design, which examined nitrogen transformation at the plot level rather than at microsites within the plots, or it may be that another resource such as soil moisture is more limiting than nitrogen. Differences in soil texture between plots in the               Diverse               and               Depauperate               states may indirectly influence the competitive interactions between sagebrush and native herbaceous understory by controlling available soil resources. These results suggest that the vulnerability of sagebrush steppe ecosystems to state changes may be dependent on soil texture, which is highly variable across this broadly distributed ecosystem. Based on these insights, we present a revised               STM               and propose future work.","2018-05","2024-10-06 15:41:38","2024-10-06 15:41:38","2024-10-06 15:41:38","e02201","","5","9","","Ecosphere","","","","","","","","en","","","","","DOI.org (Crossref)","","","","C:\Users\rache\Zotero\storage\3GVUMC73\Ecosphere - 2018 - Tipton - Revision of a state‐and‐transition model to include descriptions of state functional attributes.pdf","","","","","","","","","","","","","","","","","","","","","","","","","","","","","","","","","","","","","","","","","","","","","","","","",""